source_scenario,accepted_mass_fraction_of_clinker_streams,accepted_mass_kg_per_FU,lower_direct_credit_kgCO2eq_per_FU,upper_direct_credit_kgCO2eq_per_FU,uniform_mass_proxy_direct_credit,lower_Delta_max,upper_Delta_max,uniform_mass_proxy_Delta_max,climate_identification_if_Delta0
laboratory_scale_2023,0.0,0.0,0.0,0.0,0.0,-22.523319861289494,-22.523319861289494,-22.523319861289494,no_benefit_under_any_stream_composition
laboratory_scale_2023,0.001,0.40793,0.06837661800294194,0.11739899392163039,0.09690099999999997,-22.45494324328655,-22.405920867367865,-22.426418861289495,no_benefit_under_any_stream_composition
laboratory_scale_2023,0.002,0.81586,0.13675323600588388,0.23479798784326078,0.19380199999999995,-22.38656662528361,-22.288521873446232,-22.329517861289492,no_benefit_under_any_stream_composition
laboratory_scale_2023,0.003,1.22379,0.20512985400882577,0.3521969817648911,0.29070299999999993,-22.31819000728067,-22.171122879524603,-22.232616861289493,no_benefit_under_any_stream_composition
laboratory_scale_2023,0.004,1.63172,0.27350647201176775,0.46959597568652156,0.3876039999999999,-22.249813389277726,-22.053723885602974,-22.135715861289494,no_benefit_under_any_stream_composition
laboratory_scale_2023,0.005,2.03965,0.3418830900147096,0.5869949696081519,0.48450499999999985,-22.181436771274782,-21.93632489168134,-22.038814861289495,no_benefit_under_any_stream_composition
laboratory_scale_2023,0.006,2.44758,0.41025970801765155,0.7043939635297822,0.5814059999999999,-22.113060153271842,-21.818925897759712,-21.941913861289493,no_benefit_under_any_stream_composition
laboratory_scale_2023,0.007,2.85551,0.4786363260205935,0.8217929574514128,0.6783069999999999,-22.0446835352689,-21.70152690383808,-21.845012861289494,no_benefit_under_any_stream_composition
laboratory_scale_2023,0.008,3.26344,0.5470129440235355,0.9391919513730431,0.7752079999999998,-21.97630691726596,-21.58412790991645,-21.748111861289495,no_benefit_under_any_stream_composition
laboratory_scale_2023,0.009,3.67137,0.6153895620264774,1.0565909452946733,0.8721089999999998,-21.907930299263015,-21.46672891599482,-21.651210861289496,no_benefit_under_any_stream_composition
laboratory_scale_2023,0.01,4.0793,0.6837661800294192,1.1739899392163038,0.9690099999999997,-21.839553681260075,-21.34932992207319,-21.554309861289493,no_benefit_under_any_stream_composition
laboratory_scale_2023,0.011,4.48723,0.7521427980323613,1.2913889331379342,1.0659109999999998,-21.77117706325713,-21.23193092815156,-21.457408861289494,no_benefit_under_any_stream_composition
laboratory_scale_2023,0.012,4.89516,0.8205194160353031,1.4087879270595645,1.1628119999999997,-21.70280044525419,-21.11453193422993,-21.360507861289495,no_benefit_under_any_stream_composition
laboratory_scale_2023,0.013,5.30309,0.8888960340382451,1.526186920981195,1.2597129999999996,-21.634423827251247,-20.997132940308298,-21.263606861289496,no_benefit_under_any_stream_composition
laboratory_scale_2023,0.014,5.71102,0.957272652041187,1.6435859149028256,1.3566139999999998,-21.566047209248307,-20.87973394638667,-21.166705861289493,no_benefit_under_any_stream_composition
laboratory_scale_2023,0.015,6.11895,1.0256492700441289,1.7609849088244558,1.4535149999999994,-21.497670591245367,-20.76233495246504,-21.069804861289494,no_benefit_under_any_stream_composition
laboratory_scale_2023,0.016,6.52688,1.094025888047071,1.8783839027460862,1.5504159999999996,-21.429293973242423,-20.644935958543407,-20.972903861289495,no_benefit_under_any_stream_composition
laboratory_scale_2023,0.017,6.934810000000001,1.162402506050013,1.9957828966677167,1.6473169999999997,-21.36091735523948,-20.527536964621778,-20.876002861289493,no_benefit_under_any_stream_composition
laboratory_scale_2023,0.018,7.34274,1.2307791240529549,2.1131818905893467,1.7442179999999996,-21.29254073723654,-20.41013797070015,-20.779101861289494,no_benefit_under_any_stream_composition
laboratory_scale_2023,0.019,7.75067,1.2991557420558968,2.2305808845109776,1.8411189999999997,-21.224164119233595,-20.292738976778516,-20.682200861289495,no_benefit_under_any_stream_composition
laboratory_scale_2023,0.02,8.1586,1.3675323600588385,2.3479798784326076,1.9380199999999994,-21.155787501230655,-20.175339982856887,-20.585299861289496,no_benefit_under_any_stream_composition
laboratory_scale_2023,0.021,8.56653,1.4359089780617806,2.465378872354238,2.0349209999999998,-21.08741088322771,-20.057940988935258,-20.488398861289493,no_benefit_under_any_stream_composition
laboratory_scale_2023,0.022,8.97446,1.5042855960647226,2.5827778662758685,2.1318219999999997,-21.01903426522477,-19.940541995013625,-20.391497861289494,no_benefit_under_any_stream_composition
laboratory_scale_2023,0.023,9.38239,1.5726622140676643,2.7001768601974985,2.228722999999999,-20.95065764722183,-19.823143001091996,-20.294596861289495,no_benefit_under_any_stream_composition
laboratory_scale_2023,0.024,9.79032,1.6410388320706062,2.817575854119129,2.3256239999999995,-20.882281029218888,-19.705744007170367,-20.197695861289496,no_benefit_under_any_stream_composition
laboratory_scale_2023,0.025,10.19825,1.7094154500735483,2.9349748480407594,2.4225249999999994,-20.813904411215944,-19.588345013248734,-20.100794861289494,no_benefit_under_any_stream_composition
laboratory_scale_2023,0.026,10.60618,1.7777920680764903,3.05237384196239,2.5194259999999993,-20.745527793213004,-19.470946019327105,-20.003893861289495,no_benefit_under_any_stream_composition
laboratory_scale_2023,0.027,11.01411,1.8461686860794322,3.1697728358840207,2.6163269999999996,-20.67715117521006,-19.353547025405472,-19.906992861289496,no_benefit_under_any_stream_composition
laboratory_scale_2023,0.028,11.42204,1.914545304082374,3.287171829805651,2.7132279999999995,-20.60877455720712,-19.236148031483843,-19.810091861289493,no_benefit_under_any_stream_composition
laboratory_scale_2023,0.029,11.82997,1.9829219220853158,3.404570823727281,2.8101289999999994,-20.540397939204176,-19.118749037562214,-19.713190861289494,no_benefit_under_any_stream_composition
laboratory_scale_2023,0.03,12.2379,2.0512985400882577,3.5219698176489116,2.907029999999999,-20.472021321201236,-19.00135004364058,-19.616289861289495,no_benefit_under_any_stream_composition
laboratory_scale_2023,0.031,12.64583,2.1196751580911997,3.639368811570542,3.0039309999999997,-20.403644703198296,-18.883951049718952,-19.519388861289492,no_benefit_under_any_stream_composition
laboratory_scale_2023,0.032,13.05376,2.188051776094142,3.7567678054921725,3.100831999999999,-20.335268085195352,-18.76655205579732,-19.422487861289493,no_benefit_under_any_stream_composition
laboratory_scale_2023,0.033,13.46169,2.256428394097084,3.874166799413803,3.1977329999999995,-20.26689146719241,-18.64915306187569,-19.325586861289494,no_benefit_under_any_stream_composition
laboratory_scale_2023,0.034,13.869620000000001,2.324805012100026,3.9915657933354334,3.2946339999999994,-20.19851484918947,-18.53175406795406,-19.228685861289495,no_benefit_under_any_stream_composition
laboratory_scale_2023,0.035,14.277550000000002,2.393181630102968,4.108964787257064,3.3915349999999997,-20.130138231186525,-18.41435507403243,-19.131784861289493,no_benefit_under_any_stream_composition
laboratory_scale_2023,0.036,14.68548,2.4615582481059097,4.226363781178693,3.488435999999999,-20.061761613183585,-18.2969560801108,-19.034883861289494,no_benefit_under_any_stream_composition
laboratory_scale_2023,0.037,15.09341,2.5299348661088517,4.343762775100324,3.5853369999999996,-19.99338499518064,-18.17955708618917,-18.937982861289495,no_benefit_under_any_stream_composition
laboratory_scale_2023,0.038,15.50134,2.5983114841117936,4.461161769021955,3.6822379999999995,-19.9250083771777,-18.062158092267538,-18.841081861289496,no_benefit_under_any_stream_composition
laboratory_scale_2023,0.039,15.909270000000001,2.6666881021147355,4.578560762943585,3.779139,-19.856631759174757,-17.94475909834591,-18.744180861289493,no_benefit_under_any_stream_composition
laboratory_scale_2023,0.04,16.3172,2.735064720117677,4.695959756865215,3.876039999999999,-19.788255141171817,-17.82736010442428,-18.647279861289494,no_benefit_under_any_stream_composition
laboratory_scale_2023,0.041,16.72513,2.8034413381206194,4.813358750786846,3.972940999999999,-19.719878523168873,-17.709961110502647,-18.550378861289495,no_benefit_under_any_stream_composition
laboratory_scale_2023,0.042,17.13306,2.8718179561235613,4.930757744708476,4.0698419999999995,-19.651501905165933,-17.592562116581018,-18.453477861289493,no_benefit_under_any_stream_composition
laboratory_scale_2023,0.043,17.54099,2.940194574126503,5.048156738630107,4.166742999999999,-19.58312528716299,-17.47516312265939,-18.356576861289494,no_benefit_under_any_stream_composition
laboratory_scale_2023,0.044,17.94892,3.008571192129445,5.165555732551737,4.263643999999999,-19.51474866916005,-17.357764128737756,-18.259675861289494,no_benefit_under_any_stream_composition
laboratory_scale_2023,0.045,18.356849999999998,3.0769478101323866,5.282954726473367,4.360544999999998,-19.446372051157105,-17.240365134816127,-18.162774861289495,no_benefit_under_any_stream_composition
laboratory_scale_2023,0.046,18.76478,3.1453244281353285,5.400353720394997,4.457445999999998,-19.377995433154165,-17.122966140894498,-18.065873861289496,no_benefit_under_any_stream_composition
laboratory_scale_2023,0.047,19.17271,3.2137010461382705,5.517752714316628,4.554346999999999,-19.309618815151225,-17.005567146972865,-17.968972861289494,no_benefit_under_any_stream_composition
laboratory_scale_2023,0.048,19.58064,3.2820776641412124,5.635151708238258,4.651247999999999,-19.24124219714828,-16.888168153051236,-17.872071861289495,no_benefit_under_any_stream_composition
laboratory_scale_2023,0.049,19.98857,3.3504542821441543,5.752550702159889,4.748148999999999,-19.172865579145338,-16.770769159129607,-17.775170861289496,no_benefit_under_any_stream_composition
laboratory_scale_2023,0.05,20.3965,3.4188309001470967,5.869949696081519,4.845049999999999,-19.104488961142398,-16.653370165207974,-17.678269861289493,no_benefit_under_any_stream_composition
laboratory_scale_2023,0.051,20.80443,3.4872075181500386,5.98734869000315,4.9419509999999995,-19.036112343139454,-16.535971171286345,-17.581368861289494,no_benefit_under_any_stream_composition
laboratory_scale_2023,0.052,21.21236,3.5555841361529805,6.10474768392478,5.0388519999999986,-18.967735725136514,-16.418572177364716,-17.484467861289495,no_benefit_under_any_stream_composition
laboratory_scale_2023,0.053,21.62029,3.6239607541559224,6.2221466778464105,5.135752999999999,-18.89935910713357,-16.301173183443083,-17.387566861289493,no_benefit_under_any_stream_composition
laboratory_scale_2023,0.054,22.02822,3.6923373721588644,6.339545671768041,5.232653999999999,-18.83098248913063,-16.18377418952145,-17.290665861289494,no_benefit_under_any_stream_composition
laboratory_scale_2023,0.055,22.43615,3.7607139901618063,6.456944665689671,5.329555,-18.762605871127686,-16.06637519559982,-17.193764861289495,no_benefit_under_any_stream_composition
laboratory_scale_2023,0.056,22.84408,3.829090608164748,6.574343659611302,5.426455999999999,-18.694229253124746,-15.948976201678192,-17.096863861289496,no_benefit_under_any_stream_composition
laboratory_scale_2023,0.057,23.252010000000002,3.8974672261676906,6.691742653532932,5.523356999999999,-18.625852635121802,-15.831577207756562,-16.999962861289497,no_benefit_under_any_stream_composition
laboratory_scale_2023,0.058,23.65994,3.9658438441706316,6.809141647454562,5.620257999999999,-18.557476017118862,-15.71417821383493,-16.903061861289494,no_benefit_under_any_stream_composition
laboratory_scale_2023,0.059,24.06787,4.0342204621735736,6.926540641376192,5.717158999999999,-18.489099399115922,-15.596779219913302,-16.806160861289495,no_benefit_under_any_stream_composition
laboratory_scale_2023,0.06,24.4758,4.1025970801765155,7.043939635297823,5.814059999999998,-18.42072278111298,-15.47938022599167,-16.709259861289496,no_benefit_under_any_stream_composition
laboratory_scale_2023,0.061,24.88373,4.170973698179457,7.161338629219453,5.910960999999999,-18.352346163110035,-15.36198123207004,-16.612358861289493,no_benefit_under_any_stream_composition
laboratory_scale_2023,0.062,25.29166,4.239350316182399,7.278737623141084,6.007861999999999,-18.283969545107094,-15.24458223814841,-16.515457861289494,no_benefit_under_any_stream_composition
laboratory_scale_2023,0.063,25.69959,4.307726934185342,7.396136617062714,6.104762999999999,-18.21559292710415,-15.12718324422678,-16.418556861289495,no_benefit_under_any_stream_composition
laboratory_scale_2023,0.064,26.10752,4.376103552188284,7.513535610984345,6.201663999999998,-18.14721630910121,-15.009784250305149,-16.321655861289496,no_benefit_under_any_stream_composition
laboratory_scale_2023,0.065,26.51545,4.444480170191226,7.630934604905975,6.298564999999999,-18.078839691098267,-14.89238525638352,-16.224754861289494,no_benefit_under_any_stream_composition
laboratory_scale_2023,0.066,26.92338,4.512856788194168,7.748333598827606,6.395465999999999,-18.010463073095327,-14.774986262461887,-16.127853861289495,no_benefit_under_any_stream_composition
laboratory_scale_2023,0.067,27.331310000000002,4.58123340619711,7.865732592749236,6.492366999999999,-17.942086455092383,-14.657587268540258,-16.030952861289496,no_benefit_under_any_stream_composition
laboratory_scale_2023,0.068,27.739240000000002,4.649610024200052,7.983131586670867,6.589267999999999,-17.873709837089443,-14.540188274618627,-15.934051861289495,no_benefit_under_any_stream_composition
laboratory_scale_2023,0.069,28.147170000000003,4.717986642202994,8.100530580592498,6.686169,-17.8053332190865,-14.422789280696996,-15.837150861289494,no_benefit_under_any_stream_composition
laboratory_scale_2023,0.07,28.555100000000003,4.786363260205936,8.217929574514129,6.7830699999999995,-17.73695660108356,-14.305390286775365,-15.740249861289495,no_benefit_under_any_stream_composition
laboratory_scale_2023,0.071,28.96303,4.854739878208877,8.335328568435758,6.879970999999999,-17.66857998308062,-14.187991292853736,-15.643348861289494,no_benefit_under_any_stream_composition
laboratory_scale_2023,0.072,29.37096,4.9231164962118195,8.452727562357387,6.976871999999998,-17.600203365077675,-14.070592298932107,-15.546447861289495,no_benefit_under_any_stream_composition
laboratory_scale_2023,0.073,29.77889,4.991493114214761,8.570126556279018,7.073772999999998,-17.53182674707473,-13.953193305010476,-15.449546861289495,no_benefit_under_any_stream_composition
laboratory_scale_2023,0.074,30.18682,5.059869732217703,8.687525550200649,7.170673999999999,-17.46345012907179,-13.835794311088845,-15.352645861289496,no_benefit_under_any_stream_composition
laboratory_scale_2023,0.075,30.59475,5.128246350220645,8.80492454412228,7.267574999999998,-17.395073511068848,-13.718395317167214,-15.255744861289497,no_benefit_under_any_stream_composition
laboratory_scale_2023,0.076,31.00268,5.196622968223587,8.92232353804391,7.364475999999999,-17.326696893065908,-13.600996323245583,-15.158843861289494,no_benefit_under_any_stream_composition
laboratory_scale_2023,0.077,31.410610000000002,5.264999586226529,9.03972253196554,7.461376999999999,-17.258320275062964,-13.483597329323954,-15.061942861289495,no_benefit_under_any_stream_composition
laboratory_scale_2023,0.078,31.818540000000002,5.333376204229471,9.15712152588717,7.558278,-17.189943657060024,-13.366198335402323,-14.965041861289494,no_benefit_under_any_stream_composition
laboratory_scale_2023,0.079,32.22647,5.401752822232412,9.2745205198088,7.655178999999999,-17.121567039057084,-13.248799341480694,-14.868140861289495,no_benefit_under_any_stream_composition
laboratory_scale_2023,0.08,32.6344,5.470129440235354,9.39191951373043,7.752079999999998,-17.05319042105414,-13.131400347559063,-14.771239861289496,no_benefit_under_any_stream_composition
laboratory_scale_2023,0.081,33.04233,5.538506058238296,9.509318507652061,7.848980999999998,-16.984813803051196,-13.014001353637433,-14.674338861289495,no_benefit_under_any_stream_composition
laboratory_scale_2023,0.082,33.45026,5.606882676241239,9.626717501573692,7.945881999999998,-16.916437185048256,-12.896602359715802,-14.577437861289496,no_benefit_under_any_stream_composition
laboratory_scale_2023,0.083,33.85819,5.675259294244181,9.744116495495321,8.042782999999998,-16.848060567045312,-12.779203365794173,-14.480536861289496,no_benefit_under_any_stream_composition
laboratory_scale_2023,0.084,34.26612,5.7436359122471226,9.861515489416952,8.139683999999999,-16.779683949042372,-12.661804371872542,-14.383635861289495,no_benefit_under_any_stream_composition
laboratory_scale_2023,0.085,34.67405,5.8120125302500645,9.978914483338583,8.236584999999998,-16.71130733103943,-12.54440537795091,-14.286734861289496,no_benefit_under_any_stream_composition
laboratory_scale_2023,0.086,35.08198,5.880389148253006,10.096313477260214,8.333485999999999,-16.64293071303649,-12.42700638402928,-14.189833861289495,no_benefit_under_any_stream_composition
laboratory_scale_2023,0.087,35.48991,5.948765766255948,10.213712471181843,8.430386999999998,-16.574554095033545,-12.30960739010765,-14.092932861289496,no_benefit_under_any_stream_composition
laboratory_scale_2023,0.088,35.89784,6.01714238425889,10.331111465103474,8.527287999999999,-16.506177477030604,-12.19220839618602,-13.996031861289495,no_benefit_under_any_stream_composition
laboratory_scale_2023,0.089,36.30577,6.085519002261832,10.448510459025105,8.624189,-16.43780085902766,-12.074809402264389,-13.899130861289494,no_benefit_under_any_stream_composition
laboratory_scale_2023,0.09,36.713699999999996,6.153895620264773,10.565909452946734,8.721089999999997,-16.36942424102472,-11.95741040834276,-13.802229861289497,no_benefit_under_any_stream_composition
laboratory_scale_2023,0.091,37.121629999999996,6.222272238267715,10.683308446868363,8.817990999999997,-16.30104762302178,-11.84001141442113,-13.705328861289496,no_benefit_under_any_stream_composition
laboratory_scale_2023,0.092,37.52956,6.290648856270657,10.800707440789994,8.914891999999996,-16.232671005018837,-11.7226124204995,-13.608427861289497,no_benefit_under_any_stream_composition
laboratory_scale_2023,0.093,37.93749,6.359025474273599,10.918106434711625,9.011792999999997,-16.164294387015893,-11.605213426577869,-13.511526861289497,no_benefit_under_any_stream_composition
laboratory_scale_2023,0.094,38.34542,6.427402092276541,11.035505428633256,9.108693999999998,-16.095917769012953,-11.487814432656238,-13.414625861289496,no_benefit_under_any_stream_composition
laboratory_scale_2023,0.095,38.75335,6.495778710279483,11.152904422554885,9.205594999999997,-16.027541151010013,-11.370415438734609,-13.317724861289497,no_benefit_under_any_stream_composition
laboratory_scale_2023,0.096,39.16128,6.564155328282425,11.270303416476516,9.302495999999998,-15.959164533007069,-11.253016444812978,-13.220823861289496,no_benefit_under_any_stream_composition
laboratory_scale_2023,0.097,39.56921,6.632531946285367,11.387702410398147,9.399396999999997,-15.890787915004127,-11.135617450891347,-13.123922861289497,no_benefit_under_any_stream_composition
laboratory_scale_2023,0.098,39.97714,6.700908564288309,11.505101404319777,9.496297999999998,-15.822411297001185,-11.018218456969716,-13.027021861289496,no_benefit_under_any_stream_composition
laboratory_scale_2023,0.099,40.38507,6.7692851822912505,11.622500398241408,9.593198999999997,-15.754034678998243,-10.900819463048085,-12.930120861289497,no_benefit_under_any_stream_composition
laboratory_scale_2023,0.1,40.793,6.837661800294193,11.739899392163037,9.690099999999997,-15.685658060995301,-10.783420469126456,-12.833219861289496,no_benefit_under_any_stream_composition
laboratory_scale_2023,0.101,41.20093,6.906038418297135,11.857298386084668,9.787000999999998,-15.617281442992358,-10.666021475204825,-12.736318861289496,no_benefit_under_any_stream_composition
laboratory_scale_2023,0.102,41.60886,6.974415036300077,11.9746973800063,9.883901999999999,-15.548904824989418,-10.548622481283195,-12.639417861289495,no_benefit_under_any_stream_composition
laboratory_scale_2023,0.103,42.01679,7.042791654303019,12.09209637392793,9.980802999999998,-15.480528206986474,-10.431223487361564,-12.542516861289496,no_benefit_under_any_stream_composition
laboratory_scale_2023,0.104,42.42472,7.111168272305961,12.20949536784956,10.077703999999997,-15.412151588983534,-10.313824493439935,-12.445615861289497,no_benefit_under_any_stream_composition
laboratory_scale_2023,0.105,42.83265,7.179544890308903,12.32689436177119,10.174604999999998,-15.34377497098059,-10.196425499518304,-12.348714861289496,no_benefit_under_any_stream_composition
laboratory_scale_2023,0.106,43.24058,7.247921508311845,12.444293355692821,10.271505999999999,-15.27539835297765,-10.079026505596673,-12.251813861289495,no_benefit_under_any_stream_composition
laboratory_scale_2023,0.107,43.64851,7.316298126314787,12.561692349614452,10.368406999999998,-15.207021734974706,-9.961627511675042,-12.154912861289496,no_benefit_under_any_stream_composition
laboratory_scale_2023,0.108,44.05644,7.384674744317729,12.679091343536083,10.465307999999999,-15.138645116971766,-9.844228517753411,-12.058011861289495,no_benefit_under_any_stream_composition
laboratory_scale_2023,0.109,44.46437,7.453051362320671,12.796490337457712,10.562209,-15.070268498968822,-9.726829523831782,-11.961110861289495,no_benefit_under_any_stream_composition
laboratory_scale_2023,0.11,44.8723,7.521427980323613,12.913889331379343,10.65911,-15.001891880965882,-9.609430529910151,-11.864209861289494,no_benefit_under_any_stream_composition
laboratory_scale_2023,0.111,45.28023,7.5898045983265545,13.031288325300974,10.756010999999997,-14.933515262962938,-9.49203153598852,-11.767308861289496,no_benefit_under_any_stream_composition
laboratory_scale_2023,0.112,45.68816,7.658181216329496,13.148687319222605,10.852911999999998,-14.865138644959998,-9.37463254206689,-11.670407861289496,no_benefit_under_any_stream_composition
laboratory_scale_2023,0.113,46.096090000000004,7.726557834332438,13.266086313144234,10.949812999999999,-14.796762026957055,-9.25723354814526,-11.573506861289495,no_benefit_under_any_stream_composition
laboratory_scale_2023,0.114,46.504020000000004,7.794934452335381,13.383485307065865,11.046713999999998,-14.728385408954113,-9.13983455422363,-11.476605861289496,no_benefit_under_any_stream_composition
laboratory_scale_2023,0.115,46.911950000000004,7.863311070338323,13.500884300987495,11.143614999999999,-14.66000879095117,-9.022435560301998,-11.379704861289495,no_benefit_under_any_stream_composition
laboratory_scale_2023,0.116,47.31988,7.931687688341263,13.618283294909125,11.240515999999998,-14.59163217294823,-8.90503656638037,-11.282803861289496,no_benefit_under_any_stream_composition
laboratory_scale_2023,0.117,47.72781,8.000064306344205,13.735682288830754,11.337416999999997,-14.523255554945289,-8.78763757245874,-11.185902861289497,no_benefit_under_any_stream_composition
laboratory_scale_2023,0.118,48.13574,8.068440924347147,13.853081282752385,11.434317999999998,-14.454878936942347,-8.67023857853711,-11.089001861289496,no_benefit_under_any_stream_composition
laboratory_scale_2023,0.119,48.54367,8.136817542350089,13.970480276674015,11.531218999999998,-14.386502318939405,-8.552839584615478,-10.992100861289495,no_benefit_under_any_stream_composition
laboratory_scale_2023,0.12,48.9516,8.205194160353031,14.087879270595646,11.628119999999996,-14.318125700936463,-8.435440590693847,-10.895199861289498,no_benefit_under_any_stream_composition
laboratory_scale_2023,0.121,49.35953,8.273570778355973,14.205278264517275,11.725020999999996,-14.249749082933521,-8.318041596772218,-10.798298861289497,no_benefit_under_any_stream_composition
laboratory_scale_2023,0.122,49.76746,8.341947396358915,14.322677258438906,11.821921999999997,-14.181372464930579,-8.200642602850587,-10.701397861289497,no_benefit_under_any_stream_composition
laboratory_scale_2023,0.123,50.17539,8.410324014361857,14.440076252360537,11.918822999999998,-14.112995846927637,-8.083243608928957,-10.604496861289496,no_benefit_under_any_stream_composition
laboratory_scale_2023,0.124,50.58332,8.478700632364799,14.557475246282168,12.015723999999999,-14.044619228924695,-7.965844615007326,-10.507595861289495,no_benefit_under_any_stream_composition
laboratory_scale_2023,0.125,50.99125,8.54707725036774,14.674874240203797,12.112624999999998,-13.976242610921753,-7.8484456210856965,-10.410694861289496,no_benefit_under_any_stream_composition
laboratory_scale_2023,0.126,51.39918,8.615453868370684,14.792273234125428,12.209525999999999,-13.90786599291881,-7.731046627164066,-10.313793861289495,no_benefit_under_any_stream_composition
laboratory_scale_2023,0.127,51.80711,8.683830486373626,14.909672228047059,12.306426999999998,-13.839489374915868,-7.613647633242435,-10.216892861289496,no_benefit_under_any_stream_composition
laboratory_scale_2023,0.128,52.21504,8.752207104376568,15.02707122196869,12.403327999999997,-13.771112756912926,-7.496248639320804,-10.119991861289497,no_benefit_under_any_stream_composition
laboratory_scale_2023,0.129,52.62297,8.82058372237951,15.14447021589032,12.500228999999997,-13.702736138909984,-7.378849645399173,-10.023090861289496,no_benefit_under_any_stream_composition
laboratory_scale_2023,0.13,53.0309,8.888960340382452,15.26186920981195,12.597129999999998,-13.634359520907042,-7.261450651477544,-9.926189861289496,no_benefit_under_any_stream_composition
laboratory_scale_2023,0.131,53.43883,8.957336958385394,15.37926820373358,12.694030999999999,-13.5659829029041,-7.144051657555913,-9.829288861289495,no_benefit_under_any_stream_composition
laboratory_scale_2023,0.132,53.84676,9.025713576388336,15.496667197655212,12.790931999999998,-13.497606284901158,-7.026652663634282,-9.732387861289496,no_benefit_under_any_stream_composition
laboratory_scale_2023,0.133,54.254690000000004,9.094090194391278,15.614066191576843,12.887832999999999,-13.429229666898216,-6.909253669712651,-9.635486861289495,no_benefit_under_any_stream_composition
laboratory_scale_2023,0.134,54.662620000000004,9.16246681239422,15.731465185498472,12.984733999999998,-13.360853048895274,-6.791854675791022,-9.538585861289496,no_benefit_under_any_stream_composition
laboratory_scale_2023,0.135,55.070550000000004,9.230843430397162,15.848864179420103,13.081634999999997,-13.292476430892332,-6.674455681869391,-9.441684861289497,no_benefit_under_any_stream_composition
laboratory_scale_2023,0.136,55.478480000000005,9.299220048400104,15.966263173341734,13.178535999999998,-13.22409981288939,-6.55705668794776,-9.344783861289496,no_benefit_under_any_stream_composition
laboratory_scale_2023,0.137,55.886410000000005,9.367596666403045,16.083662167263363,13.275436999999998,-13.155723194886448,-6.439657694026131,-9.247882861289495,no_benefit_under_any_stream_composition
laboratory_scale_2023,0.138,56.294340000000005,9.435973284405987,16.201061161184995,13.372338,-13.087346576883506,-6.3222587001044985,-9.150981861289495,no_benefit_under_any_stream_composition
laboratory_scale_2023,0.139,56.702270000000006,9.50434990240893,16.318460155106624,13.469239,-13.018969958880565,-6.204859706182869,-9.054080861289494,no_benefit_under_any_stream_composition
laboratory_scale_2023,0.14,57.110200000000006,9.572726520411871,16.435859149028257,13.566139999999999,-12.950593340877623,-6.087460712261237,-8.957179861289495,no_benefit_under_any_stream_composition
laboratory_scale_2023,0.141,57.51813,9.641103138414811,16.553258142949883,13.663040999999998,-12.882216722874682,-5.970061718339611,-8.860278861289496,no_benefit_under_any_stream_composition
laboratory_scale_2023,0.142,57.92606,9.709479756417753,16.670657136871515,13.759941999999999,-12.81384010487174,-5.8526627244179785,-8.763377861289495,no_benefit_under_any_stream_composition
laboratory_scale_2023,0.143,58.33399,9.777856374420695,16.788056130793144,13.856842999999996,-12.745463486868799,-5.735263730496349,-8.666476861289498,no_benefit_under_any_stream_composition
laboratory_scale_2023,0.144,58.74192,9.846232992423639,16.905455124714774,13.953743999999997,-12.677086868865855,-5.61786473657472,-8.569575861289497,no_benefit_under_any_stream_composition
laboratory_scale_2023,0.145,59.14985,9.91460961042658,17.022854118636406,14.050644999999998,-12.608710250862913,-5.500465742653088,-8.472674861289496,no_benefit_under_any_stream_composition
laboratory_scale_2023,0.146,59.55778,9.982986228429523,17.140253112558035,14.147545999999997,-12.540333632859971,-5.3830667487314585,-8.375773861289497,no_benefit_under_any_stream_composition
laboratory_scale_2023,0.147,59.96571,10.051362846432465,17.257652106479668,14.244446999999997,-12.47195701485703,-5.265667754809826,-8.278872861289496,no_benefit_under_any_stream_composition
laboratory_scale_2023,0.148,60.37364,10.119739464435407,17.375051100401297,14.341347999999998,-12.403580396854087,-5.148268760888197,-8.181971861289496,no_benefit_under_any_stream_composition
laboratory_scale_2023,0.149,60.78157,10.188116082438349,17.492450094322926,14.438248999999999,-12.335203778851145,-5.030869766966568,-8.085070861289495,no_benefit_under_any_stream_composition
laboratory_scale_2023,0.15,61.1895,10.25649270044129,17.60984908824456,14.535149999999996,-12.266827160848203,-4.913470773044935,-7.988169861289498,no_benefit_under_any_stream_composition
laboratory_scale_2023,0.151,61.59743,10.324869318444232,17.727248082166188,14.632050999999997,-12.198450542845261,-4.796071779123306,-7.891268861289497,no_benefit_under_any_stream_composition
laboratory_scale_2023,0.152,62.00536,10.393245936447174,17.84464707608782,14.728951999999998,-12.13007392484232,-4.678672785201673,-7.794367861289496,no_benefit_under_any_stream_composition
laboratory_scale_2023,0.153,62.41329,10.461622554450116,17.96204607000945,14.825852999999999,-12.061697306839378,-4.561273791280044,-7.697466861289495,no_benefit_under_any_stream_composition
laboratory_scale_2023,0.154,62.821220000000004,10.529999172453058,18.07944506393108,14.922753999999998,-11.993320688836436,-4.443874797358415,-7.600565861289496,no_benefit_under_any_stream_composition
laboratory_scale_2023,0.155,63.229150000000004,10.598375790456,18.19684405785271,15.019654999999998,-11.924944070833494,-4.326475803436782,-7.503664861289495,no_benefit_under_any_stream_composition
laboratory_scale_2023,0.156,63.637080000000005,10.666752408458942,18.31424305177434,15.116556,-11.856567452830552,-4.209076809515153,-7.406763861289495,no_benefit_under_any_stream_composition
laboratory_scale_2023,0.157,64.04501,10.735129026461884,18.43164204569597,15.213456999999996,-11.78819083482761,-4.091677815593524,-7.309862861289497,no_benefit_under_any_stream_composition
laboratory_scale_2023,0.158,64.45294,10.803505644464824,18.5490410396176,15.310357999999997,-11.71981421682467,-3.974278821671895,-7.212961861289497,no_benefit_under_any_stream_composition
laboratory_scale_2023,0.159,64.86087,10.871882262467768,18.66644003353923,15.407258999999998,-11.651437598821726,-3.8568798277502623,-7.116060861289496,no_benefit_under_any_stream_composition
laboratory_scale_2023,0.16,65.2688,10.940258880470708,18.78383902746086,15.504159999999995,-11.583060980818786,-3.739480833828633,-7.0191598612894985,no_benefit_under_any_stream_composition
laboratory_scale_2023,0.161,65.67672999999999,11.00863549847365,18.90123802138249,15.601060999999994,-11.514684362815844,-3.622081839907004,-6.9222588612894995,no_benefit_under_any_stream_composition
laboratory_scale_2023,0.162,66.08466,11.077012116476592,19.018637015304122,15.697961999999997,-11.446307744812902,-3.5046828459853714,-6.825357861289497,no_benefit_under_any_stream_composition
laboratory_scale_2023,0.163,66.49258999999999,11.145388734479534,19.13603600922575,15.794862999999994,-11.37793112680996,-3.3872838520637423,-6.7284568612895,no_benefit_under_any_stream_composition
laboratory_scale_2023,0.164,66.90052,11.213765352482477,19.253435003147384,15.891763999999997,-11.309554508807016,-3.2698848581421096,-6.631555861289497,no_benefit_under_any_stream_composition
laboratory_scale_2023,0.165,67.30845,11.282141970485418,19.37083399706901,15.988664999999996,-11.241177890804076,-3.152485864220484,-6.534654861289498,no_benefit_under_any_stream_composition
laboratory_scale_2023,0.166,67.71638,11.350518588488361,19.488232990990642,16.085565999999996,-11.172801272801133,-3.0350868702988514,-6.437753861289497,no_benefit_under_any_stream_composition
laboratory_scale_2023,0.167,68.12431,11.418895206491301,19.60563198491227,16.182466999999995,-11.104424654798192,-2.9176878763772223,-6.340852861289498,no_benefit_under_any_stream_composition
laboratory_scale_2023,0.168,68.53224,11.487271824494245,19.723030978833904,16.279367999999998,-11.036048036795249,-2.8002888824555896,-6.243951861289496,no_benefit_under_any_stream_composition
laboratory_scale_2023,0.169,68.94017,11.555648442497185,19.840429972755533,16.376268999999994,-10.967671418792309,-2.6828898885339605,-6.1470508612895,no_benefit_under_any_stream_composition
laboratory_scale_2023,0.17,69.3481,11.624025060500129,19.957828966677166,16.473169999999996,-10.899294800789365,-2.565490894612328,-6.050149861289498,no_benefit_under_any_stream_composition
laboratory_scale_2023,0.171,69.75603,11.692401678503069,20.075227960598795,16.570070999999995,-10.830918182786425,-2.4480919006906987,-5.953248861289499,no_benefit_under_any_stream_composition
laboratory_scale_2023,0.172,70.16396,11.760778296506013,20.192626954520428,16.666971999999998,-10.762541564783481,-2.330692906769066,-5.856347861289496,no_benefit_under_any_stream_composition
laboratory_scale_2023,0.173,70.57189,11.829154914508953,20.310025948442057,16.763872999999997,-10.69416494678054,-2.213293912847437,-5.759446861289497,no_benefit_under_any_stream_composition
laboratory_scale_2023,0.174,70.97982,11.897531532511897,20.427424942363686,16.860773999999996,-10.625788328777597,-2.095894918925808,-5.662545861289498,no_benefit_under_any_stream_composition
laboratory_scale_2023,0.175,71.38775,11.965908150514837,20.544823936285315,16.957674999999995,-10.557411710774657,-1.9784959250041787,-5.565644861289499,no_benefit_under_any_stream_composition
laboratory_scale_2023,0.176,71.79568,12.03428476851778,20.662222930206948,17.054575999999997,-10.489035092771713,-1.861096931082546,-5.4687438612894965,no_benefit_under_any_stream_composition
laboratory_scale_2023,0.177,72.20361,12.10266138652072,20.779621924128577,17.151476999999996,-10.420658474768773,-1.743697937160917,-5.3718428612894975,no_benefit_under_any_stream_composition
laboratory_scale_2023,0.178,72.61154,12.171038004523664,20.89702091805021,17.248378,-10.35228185676583,-1.6262989432392843,-5.274941861289495,no_benefit_under_any_stream_composition
laboratory_scale_2023,0.179,73.01947,12.239414622526605,21.01441991197184,17.345278999999998,-10.28390523876289,-1.5088999493176551,-5.178040861289496,no_benefit_under_any_stream_composition
laboratory_scale_2023,0.18,73.42739999999999,12.307791240529546,21.131818905893468,17.442179999999993,-10.215528620759947,-1.391500955396026,-5.0811398612895005,no_benefit_under_any_stream_composition
laboratory_scale_2023,0.181,73.83533,12.37616785853249,21.2492178998151,17.539080999999996,-10.147152002757004,-1.2741019614743934,-4.984238861289498,no_benefit_under_any_stream_composition
laboratory_scale_2023,0.182,74.24325999999999,12.44454447653543,21.366616893736726,17.635981999999995,-10.078775384754064,-1.1567029675527678,-4.887337861289499,no_benefit_under_any_stream_composition
laboratory_scale_2023,0.183,74.65119,12.512921094538374,21.48401588765836,17.732882999999998,-10.01039876675112,-1.0393039736311351,-4.790436861289496,no_benefit_under_any_stream_composition
laboratory_scale_2023,0.184,75.05912,12.581297712541314,21.601414881579988,17.829783999999993,-9.94202214874818,-0.921904979709506,-4.693535861289501,no_benefit_under_any_stream_composition
laboratory_scale_2023,0.185,75.46705,12.649674330544258,21.71881387550162,17.926684999999996,-9.873645530745236,-0.8045059857878734,-4.596634861289498,no_benefit_under_any_stream_composition
laboratory_scale_2023,0.186,75.87498,12.718050948547198,21.83621286942325,18.023585999999995,-9.805268912742296,-0.6871069918662442,-4.499733861289499,no_benefit_under_any_stream_composition
laboratory_scale_2023,0.187,76.28291,12.786427566550142,21.953611863344882,18.120486999999997,-9.736892294739352,-0.5697079979446116,-4.402832861289497,no_benefit_under_any_stream_composition
laboratory_scale_2023,0.188,76.69084,12.854804184553082,22.07101085726651,18.217387999999996,-9.668515676736412,-0.45230900402298246,-4.305931861289498,no_benefit_under_any_stream_composition
laboratory_scale_2023,0.189,77.09877,12.923180802556026,22.188409851188144,18.314288999999995,-9.600139058733468,-0.3349100101013498,-4.209030861289499,no_benefit_under_any_stream_composition
laboratory_scale_2023,0.19,77.5067,12.991557420558966,22.30580884510977,18.411189999999994,-9.531762440730528,-0.21751101617972424,-4.1121298612895,no_benefit_under_any_stream_composition
laboratory_scale_2023,0.191,77.91463,13.05993403856191,22.423207839031402,18.508090999999997,-9.463385822727584,-0.10011202225809157,-4.015228861289497,no_benefit_under_any_stream_composition
laboratory_scale_2023,0.192,78.32256,13.12831065656485,22.54060683295303,18.604991999999996,-9.395009204724644,0.017286971663537543,-3.918327861289498,composition_changes_sign
laboratory_scale_2023,0.193,78.73049,13.196687274567793,22.658005826874664,18.701893,-9.3266325867217,0.1346859655851702,-3.8214268612894955,composition_changes_sign
laboratory_scale_2023,0.194,79.13842,13.265063892570733,22.775404820796293,18.798793999999994,-9.25825596871876,0.2520849595067993,-3.7245258612895,composition_changes_sign
laboratory_scale_2023,0.195,79.54635,13.333440510573677,22.892803814717926,18.895694999999996,-9.189879350715817,0.369483953428432,-3.6276248612894975,composition_changes_sign
laboratory_scale_2023,0.196,79.95428,13.401817128576617,23.010202808639555,18.992595999999995,-9.121502732712877,0.4868829473500611,-3.5307238612894984,composition_changes_sign
laboratory_scale_2023,0.197,80.36221,13.470193746579561,23.127601802561188,19.089496999999998,-9.053126114709933,0.6042819412716938,-3.433822861289496,composition_changes_sign
laboratory_scale_2023,0.198,80.77014,13.538570364582501,23.245000796482817,19.186397999999993,-8.984749496706993,0.7216809351933229,-3.3369218612895004,composition_changes_sign
laboratory_scale_2023,0.199,81.17807,13.606946982585445,23.36239979040445,19.283298999999996,-8.916372878704049,0.8390799291149555,-3.240020861289498,composition_changes_sign
laboratory_scale_2023,0.2,81.586,13.675323600588387,23.479798784326075,19.380199999999995,-8.847996260701107,0.9564789230365811,-3.143119861289499,composition_changes_sign
laboratory_scale_2023,0.201,81.99393,13.743700218591329,23.597197778247708,19.477100999999998,-8.779619642698165,1.0738779169582138,-3.0462188612894963,composition_changes_sign
laboratory_scale_2023,0.202,82.40186,13.81207683659427,23.714596772169337,19.574001999999997,-8.711243024695223,1.1912769108798429,-2.9493178612894972,composition_changes_sign
laboratory_scale_2023,0.203,82.80979,13.880453454597212,23.83199576609097,19.670902999999996,-8.642866406692281,1.3086759048014756,-2.8524168612894982,composition_changes_sign
laboratory_scale_2023,0.204,83.21772,13.948830072600154,23.9493947600126,19.767803999999998,-8.57448978868934,1.4260748987231047,-2.7555158612894957,composition_changes_sign
laboratory_scale_2023,0.205,83.62565,14.017206690603095,24.066793753934228,19.864704999999994,-8.5061131706864,1.5434738926447338,-2.6586148612895,composition_changes_sign
laboratory_scale_2023,0.206,84.03358,14.085583308606038,24.18419274785586,19.961605999999996,-8.437736552683456,1.6608728865663664,-2.5617138612894976,composition_changes_sign
laboratory_scale_2023,0.207,84.44151,14.153959926608978,24.301591741777486,20.058506999999995,-8.369359934680515,1.778271880487992,-2.4648128612894986,composition_changes_sign
laboratory_scale_2023,0.208,84.84944,14.222336544611922,24.41899073569912,20.155407999999994,-8.300983316677572,1.8956708744096247,-2.3679118612894996,composition_changes_sign
laboratory_scale_2023,0.209,85.25737,14.290713162614862,24.536389729620748,20.252308999999997,-8.232606698674632,2.013069868331254,-2.271010861289497,composition_changes_sign
laboratory_scale_2023,0.21,85.6653,14.359089780617806,24.65378872354238,20.349209999999996,-8.164230080671688,2.1304688622528865,-2.174109861289498,composition_changes_sign
laboratory_scale_2023,0.211,86.07323,14.427466398620746,24.77118771746401,20.44611099999999,-8.095853462668748,2.2478678561745156,-2.0772088612895026,composition_changes_sign
laboratory_scale_2023,0.212,86.48116,14.49584301662369,24.888586711385642,20.543011999999997,-8.027476844665804,2.3652668500961482,-1.9803078612894964,composition_changes_sign
laboratory_scale_2023,0.213,86.88909,14.56421963462663,25.00598570530727,20.639912999999993,-7.959100226662864,2.4826658440177773,-1.883406861289501,composition_changes_sign
laboratory_scale_2023,0.214,87.29702,14.632596252629574,25.123384699228904,20.736813999999995,-7.89072360865992,2.60006483793941,-1.7865058612894984,composition_changes_sign
laboratory_scale_2023,0.215,87.70495,14.700972870632514,25.240783693150533,20.833714999999994,-7.82234699065698,2.717463831861039,-1.6896048612894994,composition_changes_sign
laboratory_scale_2023,0.216,88.11288,14.769349488635457,25.358182687072166,20.930615999999997,-7.753970372654036,2.834862825782672,-1.5927038612894968,composition_changes_sign
laboratory_scale_2023,0.217,88.52081,14.837726106638398,25.47558168099379,21.027516999999996,-7.685593754651096,2.9522618197042974,-1.4958028612894978,composition_changes_sign
laboratory_scale_2023,0.218,88.92874,14.906102724641341,25.592980674915424,21.124418,-7.6172171366481525,3.06966081362593,-1.3989018612894952,composition_changes_sign
laboratory_scale_2023,0.219,89.33667,14.974479342644283,25.710379668837053,21.221318999999998,-7.5488405186452106,3.187059807547559,-1.3020008612894962,composition_changes_sign
laboratory_scale_2023,0.22,89.7446,15.042855960647225,25.827778662758686,21.31822,-7.480463900642269,3.304458801469192,-1.2050998612894936,composition_changes_sign
laboratory_scale_2023,0.221,90.15253,15.111232578650167,25.945177656680315,21.415120999999996,-7.412087282639327,3.421857795390821,-1.1081988612894982,composition_changes_sign
laboratory_scale_2023,0.222,90.56046,15.179609196653109,26.062576650601947,21.512021999999995,-7.343710664636385,3.5392567893124536,-1.0112978612894992,composition_changes_sign
laboratory_scale_2023,0.223,90.96839,15.247985814656051,26.179975644523577,21.608922999999997,-7.275334046633443,3.6566557832340827,-0.9143968612894966,composition_changes_sign
laboratory_scale_2023,0.224,91.37632,15.316362432658993,26.29737463844521,21.705823999999996,-7.206957428630501,3.7740547771557154,-0.8174958612894976,composition_changes_sign
laboratory_scale_2023,0.225,91.78425,15.384739050661935,26.414773632366835,21.802724999999995,-7.138580810627559,3.891453771077341,-0.7205948612894986,composition_changes_sign
laboratory_scale_2023,0.226,92.19218000000001,15.453115668664877,26.532172626288467,21.899625999999998,-7.070204192624617,4.008852764998974,-0.623693861289496,composition_changes_sign
laboratory_scale_2023,0.227,92.60011,15.521492286667819,26.649571620210097,21.996526999999993,-7.001827574621675,4.126251758920603,-0.5267928612895005,composition_changes_sign
laboratory_scale_2023,0.228,93.00804000000001,15.589868904670762,26.76697061413173,22.093427999999996,-6.9334509566187315,4.243650752842235,-0.42989186128949797,composition_changes_sign
laboratory_scale_2023,0.229,93.41597,15.658245522673703,26.88436960805336,22.190328999999995,-6.865074338615791,4.3610497467638645,-0.33299086128949895,composition_changes_sign
laboratory_scale_2023,0.23,93.82390000000001,15.726622140676646,27.00176860197499,22.287229999999997,-6.796697720612848,4.478448740685497,-0.23608986128949638,composition_changes_sign
laboratory_scale_2023,0.231,94.23183,15.794998758679586,27.11916759589662,22.384130999999996,-6.7283211026099075,4.595847734607126,-0.13918886128949737,composition_changes_sign
laboratory_scale_2023,0.232,94.63976,15.863375376682527,27.23656658981825,22.481031999999995,-6.659944484606967,4.713246728528755,-0.04228786128949835,composition_changes_sign
laboratory_scale_2023,0.233,95.04769,15.93175199468547,27.35396558373988,22.577932999999998,-6.591567866604024,4.8306457224503845,0.05461313871050422,composition_changes_sign
laboratory_scale_2023,0.234,95.45562,16.00012861268841,27.471364577661507,22.674833999999993,-6.5231912486010835,4.948044716372014,0.15151413871049968,composition_changes_sign
laboratory_scale_2023,0.235,95.86355,16.068505230691354,27.58876357158314,22.771734999999996,-6.45481463059814,5.065443710293646,0.24841513871050225,composition_changes_sign
laboratory_scale_2023,0.236,96.27148,16.136881848694294,27.70616256550477,22.868635999999995,-6.3864380125952,5.182842704215275,0.34531613871050126,composition_changes_sign
laboratory_scale_2023,0.237,96.67941,16.205258466697238,27.823561559426402,22.965536999999998,-6.318061394592256,5.300241698136908,0.44221713871050383,composition_changes_sign
laboratory_scale_2023,0.238,97.08734,16.273635084700178,27.94096055334803,23.062437999999997,-6.249684776589316,5.417640692058537,0.5391181387105028,composition_changes_sign
laboratory_scale_2023,0.239,97.49527,16.34201170270312,28.058359547269664,23.159338999999996,-6.181308158586372,5.53503968598017,0.6360191387105019,composition_changes_sign
laboratory_scale_2023,0.24,97.9032,16.410388320706062,28.175758541191293,23.25623999999999,-6.112931540583432,5.652438679901799,0.7329201387104973,composition_changes_sign
laboratory_scale_2023,0.241,98.31113,16.478764938709006,28.293157535112925,23.353140999999994,-6.044554922580488,5.769837673823432,0.8298211387104999,composition_changes_sign
laboratory_scale_2023,0.242,98.71906,16.547141556711946,28.41055652903455,23.450041999999993,-5.976178304577548,5.887236667745057,0.9267221387104989,composition_changes_sign
laboratory_scale_2023,0.243,99.12699,16.61551817471489,28.527955522956184,23.546942999999995,-5.907801686574604,6.00463566166669,1.0236231387105015,composition_changes_sign
laboratory_scale_2023,0.244,99.53492,16.68389479271783,28.645354516877813,23.643843999999994,-5.839425068571664,6.122034655588319,1.1205241387105005,composition_changes_sign
laboratory_scale_2023,0.245,99.94285,16.752271410720773,28.762753510799445,23.740744999999997,-5.7710484505687205,6.239433649509952,1.217425138710503,composition_changes_sign
laboratory_scale_2023,0.246,100.35078,16.820648028723713,28.880152504721075,23.837645999999996,-5.70267183256578,6.356832643431581,1.314326138710502,composition_changes_sign
laboratory_scale_2023,0.247,100.75871000000001,16.889024646726657,28.997551498642707,23.934547,-5.634295214562837,6.474231637353213,1.4112271387105046,composition_changes_sign
laboratory_scale_2023,0.248,101.16664,16.957401264729597,29.114950492564336,24.031447999999997,-5.5659185965598965,6.5916306312748425,1.5081281387105037,composition_changes_sign
laboratory_scale_2023,0.249,101.57457000000001,17.02577788273254,29.23234948648597,24.128349,-5.497541978556953,6.709029625196475,1.6050291387105062,composition_changes_sign
laboratory_scale_2023,0.25,101.9825,17.09415450073548,29.349748480407595,24.225249999999996,-5.429165360554013,6.826428619118101,1.7019301387105017,composition_changes_sign
laboratory_scale_2023,0.251,102.39043000000001,17.162531118738425,29.467147474329227,24.322150999999998,-5.360788742551069,6.943827613039733,1.7988311387105043,composition_changes_sign
laboratory_scale_2023,0.252,102.79836,17.23090773674137,29.584546468250856,24.419051999999997,-5.292412124548125,7.0612266069613625,1.8957321387105033,composition_changes_sign
laboratory_scale_2023,0.253,103.20629000000001,17.29928435474431,29.70194546217249,24.515952999999996,-5.224035506545185,7.178625600882995,1.9926331387105023,composition_changes_sign
laboratory_scale_2023,0.254,103.61422,17.367660972747252,29.819344456094118,24.612853999999995,-5.155658888542241,7.296024594804624,2.0895341387105013,composition_changes_sign
laboratory_scale_2023,0.255,104.02215000000001,17.436037590750193,29.93674345001575,24.709754999999998,-5.087282270539301,7.413423588726257,2.186435138710504,composition_changes_sign
laboratory_scale_2023,0.256,104.43008,17.504414208753136,30.05414244393738,24.806655999999993,-5.018905652536358,7.530822582647886,2.2833361387104993,composition_changes_sign
laboratory_scale_2023,0.257,104.83801,17.572790826756076,30.17154143785901,24.903556999999992,-4.950529034533417,7.648221576569515,2.3802371387104984,composition_changes_sign
laboratory_scale_2023,0.258,105.24594,17.64116744475902,30.28894043178064,25.000457999999995,-4.882152416530474,7.765620570491148,2.477138138710501,composition_changes_sign
laboratory_scale_2023,0.259,105.65387,17.70954406276196,30.406339425702267,25.097358999999994,-4.813775798527534,7.883019564412773,2.5740391387105,composition_changes_sign
laboratory_scale_2023,0.26,106.0618,17.777920680764904,30.5237384196239,25.194259999999996,-4.74539918052459,8.000418558334406,2.6709401387105025,composition_changes_sign
laboratory_scale_2023,0.261,106.46973,17.846297298767844,30.64113741354553,25.291160999999995,-4.67702256252165,8.117817552256035,2.7678411387105015,composition_changes_sign
laboratory_scale_2023,0.262,106.87766,17.914673916770788,30.75853640746716,25.388061999999998,-4.608645944518706,8.235216546177668,2.864742138710504,composition_changes_sign
laboratory_scale_2023,0.263,107.28559,17.983050534773728,30.87593540138879,25.484962999999993,-4.540269326515766,8.352615540099297,2.9616431387104996,composition_changes_sign
laboratory_scale_2023,0.264,107.69352,18.05142715277667,30.993334395310423,25.581863999999996,-4.471892708512822,8.47001453402093,3.058544138710502,composition_changes_sign
laboratory_scale_2023,0.265,108.10145,18.119803770779612,31.110733389232053,25.678764999999995,-4.403516090509882,8.587413527942559,3.155445138710501,composition_changes_sign
laboratory_scale_2023,0.266,108.50938000000001,18.188180388782555,31.228132383153685,25.775665999999998,-4.335139472506938,8.704812521864191,3.2523461387105037,composition_changes_sign
laboratory_scale_2023,0.267,108.91731,18.256557006785496,31.34553137707531,25.872566999999997,-4.266762854503998,8.822211515785817,3.3492471387105027,composition_changes_sign
laboratory_scale_2023,0.268,109.32524000000001,18.32493362478844,31.462930370996943,25.969467999999996,-4.1983862365010545,8.93961050970745,3.4461481387105017,composition_changes_sign
laboratory_scale_2023,0.269,109.73317,18.39331024279138,31.580329364918573,26.066368999999998,-4.130009618498114,9.057009503629079,3.5430491387105043,composition_changes_sign
laboratory_scale_2023,0.27,110.14110000000001,18.461686860794323,31.697728358840205,26.163269999999994,-4.061633000495171,9.174408497550711,3.6399501387104998,composition_changes_sign
laboratory_scale_2023,0.271,110.54903,18.530063478797263,31.815127352761834,26.260170999999993,-3.9932563824922305,9.29180749147234,3.736851138710499,composition_changes_sign
laboratory_scale_2023,0.272,110.95696000000001,18.598440096800207,31.932526346683467,26.357071999999995,-3.9248797644892868,9.409206485393973,3.8337521387105014,composition_changes_sign
laboratory_scale_2023,0.273,111.36489,18.666816714803147,32.04992534060509,26.453972999999994,-3.8565031464863466,9.526605479315599,3.9306531387105004,composition_changes_sign
laboratory_scale_2023,0.274,111.77282000000001,18.73519333280609,32.167324334526725,26.550873999999997,-3.788126528483403,9.644004473237231,4.027554138710503,composition_changes_sign
laboratory_scale_2023,0.275,112.18075,18.80356995080903,32.28472332844836,26.647774999999996,-3.7197499104804628,9.761403467158864,4.124455138710502,composition_changes_sign
laboratory_scale_2023,0.276,112.58868000000001,18.871946568811975,32.40212232236999,26.744676,-3.651373292477519,9.878802461080497,4.2213561387105045,composition_changes_sign
laboratory_scale_2023,0.277,112.99661,18.940323186814915,32.519521316291616,26.841576999999997,-3.582996674474579,9.996201455002122,4.3182571387105035,composition_changes_sign
laboratory_scale_2023,0.278,113.40454000000001,19.00869980481786,32.63692031021325,26.938478,-3.5146200564716352,10.113600448923755,4.415158138710506,composition_changes_sign
laboratory_scale_2023,0.279,113.81247,19.0770764228208,32.75431930413488,27.035378999999995,-3.446243438468695,10.230999442845388,4.512059138710502,composition_changes_sign
laboratory_scale_2023,0.28,114.22040000000001,19.145453040823742,32.871718298056514,27.132279999999998,-3.3778668204657514,10.34839843676702,4.608960138710504,composition_changes_sign
laboratory_scale_2023,0.281,114.62833,19.213829658826683,32.98911729197814,27.229180999999997,-3.3094902024628112,10.465797430688646,4.705861138710503,composition_changes_sign
laboratory_scale_2023,0.282,115.03626,19.282206276829623,33.106516285899765,27.326081999999996,-3.241113584459871,10.583196424610271,4.802762138710502,composition_changes_sign
laboratory_scale_2023,0.283,115.44419,19.350582894832566,33.2239152798214,27.422983,-3.1727369664569274,10.700595418531904,4.899663138710505,composition_changes_sign
laboratory_scale_2023,0.284,115.85212,19.418959512835507,33.34131427374303,27.519883999999998,-3.1043603484539872,10.817994412453537,4.996564138710504,composition_changes_sign
laboratory_scale_2023,0.285,116.26005,19.48733613083845,33.45871326766466,27.616784999999993,-3.0359837304510435,10.93539340637517,5.093465138710499,composition_changes_sign
laboratory_scale_2023,0.286,116.66798,19.55571274884139,33.57611226158629,27.713685999999992,-2.9676071124481034,11.052792400296795,5.190366138710498,composition_changes_sign
laboratory_scale_2023,0.287,117.07591000000001,19.624089366844334,33.69351125550792,27.810586999999995,-2.8992304944451597,11.170191394218428,5.287267138710501,composition_changes_sign
laboratory_scale_2023,0.288,117.48384,19.692465984847278,33.81091024942955,27.907487999999994,-2.830853876442216,11.287590388140053,5.3841681387105,composition_changes_sign
laboratory_scale_2023,0.289,117.89177000000001,19.760842602850218,33.92830924335118,28.004388999999996,-2.762477258439276,11.404989382061686,5.481069138710502,composition_changes_sign
laboratory_scale_2023,0.29,118.2997,19.82921922085316,34.04570823727281,28.101289999999995,-2.694100640436332,11.522388375983319,5.577970138710501,composition_changes_sign
laboratory_scale_2023,0.291,118.70763000000001,19.897595838856102,34.163107231194445,28.198190999999998,-2.625724022433392,11.639787369904951,5.674871138710504,composition_changes_sign
laboratory_scale_2023,0.292,119.11556,19.965972456859046,34.28050622511607,28.295091999999993,-2.5573474044304483,11.757186363826577,5.771772138710499,composition_changes_sign
laboratory_scale_2023,0.293,119.52349000000001,20.034349074861986,34.3979052190377,28.391992999999996,-2.488970786427508,11.87458535774821,5.868673138710502,composition_changes_sign
laboratory_scale_2023,0.294,119.93142,20.10272569286493,34.515304212959336,28.488893999999995,-2.4205941684245644,11.991984351669842,5.965574138710501,composition_changes_sign
laboratory_scale_2023,0.295,120.33935000000001,20.17110231086787,34.63270320688097,28.585794999999997,-2.3522175504216243,12.109383345591475,6.062475138710504,composition_changes_sign
laboratory_scale_2023,0.296,120.74728,20.239478928870813,34.750102200802594,28.682695999999996,-2.2838409324186806,12.2267823395131,6.159376138710503,composition_changes_sign
laboratory_scale_2023,0.297,121.15521000000001,20.307855546873757,34.86750119472423,28.779597,-2.215464314415737,12.344181333434733,6.256277138710505,composition_changes_sign
laboratory_scale_2023,0.298,121.56314,20.376232164876697,34.98490018864585,28.876497999999998,-2.1470876964127967,12.461580327356359,6.353178138710504,composition_changes_sign
laboratory_scale_2023,0.299,121.97107000000001,20.44460878287964,35.102299182567485,28.973398999999993,-2.078711078409853,12.578979321277991,6.4500791387105,composition_changes_sign
laboratory_scale_2023,0.3,122.379,20.51298540088258,35.21969817648912,29.070299999999992,-2.010334460406913,12.696378315199624,6.546980138710499,composition_changes_sign
laboratory_scale_2023,0.301,122.78693000000001,20.581362018885525,35.33709717041075,29.167200999999995,-1.9419578424039692,12.813777309121257,6.643881138710501,composition_changes_sign
laboratory_scale_2023,0.302,123.19486,20.649738636888465,35.454496164332376,29.264101999999994,-1.873581224401029,12.931176303042882,6.7407821387105,composition_changes_sign
laboratory_scale_2023,0.303,123.60279000000001,20.71811525489141,35.57189515825401,29.361002999999997,-1.8052046063980853,13.048575296964515,6.837683138710503,composition_changes_sign
laboratory_scale_2023,0.304,124.01072,20.78649187289435,35.68929415217564,29.457903999999996,-1.7368279883951452,13.165974290886147,6.934584138710502,composition_changes_sign
laboratory_scale_2023,0.305,124.41865000000001,20.854868490897292,35.806693146097274,29.554804999999998,-1.6684513703922015,13.28337328480778,7.031485138710504,composition_changes_sign
laboratory_scale_2023,0.306,124.82658,20.923245108900232,35.9240921400189,29.651705999999997,-1.6000747523892613,13.400772278729406,7.128386138710503,composition_changes_sign
laboratory_scale_2023,0.307,125.23451000000001,20.991621726903176,36.04149113394053,29.748607,-1.5316981343863176,13.518171272651038,7.225287138710506,composition_changes_sign
laboratory_scale_2023,0.308,125.64244000000001,21.059998344906116,36.15889012786216,29.845507999999995,-1.4633215163833775,13.635570266572664,7.3221881387105014,composition_changes_sign
laboratory_scale_2023,0.309,126.05037,21.128374962909056,36.27628912178379,29.942408999999994,-1.3949448983804373,13.752969260494297,7.4190891387105005,composition_changes_sign
laboratory_scale_2023,0.31,126.45830000000001,21.196751580912,36.39368811570542,30.039309999999997,-1.3265682803774936,13.87036825441593,7.515990138710503,composition_changes_sign
laboratory_scale_2023,0.311,126.86623,21.26512819891494,36.51108710962705,30.136210999999996,-1.2581916623745535,13.987767248337555,7.612891138710502,composition_changes_sign
laboratory_scale_2023,0.312,127.27416000000001,21.333504816917884,36.62848610354868,30.233112,-1.1898150443716098,14.105166242259187,7.709792138710505,composition_changes_sign
laboratory_scale_2023,0.313,127.68209,21.401881434920824,36.745885097470314,30.330012999999997,-1.1214384263686696,14.22256523618082,7.806693138710504,composition_changes_sign
laboratory_scale_2023,0.314,128.09002,21.470258052923768,36.86328409139194,30.426913999999993,-1.053061808365726,14.339964230102446,7.903594138710499,composition_changes_sign
laboratory_scale_2023,0.315,128.49795,21.538634670926708,36.98068308531357,30.523814999999992,-0.9846851903627858,14.457363224024078,8.000495138710498,composition_changes_sign
laboratory_scale_2023,0.316,128.90588,21.607011288929648,37.0980820792352,30.620715999999994,-0.9163085723598456,14.574762217945704,8.0973961387105,composition_changes_sign
laboratory_scale_2023,0.317,129.31381,21.675387906932592,37.21548107315683,30.717616999999994,-0.8479319543569019,14.692161211867337,8.1942971387105,composition_changes_sign
laboratory_scale_2023,0.318,129.72174,21.743764524935536,37.33288006707846,30.814517999999996,-0.7795553363539582,14.80956020578897,8.291198138710502,composition_changes_sign
laboratory_scale_2023,0.319,130.12967,21.812141142938476,37.450279061000096,30.911418999999995,-0.7111787183510181,14.926959199710602,8.388099138710501,composition_changes_sign
laboratory_scale_2023,0.32,130.5376,21.880517760941416,37.56767805492172,31.00831999999999,-0.6428021003480779,15.044358193632227,8.485000138710497,composition_changes_sign
laboratory_scale_2023,0.321,130.94553,21.94889437894436,37.68507704884335,31.10522099999999,-0.5744254823451342,15.161757187553853,8.581901138710496,composition_changes_sign
laboratory_scale_2023,0.322,131.35345999999998,22.0172709969473,37.80247604276498,31.20212199999999,-0.5060488643421941,15.279156181475486,8.678802138710495,composition_changes_sign
laboratory_scale_2023,0.323,131.76139,22.085647614950243,37.91987503668661,31.299022999999995,-0.4376722463392504,15.396555175397118,8.775703138710501,composition_changes_sign
laboratory_scale_2023,0.324,132.16932,22.154024232953184,38.037274030608245,31.395923999999994,-0.36929562833631024,15.513954169318751,8.8726041387105,composition_changes_sign
laboratory_scale_2023,0.325,132.57725,22.222400850956127,38.15467302452987,31.492824999999993,-0.30091901033336654,15.631353163240377,8.969505138710499,composition_changes_sign
laboratory_scale_2023,0.326,132.98517999999999,22.290777468959067,38.2720720184515,31.589725999999988,-0.2325423923304264,15.74875215716201,9.066406138710494,composition_changes_sign
laboratory_scale_2023,0.327,133.39311,22.35915408696201,38.389471012373136,31.686626999999998,-0.1641657743274827,15.866151151083642,9.163307138710504,composition_changes_sign
laboratory_scale_2023,0.328,133.80104,22.427530704964955,38.50687000629477,31.783527999999993,-0.095789156324539,15.983550145005275,9.2602081387105,composition_changes_sign
laboratory_scale_2023,0.329,134.20897,22.495907322967895,38.624269000216394,31.880428999999992,-0.027412538321598845,16.1009491389269,9.357109138710499,composition_changes_sign
laboratory_scale_2023,0.33,134.6169,22.564283940970835,38.74166799413802,31.97732999999999,0.0409640796813413,16.218348132848526,9.454010138710498,benefit_under_all_stream_compositions
laboratory_scale_2023,0.331,135.02483,22.63266055897378,38.85906698805966,32.07423099999999,0.109340697684285,16.335747126770165,9.550911138710497,benefit_under_all_stream_compositions
laboratory_scale_2023,0.332,135.43276,22.701037176976723,38.976465981981285,32.17113199999999,0.1777173156872287,16.45314612069179,9.6478121387105,benefit_under_all_stream_compositions
laboratory_scale_2023,0.333,135.84069,22.769413794979663,39.09386497590292,32.26803299999999,0.24609393369016885,16.570545114613424,9.744713138710495,benefit_under_all_stream_compositions
laboratory_scale_2023,0.334,136.24862,22.837790412982603,39.21126396982454,32.36493399999999,0.314470551693109,16.68794410853505,9.841614138710497,benefit_under_all_stream_compositions
laboratory_scale_2023,0.335,136.65654999999998,22.906167030985543,39.328662963746176,32.461834999999994,0.38284716969604915,16.805343102456682,9.9385151387105,benefit_under_all_stream_compositions
laboratory_scale_2023,0.336,137.06448,22.97454364898849,39.44606195766781,32.558735999999996,0.4512237876989964,16.922742096378315,10.035416138710502,benefit_under_all_stream_compositions
laboratory_scale_2023,0.337,137.47241,23.04292026699143,39.56346095158944,32.65563699999999,0.5196004057019366,17.040141090299947,10.132317138710498,benefit_under_all_stream_compositions
laboratory_scale_2023,0.338,137.88034,23.11129688499437,39.68085994551107,32.75253799999999,0.5879770237048767,17.157540084221573,10.229218138710493,benefit_under_all_stream_compositions
laboratory_scale_2023,0.339,138.28826999999998,23.17967350299731,39.79825893943269,32.84943899999999,0.6563536417078168,17.2749390781432,10.326119138710496,benefit_under_all_stream_compositions
laboratory_scale_2023,0.34,138.6962,23.248050121000258,39.91565793335433,32.94633999999999,0.7247302597107641,17.392338072064838,10.423020138710498,benefit_under_all_stream_compositions
laboratory_scale_2023,0.341,139.10413,23.316426739003198,40.03305692727596,33.043240999999995,0.7931068777137043,17.509737065986464,10.519921138710501,benefit_under_all_stream_compositions
laboratory_scale_2023,0.342,139.51206,23.384803357006138,40.15045592119759,33.14014199999999,0.8614834957166444,17.627136059908096,10.616822138710496,benefit_under_all_stream_compositions
laboratory_scale_2023,0.343,139.91998999999998,23.45317997500908,40.267854915119216,33.23704299999999,0.9298601137195845,17.744535053829722,10.713723138710499,benefit_under_all_stream_compositions
laboratory_scale_2023,0.344,140.32792,23.521556593012026,40.385253909040856,33.333943999999995,0.9982367317225318,17.86193404775136,10.810624138710502,benefit_under_all_stream_compositions
laboratory_scale_2023,0.345,140.73585,23.589933211014966,40.50265290296248,33.430845,1.066613349725472,17.979333041672987,10.907525138710504,benefit_under_all_stream_compositions
laboratory_scale_2023,0.346,141.14378,23.658309829017906,40.620051896884114,33.52774599999999,1.134989967728412,18.09673203559462,11.0044261387105,benefit_under_all_stream_compositions
laboratory_scale_2023,0.347,141.55170999999999,23.726686447020846,40.73745089080574,33.62464699999999,1.2033665857313522,18.214131029516246,11.101327138710495,benefit_under_all_stream_compositions
laboratory_scale_2023,0.348,141.95964,23.795063065023793,40.85484988472737,33.72154799999999,1.2717432037342995,18.331530023437878,11.198228138710498,benefit_under_all_stream_compositions
laboratory_scale_2023,0.349,142.36757,23.863439683026733,40.972248878649005,33.818448999999994,1.3401198217372396,18.44892901735951,11.2951291387105,benefit_under_all_stream_compositions
laboratory_scale_2023,0.35,142.7755,23.931816301029674,41.08964787257063,33.91534999999999,1.4084964397401798,18.566328011281136,11.392030138710496,benefit_under_all_stream_compositions
laboratory_scale_2023,0.351,143.18343,24.000192919032614,41.20704686649226,34.012250999999985,1.47687305774312,18.68372700520277,11.488931138710491,benefit_under_all_stream_compositions
laboratory_scale_2023,0.352,143.59136,24.06856953703556,41.324445860413896,34.109151999999995,1.5452496757460672,18.8011259991244,11.5858321387105,benefit_under_all_stream_compositions
laboratory_scale_2023,0.353,143.99929,24.1369461550385,41.44184485433553,34.20605299999999,1.6136262937490073,18.918524993046034,11.682733138710496,benefit_under_all_stream_compositions
laboratory_scale_2023,0.354,144.40722,24.20532277304144,41.559243848257154,34.30295399999999,1.6820029117519475,19.03592398696766,11.779634138710499,benefit_under_all_stream_compositions
laboratory_scale_2023,0.355,144.81515,24.273699391044385,41.67664284217878,34.39985499999999,1.7503795297548912,19.153322980889286,11.876535138710494,benefit_under_all_stream_compositions
laboratory_scale_2023,0.356,145.22308,24.34207600904733,41.79404183610042,34.496756,1.818756147757835,19.270721974810925,11.973436138710504,benefit_under_all_stream_compositions
laboratory_scale_2023,0.357,145.63101,24.41045262705027,41.911440830022045,34.59365699999999,1.887132765760775,19.38812096873255,12.0703371387105,benefit_under_all_stream_compositions
laboratory_scale_2023,0.358,146.03894,24.47882924505321,42.02883982394368,34.690557999999996,1.9555093837637152,19.505519962654184,12.167238138710502,benefit_under_all_stream_compositions
laboratory_scale_2023,0.359,146.44687,24.547205863056153,42.1462388178653,34.78745899999999,2.023886001766659,19.62291895657581,12.264139138710497,benefit_under_all_stream_compositions
laboratory_scale_2023,0.36,146.85479999999998,24.615582481059093,42.263637811786936,34.88435999999999,2.092262619769599,19.74031795049744,12.361040138710493,benefit_under_all_stream_compositions
laboratory_scale_2023,0.361,147.26273,24.683959099062037,42.38103680570857,34.98126099999999,2.1606392377725427,19.857716944419074,12.457941138710495,benefit_under_all_stream_compositions
laboratory_scale_2023,0.362,147.67066,24.75233571706498,42.4984357996302,35.07816199999999,2.2290158557754864,19.975115938340707,12.554842138710498,benefit_under_all_stream_compositions
laboratory_scale_2023,0.363,148.07859,24.82071233506792,42.61583479355183,35.175062999999994,2.2973924737784266,20.092514932262333,12.6517431387105,benefit_under_all_stream_compositions
laboratory_scale_2023,0.364,148.48651999999998,24.88908895307086,42.73323378747345,35.27196399999999,2.3657690917813667,20.209913926183958,12.748644138710496,benefit_under_all_stream_compositions
laboratory_scale_2023,0.365,148.89445,24.957465571073804,42.85063278139509,35.36886499999999,2.4341457097843104,20.327312920105598,12.845545138710499,benefit_under_all_stream_compositions
laboratory_scale_2023,0.366,149.30238,25.025842189076748,42.96803177531672,35.465765999999995,2.502522327787254,20.444711914027224,12.942446138710501,benefit_under_all_stream_compositions
laboratory_scale_2023,0.367,149.71031,25.094218807079688,43.08543076923835,35.56266699999999,2.5708989457901943,20.562110907948856,13.039347138710497,benefit_under_all_stream_compositions
laboratory_scale_2023,0.368,150.11824,25.16259542508263,43.202829763159976,35.659567999999986,2.6392755637931344,20.67950990187048,13.136248138710492,benefit_under_all_stream_compositions
laboratory_scale_2023,0.369,150.52617,25.230972043085572,43.320228757081615,35.756468999999996,2.707652181796078,20.79690889579212,13.233149138710502,benefit_under_all_stream_compositions
laboratory_scale_2023,0.37,150.9341,25.299348661088516,43.43762775100324,35.85336999999999,2.776028799799022,20.914307889713747,13.330050138710497,benefit_under_all_stream_compositions
laboratory_scale_2023,0.371,151.34203,25.367725279091456,43.555026744924874,35.950270999999994,2.844405417801962,21.03170688363538,13.4269511387105,benefit_under_all_stream_compositions
laboratory_scale_2023,0.372,151.74996,25.436101897094396,43.6724257388465,36.04717199999999,2.912782035804902,21.149105877557005,13.523852138710495,benefit_under_all_stream_compositions
laboratory_scale_2023,0.373,152.15789,25.504478515097343,43.78982473276814,36.144073,2.9811586538078494,21.266504871478645,13.620753138710505,benefit_under_all_stream_compositions
laboratory_scale_2023,0.374,152.56582,25.572855133100283,43.907223726689764,36.240973999999994,3.0495352718107895,21.38390386540027,13.7176541387105,benefit_under_all_stream_compositions
laboratory_scale_2023,0.375,152.97375,25.641231751103224,44.02462272061139,36.33787499999999,3.1179118898137297,21.501302859321896,13.814555138710496,benefit_under_all_stream_compositions
laboratory_scale_2023,0.376,153.38168,25.709608369106164,44.14202171453302,36.43477599999999,3.18628850781667,21.61870185324353,13.911456138710498,benefit_under_all_stream_compositions
laboratory_scale_2023,0.377,153.78961,25.77798498710911,44.259420708454655,36.531676999999995,3.254665125819617,21.73610084716516,14.008357138710501,benefit_under_all_stream_compositions
laboratory_scale_2023,0.378,154.19754,25.84636160511205,44.37681970237629,36.62857799999999,3.3230417438225572,21.853499841086794,14.105258138710496,benefit_under_all_stream_compositions
laboratory_scale_2023,0.379,154.60547,25.91473822311499,44.494218696297914,36.72547899999999,3.3914183618254974,21.97089883500842,14.202159138710499,benefit_under_all_stream_compositions
laboratory_scale_2023,0.38,155.0134,25.98311484111793,44.61161769021954,36.82237999999999,3.4597949798284375,22.088297828930045,14.299060138710495,benefit_under_all_stream_compositions
laboratory_scale_2023,0.381,155.42133,26.05149145912088,44.72901668414118,36.919281,3.528171597831385,22.205696822851685,14.395961138710504,benefit_under_all_stream_compositions
laboratory_scale_2023,0.382,155.82926,26.11986807712382,44.846415678062804,37.01618199999999,3.596548215834325,22.32309581677331,14.4928621387105,benefit_under_all_stream_compositions
laboratory_scale_2023,0.383,156.23719,26.18824469512676,44.96381467198444,37.11308299999999,3.664924833837265,22.440494810694943,14.589763138710495,benefit_under_all_stream_compositions
laboratory_scale_2023,0.384,156.64512,26.2566213131297,45.08121366590606,37.20998399999999,3.7333014518402052,22.55789380461657,14.686664138710498,benefit_under_all_stream_compositions
laboratory_scale_2023,0.385,157.05304999999998,26.32499793113264,45.198612659827695,37.30688499999999,3.8016780698431454,22.6752927985382,14.783565138710493,benefit_under_all_stream_compositions
laboratory_scale_2023,0.386,157.46098,26.393374549135586,45.31601165374933,37.403786,3.8700546878460926,22.792691792459834,14.880466138710503,benefit_under_all_stream_compositions
laboratory_scale_2023,0.387,157.86891,26.461751167138527,45.43341064767096,37.50068699999999,3.938431305849033,22.910090786381467,14.977367138710498,benefit_under_all_stream_compositions
laboratory_scale_2023,0.388,158.27684,26.530127785141467,45.550809641592586,37.59758799999999,4.006807923851973,23.027489780303092,15.074268138710494,benefit_under_all_stream_compositions
laboratory_scale_2023,0.389,158.68477,26.598504403144407,45.66820863551421,37.69448899999999,4.075184541854913,23.144888774224718,15.171169138710496,benefit_under_all_stream_compositions
laboratory_scale_2023,0.39,159.0927,26.666881021147354,45.78560762943585,37.79138999999999,4.14356115985786,23.262287768146358,15.268070138710499,benefit_under_all_stream_compositions
laboratory_scale_2023,0.391,159.50063,26.735257639150294,45.90300662335748,37.888290999999995,4.2119377778608005,23.379686762067983,15.364971138710501,benefit_under_all_stream_compositions
laboratory_scale_2023,0.392,159.90856,26.803634257153234,46.02040561727911,37.98519199999999,4.280314395863741,23.497085755989616,15.461872138710497,benefit_under_all_stream_compositions
laboratory_scale_2023,0.393,160.31649,26.872010875156178,46.137804611200735,38.08209299999999,4.348691013866684,23.61448474991124,15.5587731387105,benefit_under_all_stream_compositions
laboratory_scale_2023,0.394,160.72442,26.940387493159122,46.255203605122375,38.178993999999996,4.417067631869628,23.73188374383288,15.655674138710502,benefit_under_all_stream_compositions
laboratory_scale_2023,0.395,161.13235,27.008764111162062,46.372602599044,38.27589499999999,4.485444249872568,23.849282737754507,15.752575138710498,benefit_under_all_stream_compositions
laboratory_scale_2023,0.396,161.54028,27.077140729165002,46.49000159296563,38.37279599999999,4.553820867875508,23.96668173167614,15.849476138710493,benefit_under_all_stream_compositions
laboratory_scale_2023,0.397,161.94821,27.145517347167946,46.60740058688726,38.46969699999999,4.622197485878452,24.084080725597765,15.946377138710496,benefit_under_all_stream_compositions
laboratory_scale_2023,0.398,162.35614,27.21389396517089,46.7247995808089,38.56659799999999,4.690574103881396,24.201479719519405,16.043278138710498,benefit_under_all_stream_compositions
laboratory_scale_2023,0.399,162.76407,27.28227058317383,46.842198574730524,38.663498999999995,4.758950721884336,24.31887871344103,16.1401791387105,benefit_under_all_stream_compositions
laboratory_scale_2023,0.4,163.172,27.350647201176773,46.95959756865215,38.76039999999999,4.82732733988728,24.436277707362656,16.237080138710496,benefit_under_all_stream_compositions
laboratory_scale_2023,0.401,163.57993,27.419023819179714,47.07699656257378,38.85730099999999,4.89570395789022,24.55367670128429,16.3339811387105,benefit_under_all_stream_compositions
laboratory_scale_2023,0.402,163.98786,27.487400437182657,47.194395556495415,38.954201999999995,4.964080575893163,24.67107569520592,16.4308821387105,benefit_under_all_stream_compositions
laboratory_scale_2023,0.403,164.39579,27.555777055185597,47.31179455041705,39.051103,5.032457193896104,24.788474689127554,16.527783138710504,benefit_under_all_stream_compositions
laboratory_scale_2023,0.404,164.80372,27.62415367318854,47.42919354433867,39.14800399999999,5.100833811899047,24.90587368304918,16.6246841387105,benefit_under_all_stream_compositions
laboratory_scale_2023,0.405,165.21165,27.69253029119148,47.546592538260306,39.24490499999999,5.169210429901987,25.023272676970812,16.721585138710495,benefit_under_all_stream_compositions
laboratory_scale_2023,0.406,165.61958,27.760906909194425,47.66399153218194,39.34180599999999,5.237587047904931,25.140671670892445,16.818486138710497,benefit_under_all_stream_compositions
laboratory_scale_2023,0.407,166.02751,27.829283527197365,47.781390526103564,39.438706999999994,5.305963665907871,25.25807066481407,16.9153871387105,benefit_under_all_stream_compositions
laboratory_scale_2023,0.408,166.43544,27.89766014520031,47.8987895200252,39.535607999999996,5.374340283910815,25.375469658735703,17.012288138710502,benefit_under_all_stream_compositions
laboratory_scale_2023,0.409,166.84337,27.96603676320325,48.01618851394682,39.63250899999999,5.442716901913755,25.49286865265733,17.109189138710498,benefit_under_all_stream_compositions
laboratory_scale_2023,0.41,167.2513,28.03441338120619,48.133587507868455,39.72940999999999,5.511093519916695,25.61026764657896,17.206090138710493,benefit_under_all_stream_compositions
laboratory_scale_2023,0.411,167.65923,28.102789999209136,48.25098650179009,39.82631099999999,5.5794701379196425,25.727666640500594,17.302991138710496,benefit_under_all_stream_compositions
laboratory_scale_2023,0.412,168.06716,28.171166617212076,48.36838549571172,39.92321199999999,5.647846755922583,25.845065634422227,17.3998921387105,benefit_under_all_stream_compositions
laboratory_scale_2023,0.413,168.47509,28.239543235215017,48.485784489633346,40.02011299999999,5.716223373925523,25.962464628343852,17.496793138710494,benefit_under_all_stream_compositions
laboratory_scale_2023,0.414,168.88302,28.307919853217957,48.60318348355497,40.11701399999999,5.784599991928463,26.079863622265478,17.593694138710497,benefit_under_all_stream_compositions
laboratory_scale_2023,0.415,169.29095,28.376296471220904,48.72058247747661,40.21391499999999,5.85297660993141,26.197262616187118,17.6905951387105,benefit_under_all_stream_compositions
laboratory_scale_2023,0.416,169.69888,28.444673089223844,48.83798147139824,40.31081599999999,5.92135322793435,26.314661610108743,17.787496138710495,benefit_under_all_stream_compositions
laboratory_scale_2023,0.417,170.10681,28.513049707226784,48.95538046531987,40.407716999999984,5.9897298459372905,26.432060604030376,17.88439713871049,benefit_under_all_stream_compositions
laboratory_scale_2023,0.418,170.51474,28.581426325229724,49.072779459241495,40.504617999999994,6.058106463940231,26.549459597952,17.9812981387105,benefit_under_all_stream_compositions
laboratory_scale_2023,0.419,170.92267,28.692184531532735,49.190178453163135,40.60151899999999,6.1688646702432415,26.66685859187364,18.078199138710495,benefit_under_all_stream_compositions
laboratory_scale_2023,0.42,171.3306,28.809583525454364,49.30757744708476,40.69841999999999,6.286263664164871,26.784257585795267,18.175100138710498,benefit_under_all_stream_compositions
laboratory_scale_2023,0.421,171.73853,28.92698251937599,49.42497644100639,40.79532099999999,6.403662658086496,26.9016565797169,18.272001138710493,benefit_under_all_stream_compositions
laboratory_scale_2023,0.422,172.14646,29.04438151329762,49.54237543492802,40.89222199999998,6.521061652008125,27.019055573638525,18.36890213871049,benefit_under_all_stream_compositions
laboratory_scale_2023,0.423,172.55439,29.161780507219255,49.65977442884966,40.98912299999999,6.6384606459297615,27.136454567560165,18.4658031387105,benefit_under_all_stream_compositions
laboratory_scale_2023,0.424,172.96232,29.279179501140884,49.777173422771284,41.086023999999995,6.755859639851391,27.25385356148179,18.5627041387105,benefit_under_all_stream_compositions
laboratory_scale_2023,0.425,173.37025,29.396578495062514,49.89457241669291,41.18292499999999,6.87325863377302,27.371252555403416,18.659605138710496,benefit_under_all_stream_compositions
laboratory_scale_2023,0.426,173.77818,29.513977488984143,50.01197141061454,41.279825999999986,6.990657627694649,27.48865154932505,18.756506138710492,benefit_under_all_stream_compositions
laboratory_scale_2023,0.427,174.18611,29.63137648290578,50.129370404536175,41.376726999999995,7.108056621616285,27.60605054324668,18.8534071387105,benefit_under_all_stream_compositions
laboratory_scale_2023,0.428,174.59404,29.748775476827408,50.24676939845781,41.47362799999999,7.225455615537914,27.723449537168314,18.950308138710497,benefit_under_all_stream_compositions
laboratory_scale_2023,0.429,175.00197,29.866174470749037,50.36416839237943,41.57052899999999,7.342854609459543,27.84084853108994,19.0472091387105,benefit_under_all_stream_compositions
laboratory_scale_2023,0.43,175.4099,29.983573464670663,50.481567386301066,41.66742999999999,7.460253603381169,27.958247525011572,19.144110138710495,benefit_under_all_stream_compositions
laboratory_scale_2023,0.431,175.81783000000001,30.1009724585923,50.5989663802227,41.764331,7.577652597302805,28.075646518933205,19.241011138710505,benefit_under_all_stream_compositions
laboratory_scale_2023,0.432,176.22576,30.218371452513928,50.71636537414433,41.861231999999994,7.695051591224434,28.193045512854837,19.3379121387105,benefit_under_all_stream_compositions
laboratory_scale_2023,0.433,176.63369,30.335770446435557,50.83376436806596,41.95813299999999,7.812450585146063,28.310444506776463,19.434813138710496,benefit_under_all_stream_compositions
laboratory_scale_2023,0.434,177.04162,30.453169440357186,50.95116336198758,42.05503399999999,7.929849579067692,28.42784350069809,19.531714138710498,benefit_under_all_stream_compositions
laboratory_scale_2023,0.435,177.44955000000002,30.570568434278822,51.06856235590922,42.151934999999995,8.047248572989329,28.54524249461973,19.6286151387105,benefit_under_all_stream_compositions
laboratory_scale_2023,0.436,177.85748,30.68796742820045,51.18596134983085,42.248836,8.164647566910958,28.662641488541354,19.725516138710503,benefit_under_all_stream_compositions
laboratory_scale_2023,0.437,178.26541,30.805366422122077,51.30336034375248,42.34573699999999,8.282046560832583,28.780040482462987,19.8224171387105,benefit_under_all_stream_compositions
laboratory_scale_2023,0.438,178.67334,30.922765416043706,51.420759337674106,42.442637999999995,8.399445554754212,28.897439476384612,19.9193181387105,benefit_under_all_stream_compositions
laboratory_scale_2023,0.439,179.08127,31.040164409965335,51.53815833159573,42.53953899999999,8.516844548675842,29.014838470306238,20.016219138710497,benefit_under_all_stream_compositions
laboratory_scale_2023,0.44,179.4892,31.15756340388697,51.65555732551737,42.63644,8.634243542597478,29.132237464227877,20.113120138710507,benefit_under_all_stream_compositions
laboratory_scale_2023,0.441,179.89713,31.2749623978086,51.772956319439,42.733340999999996,8.751642536519107,29.249636458149503,20.210021138710502,benefit_under_all_stream_compositions
laboratory_scale_2023,0.442,180.30506,31.39236139173023,51.89035531336063,42.83024199999999,8.869041530440736,29.367035452071136,20.306922138710497,benefit_under_all_stream_compositions
laboratory_scale_2023,0.443,180.71299,31.50976038565186,52.007754307282255,42.927142999999994,8.986440524362365,29.48443444599276,20.4038231387105,benefit_under_all_stream_compositions
laboratory_scale_2023,0.444,181.12092,31.627159379573495,52.125153301203895,43.02404399999999,9.103839518284001,29.6018334399144,20.500724138710495,benefit_under_all_stream_compositions
laboratory_scale_2023,0.445,181.52885,31.744558373495124,52.24255229512552,43.120945,9.22123851220563,29.719232433836027,20.597625138710505,benefit_under_all_stream_compositions
laboratory_scale_2023,0.446,181.93678,31.86195736741675,52.35995128904715,43.217845999999994,9.338637506127256,29.83663142775766,20.6945261387105,benefit_under_all_stream_compositions
laboratory_scale_2023,0.447,182.34471,31.97935636133838,52.47735028296878,43.31474699999999,9.456036500048885,29.954030421679285,20.791427138710496,benefit_under_all_stream_compositions
laboratory_scale_2023,0.448,182.75264,32.096755355260015,52.59474927689042,43.41164799999999,9.573435493970521,30.071429415600925,20.8883281387105,benefit_under_all_stream_compositions
laboratory_scale_2023,0.449,183.16057,32.21415434918165,52.712148270812044,43.50854899999999,9.690834487892154,30.18882840952255,20.985229138710494,benefit_under_all_stream_compositions
laboratory_scale_2023,0.45,183.5685,32.33155334310327,52.82954726473367,43.60544999999999,9.80823348181378,30.306227403444176,21.082130138710497,benefit_under_all_stream_compositions
laboratory_scale_2023,0.451,183.97643,32.4489523370249,52.9469462586553,43.702350999999986,9.925632475735405,30.42362639736581,21.179031138710492,benefit_under_all_stream_compositions
laboratory_scale_2023,0.452,184.38436000000002,32.56635133094654,53.064345252576935,43.799251999999996,10.043031469657045,30.54102539128744,21.275932138710502,benefit_under_all_stream_compositions
laboratory_scale_2023,0.453,184.79229,32.683750324868164,53.18174424649857,43.89615299999999,10.16043046357867,30.658424385209074,21.372833138710497,benefit_under_all_stream_compositions
laboratory_scale_2023,0.454,185.20022,32.8011493187898,53.29914324042019,43.99305399999999,10.277829457500303,30.7758233791307,21.469734138710493,benefit_under_all_stream_compositions
laboratory_scale_2023,0.455,185.60815,32.91854831271142,53.416542234341826,44.08995499999999,10.395228451421929,30.893222373052332,21.566635138710495,benefit_under_all_stream_compositions
laboratory_scale_2023,0.456,186.01608000000002,33.03594730663306,53.53394122826346,44.18685599999999,10.512627445343568,31.010621366973965,21.663536138710498,benefit_under_all_stream_compositions
laboratory_scale_2023,0.457,186.42401,33.15334630055469,53.65134022218509,44.283756999999994,10.630026439265194,31.128020360895597,21.7604371387105,benefit_under_all_stream_compositions
laboratory_scale_2023,0.458,186.83194,33.27074529447631,53.76873921610672,44.38065799999999,10.74742543318682,31.245419354817223,21.857338138710496,benefit_under_all_stream_compositions
laboratory_scale_2023,0.459,187.23987,33.388144288397946,53.88613821002834,44.47755899999999,10.864824427108452,31.36281834873885,21.9542391387105,benefit_under_all_stream_compositions
laboratory_scale_2023,0.46,187.64780000000002,33.50554328231958,54.00353720394998,44.574459999999995,10.982223421030085,31.480217342660488,22.0511401387105,benefit_under_all_stream_compositions
laboratory_scale_2023,0.461,188.05573,33.62294227624121,54.12093619787161,44.671361,11.099622414951718,31.597616336582114,22.148041138710504,benefit_under_all_stream_compositions
laboratory_scale_2023,0.462,188.46366,33.74034127016284,54.23833519179324,44.76826199999999,11.217021408873343,31.715015330503746,22.2449421387105,benefit_under_all_stream_compositions
laboratory_scale_2023,0.463,188.87159,33.85774026408447,54.355734185714866,44.86516299999999,11.334420402794976,31.832414324425372,22.341843138710495,benefit_under_all_stream_compositions
laboratory_scale_2023,0.464,189.27952,33.975139258006095,54.4731331796365,44.96206399999999,11.451819396716601,31.949813318347005,22.438744138710497,benefit_under_all_stream_compositions
laboratory_scale_2023,0.465,189.68745,34.092538251927735,54.59053217355813,45.05896499999999,11.569218390638241,32.06721231226864,22.5356451387105,benefit_under_all_stream_compositions
laboratory_scale_2023,0.466,190.09538,34.20993724584936,54.70793116747976,45.155865999999996,11.686617384559867,32.18461130619026,22.632546138710502,benefit_under_all_stream_compositions
laboratory_scale_2023,0.467,190.50331,34.327336239770986,54.82533016140139,45.25276699999999,11.804016378481492,32.302010300111895,22.729447138710498,benefit_under_all_stream_compositions
laboratory_scale_2023,0.468,190.91124,34.44473523369262,54.942729155323015,45.34966799999999,11.921415372403125,32.41940929403352,22.826348138710493,benefit_under_all_stream_compositions
laboratory_scale_2023,0.469,191.31917,34.56213422761425,55.060128149244655,45.446569,12.038814366324758,32.53680828795516,22.923249138710503,benefit_under_all_stream_compositions
laboratory_scale_2023,0.47,191.7271,34.679533221535884,55.17752714316628,45.54346999999999,12.15621336024639,32.654207281876786,23.0201501387105,benefit_under_all_stream_compositions
laboratory_scale_2023,0.471,192.13503,34.79693221545751,55.29492613708791,45.640370999999995,12.273612354168016,32.77160627579842,23.1170511387105,benefit_under_all_stream_compositions
laboratory_scale_2023,0.472,192.54296,34.91433120937914,55.41232513100954,45.73727199999999,12.391011348089648,32.889005269720045,23.213952138710496,benefit_under_all_stream_compositions
laboratory_scale_2023,0.473,192.95089000000002,35.031730203300775,55.52972412493118,45.834173,12.508410342011281,33.006404263641684,23.310853138710506,benefit_under_all_stream_compositions
laboratory_scale_2023,0.474,193.35882,35.14912919722241,55.647123118852804,45.931073999999995,12.625809335932914,33.12380325756331,23.4077541387105,benefit_under_all_stream_compositions
laboratory_scale_2023,0.475,193.76675,35.26652819114403,55.76452211277443,46.027975,12.74320832985454,33.241202251484935,23.504655138710504,benefit_under_all_stream_compositions
laboratory_scale_2023,0.476,194.17468,35.38392718506566,55.88192110669606,46.12487599999999,12.860607323776165,33.35860124540657,23.6015561387105,benefit_under_all_stream_compositions
laboratory_scale_2023,0.477,194.58261000000002,35.5013261789873,55.999320100617695,46.22177699999999,12.978006317697805,33.4760002393282,23.698457138710495,benefit_under_all_stream_compositions
laboratory_scale_2023,0.478,194.99054,35.618725172908924,56.11671909453933,46.31867799999999,13.09540531161943,33.59339923324983,23.795358138710498,benefit_under_all_stream_compositions
laboratory_scale_2023,0.479,195.39847,35.73612416683056,56.23411808846095,46.41557899999999,13.212804305541063,33.71079822717146,23.892259138710493,benefit_under_all_stream_compositions
laboratory_scale_2023,0.48,195.8064,35.85352316075218,56.351517082382585,46.51247999999998,13.330203299462688,33.82819722109309,23.98916013871049,benefit_under_all_stream_compositions
laboratory_scale_2023,0.481,196.21433000000002,35.97092215467382,56.46891607630422,46.60938099999999,13.447602293384328,33.945596215014724,24.086061138710498,benefit_under_all_stream_compositions
laboratory_scale_2023,0.482,196.62226,36.08832114859545,56.58631507022585,46.70628199999999,13.565001287305954,34.06299520893636,24.182962138710494,benefit_under_all_stream_compositions
laboratory_scale_2023,0.483,197.03019,36.20572014251708,56.703714064147476,46.80318299999999,13.682400281227586,34.18039420285798,24.279863138710496,benefit_under_all_stream_compositions
laboratory_scale_2023,0.484,197.43812,36.323119136438706,56.8211130580691,46.900083999999985,13.799799275149212,34.29779319677961,24.37676413871049,benefit_under_all_stream_compositions
laboratory_scale_2023,0.485,197.84605000000002,36.440518130360346,56.93851205199074,46.996984999999995,13.917198269070852,34.41519219070125,24.4736651387105,benefit_under_all_stream_compositions
laboratory_scale_2023,0.486,198.25398,36.55791712428197,57.05591104591237,47.09388599999999,14.034597262992477,34.53259118462287,24.570566138710497,benefit_under_all_stream_compositions
laboratory_scale_2023,0.487,198.66191,36.6753161182036,57.173310039834,47.19078699999999,14.151996256914103,34.649990178544506,24.6674671387105,benefit_under_all_stream_compositions
laboratory_scale_2023,0.488,199.06984,36.79271511212523,57.290709033755626,47.28768799999999,14.269395250835736,34.76738917246613,24.764368138710495,benefit_under_all_stream_compositions
laboratory_scale_2023,0.489,199.47777,36.910114106046855,57.40810802767726,47.384588999999984,14.386794244757361,34.884788166387764,24.86126913871049,benefit_under_all_stream_compositions
laboratory_scale_2023,0.49,199.8857,37.027513099968495,57.52550702159889,47.481489999999994,14.504193238679001,35.0021871603094,24.9581701387105,benefit_under_all_stream_compositions
laboratory_scale_2023,0.491,200.29363,37.14491209389012,57.64290601552052,47.57839099999999,14.621592232600626,35.11958615423103,25.055071138710495,benefit_under_all_stream_compositions
laboratory_scale_2023,0.492,200.70156,37.26231108781175,57.76030500944215,47.67529199999999,14.73899122652226,35.236985148152655,25.151972138710498,benefit_under_all_stream_compositions
laboratory_scale_2023,0.493,201.10949,37.37971008173338,57.877704003363775,47.77219299999999,14.856390220443885,35.35438414207428,25.248873138710493,benefit_under_all_stream_compositions
laboratory_scale_2023,0.494,201.51742000000002,37.49710907565502,57.995102997285414,47.869094,14.973789214365524,35.47178313599592,25.345774138710503,benefit_under_all_stream_compositions
laboratory_scale_2023,0.495,201.92535,37.614508069576644,58.11250199120704,47.96599499999999,15.09118820828715,35.589182129917546,25.4426751387105,benefit_under_all_stream_compositions
laboratory_scale_2023,0.496,202.33328,37.73190706349827,58.22990098512867,48.062895999999995,15.208587202208776,35.70658112383918,25.5395761387105,benefit_under_all_stream_compositions
laboratory_scale_2023,0.497,202.74121,37.8493060574199,58.3472999790503,48.15979699999999,15.325986196130408,35.823980117760804,25.636477138710497,benefit_under_all_stream_compositions
laboratory_scale_2023,0.498,203.14914000000002,37.966705051341535,58.46469897297194,48.256698,15.443385190052041,35.941379111682444,25.733378138710506,benefit_under_all_stream_compositions
laboratory_scale_2023,0.499,203.55707,38.08410404526317,58.58209796689356,48.353598999999996,15.560784183973674,36.05877810560407,25.8302791387105,benefit_under_all_stream_compositions
laboratory_scale_2023,0.5,203.965,38.20150303918479,58.69949696081519,48.45049999999999,15.6781831778953,36.176177099525695,25.927180138710497,benefit_under_all_stream_compositions
laboratory_scale_2023,0.501,204.37293,38.318902033106426,58.81689595473682,48.547400999999994,15.795582171816932,36.29357609344733,26.0240811387105,benefit_under_all_stream_compositions
laboratory_scale_2023,0.502,204.78086000000002,38.43630102702806,58.934294948658454,48.644301999999996,15.912981165738564,36.41097508736896,26.120982138710502,benefit_under_all_stream_compositions
laboratory_scale_2023,0.503,205.18879,38.55370002094969,59.05169394258009,48.741203,16.030380159660197,36.52837408129059,26.217883138710505,benefit_under_all_stream_compositions
laboratory_scale_2023,0.504,205.59672,38.67109901487132,59.16909293650171,48.838103999999994,16.147779153581823,36.64577307521222,26.3147841387105,benefit_under_all_stream_compositions
laboratory_scale_2023,0.505,206.00465,38.78849800879294,59.286491930423345,48.93500499999999,16.26517814750345,36.76317206913385,26.411685138710496,benefit_under_all_stream_compositions
laboratory_scale_2023,0.506,206.41258000000002,38.90589700271458,59.40389092434498,49.03190599999999,16.382577141425088,36.880571063055484,26.5085861387105,benefit_under_all_stream_compositions
laboratory_scale_2023,0.507,206.82051,39.02329599663621,59.52128991826661,49.12880699999999,16.499976135346714,36.99797005697712,26.605487138710494,benefit_under_all_stream_compositions
laboratory_scale_2023,0.508,207.22844,39.14069499055783,59.638688912188236,49.22570799999999,16.61737512926834,37.11536905089874,26.702388138710496,benefit_under_all_stream_compositions
laboratory_scale_2023,0.509,207.63637,39.258093984479466,59.75608790610986,49.322608999999986,16.734774123189972,37.23276804482037,26.799289138710492,benefit_under_all_stream_compositions
laboratory_scale_2023,0.51,208.04430000000002,39.3754929784011,59.8734869000315,49.419509999999995,16.852173117111604,37.35016703874201,26.8961901387105,benefit_under_all_stream_compositions
laboratory_scale_2023,0.511,208.45223000000001,39.49289197232273,59.99088589395313,49.51641099999999,16.969572111033237,37.46756603266363,26.993091138710497,benefit_under_all_stream_compositions
laboratory_scale_2023,0.512,208.86016,39.61029096624436,60.10828488787476,49.613311999999986,17.086971104954863,37.584965026585266,27.089992138710492,benefit_under_all_stream_compositions
laboratory_scale_2023,0.513,209.26809,39.72768996016599,60.225683881796385,49.71021299999999,17.204370098876495,37.70236402050689,27.186893138710495,benefit_under_all_stream_compositions
laboratory_scale_2023,0.514,209.67602,39.845088954087615,60.34308287571802,49.807113999999984,17.32176909279812,37.819763014428524,27.28379413871049,benefit_under_all_stream_compositions
laboratory_scale_2023,0.515,210.08395000000002,39.962487948009255,60.46048186963965,49.904014999999994,17.43916808671976,37.93716200835016,27.3806951387105,benefit_under_all_stream_compositions
laboratory_scale_2023,0.516,210.49188,40.07988694193088,60.57788086356128,50.00091599999999,17.556567080641386,38.05456100227179,27.477596138710496,benefit_under_all_stream_compositions
laboratory_scale_2023,0.517,210.89981,40.197285935852506,60.69527985748291,50.09781699999999,17.673966074563012,38.171959996193415,27.5744971387105,benefit_under_all_stream_compositions
laboratory_scale_2023,0.518,211.30774,40.31468492977414,60.812678851404534,50.19471799999999,17.791365068484644,38.28935899011504,27.671398138710494,benefit_under_all_stream_compositions
laboratory_scale_2023,0.519,211.71567000000002,40.43208392369577,60.930077845326174,50.291619,17.908764062406277,38.40675798403668,27.768299138710503,benefit_under_all_stream_compositions
laboratory_scale_2023,0.52,212.1236,40.549482917617404,61.0474768392478,50.38851999999999,18.02616305632791,38.524156977958306,27.8652001387105,benefit_under_all_stream_compositions
laboratory_scale_2023,0.521,212.53153,40.66688191153903,61.16487583316943,50.48542099999999,18.143562050249535,38.64155597187994,27.962101138710494,benefit_under_all_stream_compositions
laboratory_scale_2023,0.522,212.93946,40.78428090546066,61.28227482709106,50.58232199999999,18.260961044171168,38.758954965801564,28.059002138710497,benefit_under_all_stream_compositions
laboratory_scale_2023,0.523,213.34739000000002,40.901679899382295,61.3996738210127,50.67922299999999,18.3783600380928,38.876353959723204,28.1559031387105,benefit_under_all_stream_compositions
laboratory_scale_2023,0.524,213.75532,41.01907889330393,61.51707281493432,50.776123999999996,18.495759032014433,38.99375295364483,28.252804138710502,benefit_under_all_stream_compositions
laboratory_scale_2023,0.525,214.16325,41.13647788722555,61.63447180885595,50.87302499999999,18.61315802593606,39.111151947566455,28.349705138710497,benefit_under_all_stream_compositions
laboratory_scale_2023,0.526,214.57118,41.25387688114718,61.75187080277758,50.96992599999999,18.730557019857685,39.22855094148809,28.446606138710493,benefit_under_all_stream_compositions
laboratory_scale_2023,0.527,214.97911000000002,41.37127587506882,61.869269796699214,51.066826999999996,18.847956013779324,39.34594993540972,28.543507138710503,benefit_under_all_stream_compositions
laboratory_scale_2023,0.528,215.38704,41.488674868990444,61.98666879062085,51.16372799999999,18.96535500770095,39.46334892933135,28.640408138710498,benefit_under_all_stream_compositions
laboratory_scale_2023,0.529,215.79497,41.606073862912076,62.10406778454247,51.260628999999994,19.082754001622583,39.58074792325298,28.7373091387105,benefit_under_all_stream_compositions
laboratory_scale_2023,0.53,216.2029,41.7234728568337,62.221466778464105,51.35752999999999,19.200152995544208,39.69814691717461,28.834210138710496,benefit_under_all_stream_compositions
laboratory_scale_2023,0.531,216.61083000000002,41.84087185075534,62.33886577238574,51.454431,19.317551989465848,39.815545911096244,28.931111138710506,benefit_under_all_stream_compositions
laboratory_scale_2023,0.532,217.01876000000001,41.95827084467697,62.45626476630737,51.551331999999995,19.434950983387473,39.93294490501788,29.0280121387105,benefit_under_all_stream_compositions
laboratory_scale_2023,0.533,217.42669,42.0756698385986,62.573663760228996,51.648233,19.552349977309106,40.0503438989395,29.124913138710504,benefit_under_all_stream_compositions
laboratory_scale_2023,0.534,217.83462,42.193068832520225,62.69106275415062,51.74513399999999,19.66974897123073,40.16774289286113,29.2218141387105,benefit_under_all_stream_compositions
laboratory_scale_2023,0.535,218.24255000000002,42.310467826441865,62.80846174807226,51.84203499999999,19.78714796515237,40.28514188678277,29.318715138710495,benefit_under_all_stream_compositions
laboratory_scale_2023,0.536,218.65048000000002,42.42786682036349,62.92586074199389,51.93893599999999,19.904546959073997,40.40254088070439,29.415616138710497,benefit_under_all_stream_compositions
laboratory_scale_2023,0.537,219.05841,42.545265814285116,63.04325973591552,52.03583699999999,20.021945952995623,40.519939874626026,29.512517138710493,benefit_under_all_stream_compositions
laboratory_scale_2023,0.538,219.46634,42.66266480820675,63.160658729837145,52.132737999999996,20.139344946917255,40.63733886854765,29.609418138710502,benefit_under_all_stream_compositions
laboratory_scale_2023,0.539,219.87427,42.780063802128375,63.27805772375878,52.22963899999999,20.25674394083888,40.754737862469284,29.706319138710498,benefit_under_all_stream_compositions
laboratory_scale_2023,0.54,220.28220000000002,42.897462796050014,63.39545671768041,52.32653999999999,20.37414293476052,40.87213685639092,29.803220138710493,benefit_under_all_stream_compositions
laboratory_scale_2023,0.541,220.69013,43.01486178997164,63.51285571160204,52.42344099999999,20.491541928682146,40.98953585031255,29.900121138710496,benefit_under_all_stream_compositions
laboratory_scale_2023,0.542,221.09806,43.13226078389327,63.63025470552367,52.520341999999985,20.60894092260378,41.106934844234175,29.99702213871049,benefit_under_all_stream_compositions
laboratory_scale_2023,0.543,221.50599,43.2496597778149,63.747653699445294,52.61724299999999,20.726339916525404,41.2243338381558,30.093923138710494,benefit_under_all_stream_compositions
laboratory_scale_2023,0.544,221.91392000000002,43.36705877173654,63.865052693366934,52.71414399999999,20.843738910447044,41.34173283207744,30.190824138710497,benefit_under_all_stream_compositions
laboratory_scale_2023,0.545,222.32185,43.48445776565816,63.98245168728856,52.81104499999999,20.96113790436867,41.459131825999066,30.2877251387105,benefit_under_all_stream_compositions
laboratory_scale_2023,0.546,222.72978,43.60185675957979,64.09985068121019,52.90794599999999,21.078536898290295,41.57653081992069,30.384626138710495,benefit_under_all_stream_compositions
laboratory_scale_2023,0.547,223.13771,43.71925575350142,64.21724967513182,53.004846999999984,21.195935892211928,41.69392981384233,30.48152713871049,benefit_under_all_stream_compositions
laboratory_scale_2023,0.548,223.54564000000002,43.836654747423054,64.33464866905345,53.10174799999999,21.31333488613356,41.81132880776396,30.5784281387105,benefit_under_all_stream_compositions
laboratory_scale_2023,0.549,223.95357,43.95405374134469,64.45204766297509,53.19864899999999,21.430733880055193,41.928727801685596,30.675329138710495,benefit_under_all_stream_compositions
laboratory_scale_2023,0.55,224.3615,44.07145273526631,64.56944665689672,53.29554999999999,21.54813287397682,42.04612679560722,30.772230138710498,benefit_under_all_stream_compositions
laboratory_scale_2023,0.551,224.76943,44.188851729187945,64.68684565081834,53.39245099999999,21.66553186789845,42.16352578952885,30.869131138710493,benefit_under_all_stream_compositions
laboratory_scale_2023,0.552,225.17736000000002,44.30625072310958,64.80424464473998,53.489352,21.782930861820084,42.28092478345049,30.966032138710503,benefit_under_all_stream_compositions
laboratory_scale_2023,0.553,225.58529000000001,44.42364971703121,64.9216436386616,53.58625299999999,21.900329855741717,42.39832377737211,31.0629331387105,benefit_under_all_stream_compositions
laboratory_scale_2023,0.554,225.99322,44.541048710952836,65.03904263258323,53.683153999999995,22.017728849663342,42.51572277129374,31.1598341387105,benefit_under_all_stream_compositions
laboratory_scale_2023,0.555,226.40115,44.65844770487446,65.15644162650486,53.78005499999999,22.135127843584968,42.633121765215364,31.256735138710496,benefit_under_all_stream_compositions
laboratory_scale_2023,0.556,226.80908000000002,44.7758466987961,65.2738406204265,53.876956,22.252526837506608,42.750520759137004,31.353636138710506,benefit_under_all_stream_compositions
laboratory_scale_2023,0.557,227.21701000000002,44.89324569271773,65.39123961434812,53.973856999999995,22.369925831428233,42.86791975305863,31.4505371387105,benefit_under_all_stream_compositions
laboratory_scale_2023,0.558,227.62494,45.01064468663935,65.50863860826976,54.07075799999999,22.48732482534986,42.98531874698027,31.547438138710497,benefit_under_all_stream_compositions
laboratory_scale_2023,0.559,228.03287,45.128043680560985,65.62603760219139,54.16765899999999,22.60472381927149,43.102717740901895,31.6443391387105,benefit_under_all_stream_compositions
laboratory_scale_2023,0.56,228.44080000000002,45.24544267448262,65.74343659611303,54.264559999999996,22.722122813193124,43.220116734823534,31.741240138710502,benefit_under_all_stream_compositions
laboratory_scale_2023,0.561,228.84873000000002,45.36284166840425,65.86083559003465,54.361461,22.839521807114757,43.33751572874516,31.838141138710505,benefit_under_all_stream_compositions
laboratory_scale_2023,0.562,229.25666,45.48024066232588,65.97823458395628,54.458361999999994,22.95692080103639,43.454914722666786,31.9350421387105,benefit_under_all_stream_compositions
laboratory_scale_2023,0.563,229.66459,45.59763965624751,66.0956335778779,54.55526299999999,23.074319794958015,43.57231371658841,32.031943138710496,benefit_under_all_stream_compositions
laboratory_scale_2023,0.564,230.07252,45.715038650169134,66.21303257179953,54.65216399999999,23.19171878887964,43.68971271051004,32.1288441387105,benefit_under_all_stream_compositions
laboratory_scale_2023,0.565,230.48045000000002,45.832437644090774,66.33043156572117,54.74906499999999,23.30911778280128,43.80711170443168,32.225745138710494,benefit_under_all_stream_compositions
laboratory_scale_2023,0.566,230.88838,45.9498366380124,66.4478305596428,54.845966,23.426516776722906,43.9245106983533,32.3226461387105,benefit_under_all_stream_compositions
laboratory_scale_2023,0.567,231.29631,46.067235631934025,66.56522955356444,54.94286699999999,23.54391577064453,44.04190969227494,32.4195471387105,benefit_under_all_stream_compositions
laboratory_scale_2023,0.568,231.70424,46.18463462585566,66.68262854748606,55.039767999999995,23.661314764566164,44.15930868619657,32.5164481387105,benefit_under_all_stream_compositions
laboratory_scale_2023,0.569,232.11217000000002,46.30203361977729,66.80002754140769,55.13666899999999,23.778713758487797,44.27670768011819,32.6133491387105,benefit_under_all_stream_compositions
laboratory_scale_2023,0.57,232.5201,46.41943261369892,66.91742653532933,55.233569999999986,23.89611275240943,44.39410667403983,32.71025013871049,benefit_under_all_stream_compositions
laboratory_scale_2023,0.571,232.92803,46.536831607620556,67.03482552925095,55.33047099999999,24.013511746331062,44.51150566796146,32.807151138710495,benefit_under_all_stream_compositions
laboratory_scale_2023,0.572,233.33596,46.65423060154218,67.15222452317258,55.427371999999984,24.130910740252688,44.628904661883084,32.90405213871049,benefit_under_all_stream_compositions
laboratory_scale_2023,0.573,233.74389000000002,46.77162959546382,67.26962351709422,55.524272999999994,24.248309734174327,44.746303655804724,33.0009531387105,benefit_under_all_stream_compositions
laboratory_scale_2023,0.574,234.15182000000001,46.88902858938545,67.38702251101584,55.62117399999999,24.365708728095953,44.86370264972635,33.097854138710495,benefit_under_all_stream_compositions
laboratory_scale_2023,0.575,234.55975,47.00642758330707,67.50442150493747,55.71807499999999,24.48310772201758,44.981101643647975,33.1947551387105,benefit_under_all_stream_compositions
laboratory_scale_2023,0.576,234.96768,47.1238265772287,67.6218204988591,55.81497599999999,24.600506715939204,45.0985006375696,33.29165613871049,benefit_under_all_stream_compositions
laboratory_scale_2023,0.577,235.37561000000002,47.24122557115034,67.73921949278073,55.911877,24.717905709860844,45.21589963149124,33.3885571387105,benefit_under_all_stream_compositions
laboratory_scale_2023,0.578,235.78354000000002,47.35862456507196,67.85661848670236,56.00877799999999,24.83530470378247,45.333298625412866,33.4854581387105,benefit_under_all_stream_compositions
laboratory_scale_2023,0.579,236.19147,47.476023558993596,67.974017480624,56.10567899999999,24.952703697704102,45.450697619334505,33.582359138710494,benefit_under_all_stream_compositions
laboratory_scale_2023,0.58,236.5994,47.59342255291523,68.09141647454562,56.20257999999999,25.070102691625735,45.56809661325613,33.6792601387105,benefit_under_all_stream_compositions
laboratory_scale_2023,0.581,237.00733000000002,47.71082154683686,68.20881546846726,56.29948099999999,25.187501685547367,45.68549560717777,33.7761611387105,benefit_under_all_stream_compositions
laboratory_scale_2023,0.582,237.41526000000002,47.828220540758494,68.31957367477025,56.396381999999996,25.304900679469,45.79625381348076,33.8730621387105,benefit_under_all_stream_compositions
laboratory_scale_2023,0.583,237.82319,47.94561953468012,68.3879502927732,56.49328299999999,25.422299673390626,45.864630431483704,33.9699631387105,benefit_under_all_stream_compositions
laboratory_scale_2023,0.584,238.23112,48.063018528601745,68.45632691077614,56.59018399999999,25.53969866731225,45.93300704948665,34.06686413871049,benefit_under_all_stream_compositions
laboratory_scale_2023,0.585,238.63905000000003,48.180417522523385,68.52470352877909,56.687084999999996,25.65709766123389,46.00138366748959,34.1637651387105,benefit_under_all_stream_compositions
laboratory_scale_2023,0.586,239.04698000000002,48.29781651644501,68.59308014678203,56.78398599999999,25.774496655155517,46.069760285492535,34.2606661387105,benefit_under_all_stream_compositions
laboratory_scale_2023,0.587,239.45491,48.415215510366636,68.66145676478497,56.880886999999994,25.891895649077142,46.13813690349548,34.3575671387105,benefit_under_all_stream_compositions
laboratory_scale_2023,0.588,239.86284,48.53261450428827,68.72983338278792,56.97778799999999,26.009294642998775,46.20651352149842,34.454468138710496,benefit_under_all_stream_compositions
laboratory_scale_2023,0.589,240.27077,48.6500134982099,68.79821000079085,57.07468899999999,26.126693636920407,46.27489013950135,34.5513691387105,benefit_under_all_stream_compositions
laboratory_scale_2023,0.59,240.67870000000002,48.767412492131534,68.86658661879379,57.171589999999995,26.24409263084204,46.343266757504296,34.6482701387105,benefit_under_all_stream_compositions
laboratory_scale_2023,0.591,241.08663,48.88481148605316,68.93496323679673,57.268491,26.361491624763666,46.41164337550724,34.745171138710504,benefit_under_all_stream_compositions
laboratory_scale_2023,0.592,241.49456,49.00221047997479,69.00333985479968,57.36539199999999,26.4788906186853,46.48001999351018,34.8420721387105,benefit_under_all_stream_compositions
laboratory_scale_2023,0.593,241.90249,49.11960947389642,69.07171647280262,57.46229299999999,26.596289612606924,46.54839661151313,34.938973138710494,benefit_under_all_stream_compositions
laboratory_scale_2023,0.594,242.31042000000002,49.23700846781806,69.14009309080556,57.559194,26.713688606528564,46.61677322951607,35.035874138710504,benefit_under_all_stream_compositions
laboratory_scale_2023,0.595,242.71835000000002,49.35440746173968,69.20846970880851,57.65609499999999,26.83108760045019,46.685149847519014,35.1327751387105,benefit_under_all_stream_compositions
laboratory_scale_2023,0.596,243.12628,49.47180645566131,69.27684632681145,57.752995999999996,26.948486594371815,46.75352646552196,35.2296761387105,benefit_under_all_stream_compositions
laboratory_scale_2023,0.597,243.53421,49.58920544958294,69.34522294481438,57.84989699999999,27.065885588293447,46.82190308352489,35.3265771387105,benefit_under_all_stream_compositions
laboratory_scale_2023,0.598,243.94214000000002,49.706604443504574,69.41359956281732,57.94679799999999,27.18328458221508,46.89027970152783,35.42347813871049,benefit_under_all_stream_compositions
laboratory_scale_2023,0.599,244.35007000000002,49.82400343742621,69.48197618082027,58.04369899999999,27.300683576136713,46.958656319530775,35.520379138710496,benefit_under_all_stream_compositions
laboratory_scale_2023,0.6,244.758,49.94140243134783,69.55035279882321,58.140599999999985,27.41808257005834,47.02703293753372,35.61728013871049,benefit_under_all_stream_compositions
laboratory_scale_2023,0.601,245.16593,50.058801425269465,69.61872941682616,58.23750099999999,27.53548156397997,47.09540955553666,35.714181138710494,benefit_under_all_stream_compositions
laboratory_scale_2023,0.602,245.57386000000002,50.1762004191911,69.6871060348291,58.33440199999999,27.652880557901604,47.163786173539606,35.811082138710496,benefit_under_all_stream_compositions
laboratory_scale_2023,0.603,245.98179000000002,50.29359941311273,69.75548265283204,58.43130299999999,27.770279551823236,47.23216279154255,35.9079831387105,benefit_under_all_stream_compositions
laboratory_scale_2023,0.604,246.38972,50.410998407034356,69.82385927083499,58.52820399999999,27.887678545744862,47.30053940954549,36.004884138710494,benefit_under_all_stream_compositions
laboratory_scale_2023,0.605,246.79765,50.52839740095598,69.89223588883792,58.625104999999984,28.005077539666487,47.36891602754842,36.10178513871049,benefit_under_all_stream_compositions
laboratory_scale_2023,0.606,247.20558000000003,50.64579639487762,69.96061250684087,58.72200599999999,28.122476533588127,47.43729264555138,36.1986861387105,benefit_under_all_stream_compositions
laboratory_scale_2023,0.607,247.61351000000002,50.76319538879925,70.0289891248438,58.81890699999999,28.239875527509753,47.50566926355431,36.295587138710495,benefit_under_all_stream_compositions
laboratory_scale_2023,0.608,248.02144,50.88059438272087,70.09736574284675,58.91580799999999,28.35727452143138,47.574045881557254,36.3924881387105,benefit_under_all_stream_compositions
laboratory_scale_2023,0.609,248.42937,50.997993376642505,70.16574236084969,59.01270899999999,28.47467351535301,47.6424224995602,36.48938913871049,benefit_under_all_stream_compositions
laboratory_scale_2023,0.61,248.83730000000003,51.11539237056414,70.23411897885263,59.109609999999996,28.592072509274644,47.71079911756314,36.5862901387105,benefit_under_all_stream_compositions
laboratory_scale_2023,0.611,249.24523000000002,51.23279136448577,70.30249559685558,59.20651099999999,28.709471503196276,47.779175735566085,36.6831911387105,benefit_under_all_stream_compositions
laboratory_scale_2023,0.612,249.65316,51.3501903584074,70.37087221485852,59.303411999999994,28.82687049711791,47.84755235356903,36.7800921387105,benefit_under_all_stream_compositions
laboratory_scale_2023,0.613,250.06109,51.46758935232903,70.43924883286145,59.40031299999999,28.944269491039535,47.91592897157196,36.876993138710496,benefit_under_all_stream_compositions
laboratory_scale_2023,0.614,250.46902000000003,51.58498834625067,70.50762545086441,59.497214,29.061668484961174,47.984305589574916,36.973894138710506,benefit_under_all_stream_compositions
laboratory_scale_2023,0.615,250.87695000000002,51.702387340172294,70.57600206886734,59.594114999999995,29.1790674788828,48.052682207577845,37.0707951387105,benefit_under_all_stream_compositions
laboratory_scale_2023,0.616,251.28488000000002,51.81978633409392,70.64437868687028,59.69101599999999,29.296466472804426,48.12105882558079,37.1676961387105,benefit_under_all_stream_compositions
laboratory_scale_2023,0.617,251.69281,51.937185328015545,70.71275530487323,59.78791699999999,29.41386546672605,48.18943544358373,37.2645971387105,benefit_under_all_stream_compositions
laboratory_scale_2023,0.618,252.10074,52.05458432193718,70.78113192287617,59.88481799999999,29.531264460647684,48.25781206158668,37.361498138710495,benefit_under_all_stream_compositions
laboratory_scale_2023,0.619,252.50867000000002,52.17198331585881,70.84950854087911,59.981719,29.648663454569316,48.32618867958962,37.458399138710504,benefit_under_all_stream_compositions
laboratory_scale_2023,0.62,252.91660000000002,52.28938230978044,70.91788515888206,60.078619999999994,29.76606244849095,48.394565297592564,37.5553001387105,benefit_under_all_stream_compositions
laboratory_scale_2023,0.621,253.32453,52.406781303702076,70.98626177688499,60.17552099999999,29.88346144241258,48.46294191559549,37.652201138710495,benefit_under_all_stream_compositions
laboratory_scale_2023,0.622,253.73246,52.5241802976237,71.05463839488793,60.27242199999999,30.000860436334207,48.53131853359844,37.7491021387105,benefit_under_all_stream_compositions
laboratory_scale_2023,0.623,254.14039000000002,52.64157929154534,71.12301501289087,60.369322999999994,30.118259430255847,48.59969515160138,37.8460031387105,benefit_under_all_stream_compositions
laboratory_scale_2023,0.624,254.54832000000002,52.758978285466966,71.19139163089382,60.466224,30.235658424177473,48.668071769604325,37.9429041387105,benefit_under_all_stream_compositions
laboratory_scale_2023,0.625,254.95625,52.87637727938859,71.25976824889676,60.56312499999999,30.353057418099098,48.73644838760727,38.0398051387105,benefit_under_all_stream_compositions
laboratory_scale_2023,0.626,255.36418,52.99377627331022,71.3281448668997,60.660025999999995,30.470456412020724,48.80482500561021,38.1367061387105,benefit_under_all_stream_compositions
laboratory_scale_2023,0.627,255.77211000000003,53.11117526723186,71.39652148490265,60.75692699999999,30.587855405942364,48.873201623613156,38.2336071387105,benefit_under_all_stream_compositions
laboratory_scale_2023,0.628,256.18004,53.22857426115348,71.4648981029056,60.853827999999986,30.70525439986399,48.9415782416161,38.33050813871049,benefit_under_all_stream_compositions
laboratory_scale_2023,0.629,256.58797,53.34597325507511,71.53327472090852,60.95072899999999,30.822653393785615,49.00995485961903,38.427409138710495,benefit_under_all_stream_compositions
laboratory_scale_2023,0.63,256.9959,53.46337224899675,71.60165133891147,61.047629999999984,30.940052387707254,49.07833147762197,38.52431013871049,benefit_under_all_stream_compositions
laboratory_scale_2023,0.631,257.40383,53.58077124291838,71.67002795691441,61.14453099999999,31.057451381628887,49.146708095624916,38.6212111387105,benefit_under_all_stream_compositions
laboratory_scale_2023,0.632,257.81176,53.69817023684,71.73840457491735,61.24143199999999,31.174850375550506,49.21508471362786,38.718112138710495,benefit_under_all_stream_compositions
laboratory_scale_2023,0.633,258.21969,53.81556923076164,71.8067811929203,61.33833299999999,31.292249369472145,49.283461331630804,38.8150131387105,benefit_under_all_stream_compositions
laboratory_scale_2023,0.634,258.62762,53.93296822468326,71.87515781092323,61.43523399999999,31.409648363393764,49.35183794963373,38.91191413871049,benefit_under_all_stream_compositions
laboratory_scale_2023,0.635,259.03555,54.05036721860489,71.94353442892618,61.53213499999998,31.527047357315396,49.42021456763669,39.00881513871049,benefit_under_all_stream_compositions
laboratory_scale_2023,0.636,259.44348,54.16776621252653,72.01191104692913,61.62903599999999,31.644446351237036,49.488591185639635,39.1057161387105,benefit_under_all_stream_compositions
laboratory_scale_2023,0.637,259.85141,54.285165206448156,72.08028766493206,61.72593699999998,31.76184534515866,49.556967803642564,39.20261713871049,benefit_under_all_stream_compositions
laboratory_scale_2023,0.638,260.25934,54.40256420036979,72.148664282935,61.82283799999999,31.879244339080294,49.62534442164551,39.299518138710496,benefit_under_all_stream_compositions
laboratory_scale_2023,0.639,260.66727000000003,54.51996319429142,72.21704090093795,61.91973899999999,31.996643333001927,49.69372103964845,39.3964191387105,benefit_under_all_stream_compositions
laboratory_scale_2023,0.64,261.0752,54.63736218821305,72.28541751894089,62.01663999999998,32.11404232692355,49.762097657651395,39.49332013871049,benefit_under_all_stream_compositions
laboratory_scale_2023,0.641,261.48313,54.754761182134686,72.35379413694383,62.11354099999999,32.23144132084519,49.83047427565434,39.5902211387105,benefit_under_all_stream_compositions
laboratory_scale_2023,0.642,261.89106,54.8721601760563,72.42217075494676,62.21044199999998,32.348840314766804,49.89885089365727,39.687122138710485,benefit_under_all_stream_compositions
laboratory_scale_2023,0.643,262.29899,54.98955916997794,72.49054737294972,62.30734299999999,32.46623930868844,49.96722751166023,39.784023138710495,benefit_under_all_stream_compositions
laboratory_scale_2023,0.644,262.70691999999997,55.10695816389956,72.55892399095265,62.40424399999998,32.58363830261007,50.035604129663156,39.88092413871048,benefit_under_all_stream_compositions
laboratory_scale_2023,0.645,263.11485,55.224357157821196,72.6273006089556,62.50114499999999,32.7010372965317,50.1039807476661,39.97782513871049,benefit_under_all_stream_compositions
laboratory_scale_2023,0.646,263.52278,55.34175615174283,72.69567722695854,62.59804599999999,32.818436290453334,50.17235736566904,40.074726138710496,benefit_under_all_stream_compositions
laboratory_scale_2023,0.647,263.93071000000003,55.45915514566447,72.7640538449615,62.694947,32.935835284374974,50.240733983672,40.171627138710505,benefit_under_all_stream_compositions
laboratory_scale_2023,0.648,264.33864,55.576554139586094,72.83243046296442,62.79184799999999,33.0532342782966,50.30911060167493,40.268528138710494,benefit_under_all_stream_compositions
laboratory_scale_2023,0.649,264.74657,55.693953133507726,72.90080708096737,62.888749,33.17063327221823,50.377487219677874,40.3654291387105,benefit_under_all_stream_compositions
laboratory_scale_2023,0.65,265.1545,55.811352127429345,72.96918369897031,62.985649999999985,33.28803226613985,50.44586383768082,40.46233013871049,benefit_under_all_stream_compositions
laboratory_scale_2023,0.651,265.56243,55.928751121350984,73.03756031697326,63.08255099999999,33.40543126006149,50.51424045568376,40.559231138710494,benefit_under_all_stream_compositions
laboratory_scale_2023,0.652,265.97035999999997,56.0461501152726,73.10593693497619,63.179451999999976,33.52283025398311,50.58261707368669,40.65613213871048,benefit_under_all_stream_compositions
laboratory_scale_2023,0.653,266.37829,56.163549109194236,73.17431355297913,63.276352999999986,33.64022924790474,50.650993691689635,40.75303313871049,benefit_under_all_stream_compositions
laboratory_scale_2023,0.654,266.78622,56.280948103115875,73.24269017098207,63.373253999999996,33.75762824182638,50.71937030969258,40.8499341387105,benefit_under_all_stream_compositions
laboratory_scale_2023,0.655,267.19415000000004,56.398347097037515,73.31106678898502,63.47015499999999,33.87502723574802,50.78774692769552,40.9468351387105,benefit_under_all_stream_compositions
laboratory_scale_2023,0.656,267.60208,56.515746090959134,73.37944340698796,63.56705599999999,33.99242622966964,50.856123545698466,41.04373613871049,benefit_under_all_stream_compositions
laboratory_scale_2023,0.657,268.01001,56.633145084880766,73.4478200249909,63.66395699999999,34.10982522359127,50.92450016370141,41.140637138710495,benefit_under_all_stream_compositions
laboratory_scale_2023,0.658,268.41794,56.75054407880239,73.51619664299385,63.760857999999985,34.2272242175129,50.992876781704354,41.23753813871049,benefit_under_all_stream_compositions
laboratory_scale_2023,0.659,268.82587,56.867943072724024,73.58457326099679,63.857758999999994,34.34462321143453,51.0612533997073,41.3344391387105,benefit_under_all_stream_compositions
laboratory_scale_2023,0.66,269.2338,56.98534206664564,73.65294987899972,63.95465999999998,34.46202220535615,51.12963001771023,41.43134013871049,benefit_under_all_stream_compositions
laboratory_scale_2023,0.661,269.64173,57.10274106056728,73.72132649700266,64.05156099999999,34.57942119927779,51.19800663571317,41.5282411387105,benefit_under_all_stream_compositions
laboratory_scale_2023,0.662,270.04966,57.22014005448892,73.78970311500561,64.14846199999998,34.69682019319943,51.266383253716114,41.62514213871049,benefit_under_all_stream_compositions
laboratory_scale_2023,0.663,270.45759000000004,57.337539048410555,73.85807973300857,64.245363,34.81421918712106,51.33475987171907,41.722043138710504,benefit_under_all_stream_compositions
laboratory_scale_2023,0.664,270.86552,57.454938042332174,73.9264563510115,64.34226399999999,34.93161818104268,51.403136489722,41.81894413871049,benefit_under_all_stream_compositions
laboratory_scale_2023,0.665,271.27345,57.57233703625381,73.99483296901444,64.43916499999999,35.04901717496432,51.471513107724945,41.915845138710495,benefit_under_all_stream_compositions
laboratory_scale_2023,0.666,271.68138,57.68973603017543,74.06320958701738,64.53606599999998,35.16641616888594,51.53988972572789,42.01274613871048,benefit_under_all_stream_compositions
laboratory_scale_2023,0.667,272.08931,57.807135024097065,74.13158620502033,64.632967,35.28381516280757,51.60826634373083,42.1096471387105,benefit_under_all_stream_compositions
laboratory_scale_2023,0.668,272.49724,57.92453401801869,74.19996282302326,64.72986799999998,35.401214156729196,51.67664296173376,42.20654813871049,benefit_under_all_stream_compositions
laboratory_scale_2023,0.669,272.90517,58.04193301194033,74.2683394410262,64.82676899999998,35.518613150650836,51.745019579736706,42.30344913871049,benefit_under_all_stream_compositions
laboratory_scale_2023,0.67,273.31309999999996,58.15933200586195,74.33671605902914,64.92366999999999,35.636012144572454,51.81339619773965,42.40035013871049,benefit_under_all_stream_compositions
laboratory_scale_2023,0.671,273.72103000000004,58.276730999783595,74.4050926770321,65.020571,35.7534111384941,51.88177281574261,42.49725113871051,benefit_under_all_stream_compositions
laboratory_scale_2023,0.672,274.12896,58.39412999370522,74.47346929503503,65.11747199999999,35.87081013241573,51.95014943374554,42.5941521387105,benefit_under_all_stream_compositions
laboratory_scale_2023,0.673,274.53689,58.51152898762686,74.54184591303797,65.214373,35.98820912633737,52.01852605174848,42.6910531387105,benefit_under_all_stream_compositions
laboratory_scale_2023,0.674,274.94482,58.62892798154847,74.61022253104092,65.31127399999998,36.10560812025898,52.086902669751424,42.78795413871049,benefit_under_all_stream_compositions
laboratory_scale_2023,0.675,275.35275,58.74632697547011,74.67859914904386,65.40817499999999,36.22300711418062,52.15527928775437,42.88485513871049,benefit_under_all_stream_compositions
laboratory_scale_2023,0.676,275.76068,58.86372596939174,74.74697576704679,65.50507599999997,36.34040610810224,52.2236559057573,42.98175613871048,benefit_under_all_stream_compositions
laboratory_scale_2023,0.677,276.16861,58.98112496331337,74.81535238504974,65.60197699999999,36.457805102023876,52.29203252376024,43.0786571387105,benefit_under_all_stream_compositions
laboratory_scale_2023,0.678,276.57653999999997,59.09852395723499,74.88372900305268,65.69887799999998,36.575204095945494,52.360409141763185,43.175558138710485,benefit_under_all_stream_compositions
laboratory_scale_2023,0.679,276.98447000000004,59.21592295115664,74.95210562105564,65.795779,36.69260308986715,52.42878575976614,43.2724591387105,benefit_under_all_stream_compositions
laboratory_scale_2023,0.68,277.3924,59.33332194507827,75.02048223905857,65.89267999999998,36.810002083788774,52.49716237776907,43.36936013871049,benefit_under_all_stream_compositions
laboratory_scale_2023,0.681,277.80033000000003,59.4507209389999,75.08885885706151,65.989581,36.92740107771041,52.565538995772016,43.46626113871051,benefit_under_all_stream_compositions
laboratory_scale_2023,0.682,278.20826,59.56811993292152,75.15723547506445,66.08648199999999,37.044800071632025,52.63391561377496,43.563162138710496,benefit_under_all_stream_compositions
laboratory_scale_2023,0.683,278.61619,59.68551892684316,75.2256120930674,66.18338299999999,37.162199065553665,52.7022922317779,43.6600631387105,benefit_under_all_stream_compositions
laboratory_scale_2023,0.684,279.02412,59.80291792076478,75.29398871107033,66.28028399999998,37.27959805947528,52.77066884978083,43.75696413871049,benefit_under_all_stream_compositions
laboratory_scale_2023,0.685,279.43205,59.92031691468641,75.36236532907327,66.37718499999998,37.396997053396916,52.83904546778378,43.85386513871049,benefit_under_all_stream_compositions
laboratory_scale_2023,0.686,279.83997999999997,60.037715908608035,75.43074194707621,66.47408599999999,37.51439604731854,52.90742208578672,43.95076613871049,benefit_under_all_stream_compositions
laboratory_scale_2023,0.687,280.24791000000005,60.15511490252969,75.49911856507917,66.57098699999999,37.631795041240196,52.97579870378968,44.047667138710494,benefit_under_all_stream_compositions
laboratory_scale_2023,0.688,280.65584,60.27251389645131,75.5674951830821,66.66788799999999,37.749194035161814,53.04417532179261,44.1445681387105,benefit_under_all_stream_compositions
laboratory_scale_2023,0.689,281.06377000000003,60.38991289037294,75.63587180108505,66.764789,37.86659302908345,53.11255193979555,44.2414691387105,benefit_under_all_stream_compositions
laboratory_scale_2023,0.69,281.4717,60.507311884294566,75.70424841908799,66.86169,37.98399202300507,53.180928557798495,44.3383701387105,benefit_under_all_stream_compositions
laboratory_scale_2023,0.691,281.87963,60.624710878216206,75.77262503709093,66.95859099999998,38.10139101692671,53.24930517580144,44.43527113871049,benefit_under_all_stream_compositions
laboratory_scale_2023,0.692,282.28756,60.74210987213782,75.84100165509386,67.05549199999999,38.21879001084832,53.31768179380437,44.53217213871049,benefit_under_all_stream_compositions
laboratory_scale_2023,0.693,282.69549,60.85950886605946,75.9093782730968,67.15239299999999,38.33618900476996,53.38605841180731,44.629073138710496,benefit_under_all_stream_compositions
laboratory_scale_2023,0.694,283.10341999999997,60.97690785998108,75.97775489109975,67.24929399999998,38.45358799869159,53.454435029810256,44.725974138710484,benefit_under_all_stream_compositions
laboratory_scale_2023,0.695,283.51135,61.09430685390271,76.0461315091027,67.34619499999998,38.570986992613214,53.5228116478132,44.82287513871049,benefit_under_all_stream_compositions
laboratory_scale_2023,0.696,283.91928,61.21170584782435,76.11450812710564,67.44309599999998,38.688385986534854,53.59118826581614,44.91977613871049,benefit_under_all_stream_compositions
laboratory_scale_2023,0.697,284.32721000000004,61.32910484174599,76.18288474510858,67.539997,38.805784980456494,53.65956488381909,45.016677138710506,benefit_under_all_stream_compositions
laboratory_scale_2023,0.698,284.73514,61.44650383566761,76.25126136311152,67.63689799999999,38.92318397437812,53.72794150182203,45.113578138710494,benefit_under_all_stream_compositions
laboratory_scale_2023,0.699,285.14307,61.56390282958924,76.31963798111447,67.73379899999999,39.040582968299745,53.796318119824974,45.2104791387105,benefit_under_all_stream_compositions
laboratory_scale_2023,0.7,285.551,61.681301823510864,76.3880145991174,67.83069999999998,39.15798196222137,53.864694737827904,45.307380138710485,benefit_under_all_stream_compositions
laboratory_scale_2023,0.701,285.95893,61.798700817432504,76.45639121712034,67.92760099999998,39.27538095614301,53.93307135583085,45.40428113871049,benefit_under_all_stream_compositions
laboratory_scale_2023,0.702,286.36686,61.916099811354115,76.52476783512328,68.02450199999997,39.39277995006462,54.00144797383379,45.501182138710476,benefit_under_all_stream_compositions
laboratory_scale_2023,0.703,286.77479,62.033498805275755,76.59314445312623,68.12140299999999,39.51017894398626,54.069824591836735,45.59808313871049,benefit_under_all_stream_compositions
laboratory_scale_2023,0.704,287.18272,62.150897799197395,76.66152107112917,68.21830399999999,39.6275779379079,54.13820120983968,45.694984138710495,benefit_under_all_stream_compositions
laboratory_scale_2023,0.705,287.59065000000004,62.268296793119035,76.72989768913212,68.31520499999999,39.74497693182954,54.20657782784262,45.7918851387105,benefit_under_all_stream_compositions
laboratory_scale_2023,0.706,287.99858,62.385695787040646,76.79827430713506,68.41210599999998,39.86237592575115,54.274954445845566,45.888786138710486,benefit_under_all_stream_compositions
laboratory_scale_2023,0.707,288.40651,62.503094780962286,76.866650925138,68.509007,39.97977491967279,54.34333106384851,45.9856871387105,benefit_under_all_stream_compositions
laboratory_scale_2023,0.708,288.81444,62.62049377488391,76.93502754314093,68.60590799999999,40.09717391359442,54.41170768185144,46.08258813871049,benefit_under_all_stream_compositions
laboratory_scale_2023,0.709,289.22237,62.73789276880555,77.00340416114389,68.70280899999999,40.21457290751606,54.4800842998544,46.179489138710494,benefit_under_all_stream_compositions
laboratory_scale_2023,0.71,289.6303,62.85529176272716,77.07178077914682,68.79970999999998,40.33197190143767,54.54846091785733,46.27639013871048,benefit_under_all_stream_compositions
laboratory_scale_2023,0.711,290.03823,62.9726907566488,77.14015739714976,68.896611,40.44937089535931,54.61683753586027,46.3732911387105,benefit_under_all_stream_compositions
laboratory_scale_2023,0.712,290.44616,63.09008975057044,77.20853401515271,68.993512,40.56676988928095,54.685214153863214,46.4701921387105,benefit_under_all_stream_compositions
laboratory_scale_2023,0.713,290.85409000000004,63.20748874449208,77.27691063315565,69.090413,40.68416888320259,54.75359077186616,46.567093138710504,benefit_under_all_stream_compositions
laboratory_scale_2023,0.714,291.26202,63.32488773841369,77.3452872511586,69.18731399999999,40.8015678771242,54.8219673898691,46.66399413871049,benefit_under_all_stream_compositions
laboratory_scale_2023,0.715,291.66995000000003,63.44228673233533,77.41366386916154,69.284215,40.91896687104584,54.890344007872045,46.76089513871051,benefit_under_all_stream_compositions
laboratory_scale_2023,0.716,292.07788,63.55968572625696,77.48204048716447,69.38111599999999,41.036365864967465,54.958720625874975,46.8577961387105,benefit_under_all_stream_compositions
laboratory_scale_2023,0.717,292.48581,63.677084720178584,77.55041710516741,69.478017,41.15376485888909,55.02709724387792,46.9546971387105,benefit_under_all_stream_compositions
laboratory_scale_2023,0.718,292.89374,63.79448371410021,77.61879372317036,69.57491799999998,41.271163852810716,55.09547386188086,47.05159813871049,benefit_under_all_stream_compositions
laboratory_scale_2023,0.719,293.30167,63.91188270802185,77.6871703411733,69.67181899999999,41.388562846732356,55.163850479883806,47.14849913871049,benefit_under_all_stream_compositions
laboratory_scale_2023,0.72,293.70959999999997,64.02928170194346,77.75554695917624,69.76871999999997,41.50596184065397,55.23222709788675,47.24540013871048,benefit_under_all_stream_compositions
laboratory_scale_2023,0.721,294.11753000000004,64.14668069586511,77.82392357717919,69.86562099999999,41.62336083457562,55.30060371588969,47.342301138710496,benefit_under_all_stream_compositions
laboratory_scale_2023,0.722,294.52546,64.26407968978674,77.89230019518213,69.96252199999998,41.74075982849725,55.36898033389264,47.439202138710485,benefit_under_all_stream_compositions
laboratory_scale_2023,0.723,294.93339000000003,64.38147868370838,77.96067681318507,70.059423,41.858158822418886,55.43735695189558,47.5361031387105,benefit_under_all_stream_compositions
laboratory_scale_2023,0.724,295.34132,64.49887767762999,78.029053431188,70.15632399999998,41.9755578163405,55.50573356989851,47.63300413871049,benefit_under_all_stream_compositions
laboratory_scale_2023,0.725,295.74925,64.61627667155163,78.09743004919096,70.25322499999999,42.09295681026214,55.57411018790147,47.72990513871049,benefit_under_all_stream_compositions
laboratory_scale_2023,0.726,296.15718,64.73367566547326,78.16580666719389,70.35012599999999,42.21035580418376,55.6424868059044,47.826806138710495,benefit_under_all_stream_compositions
laboratory_scale_2023,0.727,296.56511,64.8510746593949,78.23418328519683,70.44702699999998,42.3277547981054,55.71086342390734,47.92370713871048,benefit_under_all_stream_compositions
laboratory_scale_2023,0.728,296.97303999999997,64.96847365331651,78.30255990319978,70.54392799999998,42.445153792027014,55.779240041910285,48.020608138710486,benefit_under_all_stream_compositions
laboratory_scale_2023,0.729,297.38097000000005,65.08587264723816,78.37093652120274,70.640829,42.56255278594867,55.84761665991324,48.1175091387105,benefit_under_all_stream_compositions
laboratory_scale_2023,0.73,297.7889,65.20327164115979,78.43931313920567,70.73772999999998,42.679951779870294,55.91599327791617,48.21441013871049,benefit_under_all_stream_compositions
laboratory_scale_2023,0.731,298.19683000000003,65.32067063508143,78.50768975720861,70.83463099999999,42.79735077379193,55.984369895919116,48.311311138710494,benefit_under_all_stream_compositions
laboratory_scale_2023,0.732,298.60476,65.43806962900304,78.57606637521155,70.93153199999999,42.914749767713545,56.05274651392206,48.408212138710496,benefit_under_all_stream_compositions
laboratory_scale_2023,0.733,299.01269,65.55546862292468,78.6444429932145,71.02843299999999,43.032148761635185,56.121123131925,48.5051131387105,benefit_under_all_stream_compositions
laboratory_scale_2023,0.734,299.42062,65.6728676168463,78.71281961121743,71.12533399999998,43.14954775555681,56.18949974992793,48.60201413871049,benefit_under_all_stream_compositions
laboratory_scale_2023,0.735,299.82855,65.79026661076793,78.78119622922037,71.22223499999998,43.266946749478436,56.257876367930876,48.69891513871049,benefit_under_all_stream_compositions
laboratory_scale_2023,0.736,300.23648,65.90766560468956,78.84957284722331,71.31913599999997,43.38434574340006,56.32625298593382,48.79581613871048,benefit_under_all_stream_compositions
laboratory_scale_2023,0.737,300.64441000000005,66.02506459861121,78.91794946522626,71.416037,43.501744737321715,56.394629603936764,48.89271713871051,benefit_under_all_stream_compositions
laboratory_scale_2023,0.738,301.05234,66.14246359253283,78.9863260832292,71.51293799999999,43.61914373124334,56.46300622193971,48.9896181387105,benefit_under_all_stream_compositions
laboratory_scale_2023,0.739,301.46027000000004,66.25986258645446,79.05470270123215,71.609839,43.736542725164966,56.53138283994265,49.0865191387105,benefit_under_all_stream_compositions
laboratory_scale_2023,0.74,301.8682,66.37726158037609,79.12307931923507,71.70673999999998,43.85394171908659,56.59975945794558,49.18342013871049,benefit_under_all_stream_compositions
laboratory_scale_2023,0.741,302.27613,66.49466057429773,79.19145593723803,71.803641,43.97134071300823,56.66813607594854,49.280321138710505,benefit_under_all_stream_compositions
laboratory_scale_2023,0.742,302.68406,66.61205956821934,79.25983255524096,71.90054199999999,44.08873970692984,56.73651269395147,49.37722213871049,benefit_under_all_stream_compositions
laboratory_scale_2023,0.743,303.09199,66.72945856214098,79.3282091732439,71.99744299999999,44.20613870085148,56.80488931195441,49.474123138710496,benefit_under_all_stream_compositions
laboratory_scale_2023,0.744,303.49992,66.8468575560626,79.39658579124685,72.09434399999998,44.32353769477311,56.873265929957356,49.571024138710484,benefit_under_all_stream_compositions
laboratory_scale_2023,0.745,303.90785,66.96425654998424,79.4649624092498,72.19124499999998,44.44093668869475,56.9416425479603,49.66792513871049,benefit_under_all_stream_compositions
laboratory_scale_2023,0.746,304.31578,67.08165554390587,79.53333902725274,72.288146,44.558335682616374,57.01001916596324,49.764826138710504,benefit_under_all_stream_compositions
laboratory_scale_2023,0.747,304.72371000000004,67.19905453782751,79.60171564525568,72.38504699999999,44.67573467653801,57.07839578396619,49.86172713871049,benefit_under_all_stream_compositions
laboratory_scale_2023,0.748,305.13164,67.31645353174913,79.67009226325862,72.48194799999999,44.79313367045964,57.14677240196913,49.958628138710495,benefit_under_all_stream_compositions
laboratory_scale_2023,0.749,305.53957,67.43385252567076,79.73846888126157,72.57884899999999,44.910532664381265,57.215149019972074,50.0555291387105,benefit_under_all_stream_compositions
laboratory_scale_2023,0.75,305.9475,67.55125151959238,79.8068454992645,72.67574999999998,45.02793165830289,57.283525637975,50.152430138710486,benefit_under_all_stream_compositions
laboratory_scale_2023,0.751,306.35543,67.66865051351402,79.87522211726744,72.772651,45.14533065222453,57.35190225597795,50.2493311387105,benefit_under_all_stream_compositions
laboratory_scale_2023,0.752,306.76336,67.78604950743565,79.94359873527038,72.86955199999998,45.262729646146155,57.42027887398089,50.34623213871049,benefit_under_all_stream_compositions
laboratory_scale_2023,0.753,307.17129,67.90344850135727,80.01197535327333,72.96645299999999,45.38012864006778,57.488655491983835,50.44313313871049,benefit_under_all_stream_compositions
laboratory_scale_2023,0.754,307.57922,68.02084749527891,80.08035197127627,73.06335399999999,45.49752763398942,57.55703210998678,50.540034138710496,benefit_under_all_stream_compositions
laboratory_scale_2023,0.755,307.98715000000004,68.13824648920055,80.14872858927922,73.16025499999999,45.61492662791106,57.62540872798972,50.6369351387105,benefit_under_all_stream_compositions
laboratory_scale_2023,0.756,308.39508,68.25564548312217,80.21710520728216,73.25715599999998,45.73232562183267,57.693785345992666,50.73383613871049,benefit_under_all_stream_compositions
laboratory_scale_2023,0.757,308.80301000000003,68.3730444770438,80.2854818252851,73.354057,45.84972461575431,57.76216196399561,50.830737138710504,benefit_under_all_stream_compositions
laboratory_scale_2023,0.758,309.21094,68.49044347096543,80.35385844328803,73.45095799999999,45.96712360967594,57.83053858199854,50.92763813871049,benefit_under_all_stream_compositions
laboratory_scale_2023,0.759,309.61887,68.60784246488707,80.42223506129098,73.54785899999999,46.08452260359758,57.89891520000148,51.024539138710495,benefit_under_all_stream_compositions
laboratory_scale_2023,0.76,310.0268,68.72524145880868,80.49061167929392,73.64475999999998,46.20192159751919,57.967291818004426,51.12144013871048,benefit_under_all_stream_compositions
laboratory_scale_2023,0.761,310.43473,68.84264045273032,80.55898829729686,73.74166099999998,46.31932059144083,58.03566843600737,51.218341138710485,benefit_under_all_stream_compositions
laboratory_scale_2023,0.762,310.84266,68.96003944665196,80.62736491529981,73.838562,46.43671958536247,58.104045054010314,51.3152421387105,benefit_under_all_stream_compositions
laboratory_scale_2023,0.763,311.25059000000005,69.0774384405736,80.69574153330275,73.935463,46.55411857928411,58.17242167201326,51.412143138710505,benefit_under_all_stream_compositions
laboratory_scale_2023,0.764,311.65852,69.19483743449521,80.7641181513057,74.03236399999999,46.67151757320572,58.2407982900162,51.50904413871049,benefit_under_all_stream_compositions
laboratory_scale_2023,0.765,312.06645000000003,69.31223642841685,80.83249476930864,74.12926499999999,46.78891656712736,58.309174908019145,51.605945138710496,benefit_under_all_stream_compositions
laboratory_scale_2023,0.766,312.47438,69.42963542233848,80.90087138731157,74.22616599999998,46.906315561048984,58.377551526022074,51.702846138710484,benefit_under_all_stream_compositions
laboratory_scale_2023,0.767,312.88231,69.5470344162601,80.96924800531451,74.323067,47.02371455497061,58.44592814402502,51.7997471387105,benefit_under_all_stream_compositions
laboratory_scale_2023,0.768,313.29024,69.66443341018173,81.03762462331746,74.41996799999998,47.141113548892235,58.51430476202796,51.89664813871049,benefit_under_all_stream_compositions
laboratory_scale_2023,0.769,313.69817,69.78183240410337,81.1060012413204,74.51686899999999,47.258512542813875,58.582681380030905,51.99354913871049,benefit_under_all_stream_compositions
laboratory_scale_2023,0.77,314.10609999999997,69.89923139802498,81.17437785932333,74.61376999999997,47.37591153673549,58.651057998033835,52.09045013871048,benefit_under_all_stream_compositions
laboratory_scale_2023,0.771,314.51403000000005,70.01663039194663,81.24275447732629,74.710671,47.49331053065714,58.71943461603679,52.18735113871051,benefit_under_all_stream_compositions
laboratory_scale_2023,0.772,314.92196,70.13402938586826,81.31113109532923,74.807572,47.610709524578766,58.78781123403974,52.2842521387105,benefit_under_all_stream_compositions
laboratory_scale_2023,0.773,315.32989000000003,70.2514283797899,81.37950771333217,74.904473,47.728108518500406,58.85618785204268,52.3811531387105,benefit_under_all_stream_compositions
laboratory_scale_2023,0.774,315.73782,70.36882737371151,81.4478843313351,75.00137399999998,47.84550751242202,58.92456447004561,52.47805413871049,benefit_under_all_stream_compositions
laboratory_scale_2023,0.775,316.14575,70.48622636763315,81.51626094933805,75.09827499999999,47.96290650634366,58.99294108804855,52.57495513871049,benefit_under_all_stream_compositions
laboratory_scale_2023,0.776,316.55368,70.60362536155478,81.58463756734099,75.19517599999998,48.08030550026528,59.0613177060515,52.67185613871048,benefit_under_all_stream_compositions
laboratory_scale_2023,0.777,316.96161,70.72102435547642,81.65301418534393,75.29207699999999,48.19770449418692,59.12969432405444,52.7687571387105,benefit_under_all_stream_compositions
laboratory_scale_2023,0.778,317.36954,70.83842334939803,81.72139080334688,75.38897799999998,48.315103488108534,59.198070942057385,52.86565813871049,benefit_under_all_stream_compositions
laboratory_scale_2023,0.779,317.77747000000005,70.95582234331968,81.78976742134982,75.485879,48.43250248203019,59.26644756006033,52.9625591387105,benefit_under_all_stream_compositions
laboratory_scale_2023,0.78,318.1854,71.0732213372413,81.85814403935277,75.58277999999999,48.54990147595181,59.33482417806327,53.05946013871049,benefit_under_all_stream_compositions
laboratory_scale_2023,0.781,318.59333000000004,71.19062033116295,81.92652065735571,75.67968099999999,48.66730046987345,59.403200796066216,53.156361138710494,benefit_under_all_stream_compositions
laboratory_scale_2023,0.782,319.00126,71.30801932508456,81.99489727535864,75.77658199999999,48.784699463795064,59.471577414069145,53.2532621387105,benefit_under_all_stream_compositions
laboratory_scale_2023,0.783,319.40919,71.4254183190062,82.06327389336158,75.873483,48.902098457716704,59.53995403207209,53.3501631387105,benefit_under_all_stream_compositions
laboratory_scale_2023,0.784,319.81712,71.54281731292782,82.13165051136453,75.97038399999998,49.01949745163833,59.60833065007503,53.44706413871049,benefit_under_all_stream_compositions
laboratory_scale_2023,0.785,320.22505,71.66021630684945,82.20002712936747,76.06728499999998,49.136896445559955,59.676707268077976,53.54396513871049,benefit_under_all_stream_compositions
laboratory_scale_2023,0.786,320.63298,71.77761530077107,82.2684037473704,76.16418599999999,49.25429543948158,59.745083886080906,53.64086613871049,benefit_under_all_stream_compositions
laboratory_scale_2023,0.787,321.04091000000005,71.89501429469273,82.33678036537336,76.261087,49.371694433403235,59.813460504083864,53.73776713871051,benefit_under_all_stream_compositions
laboratory_scale_2023,0.788,321.44884,72.01241328861435,82.4051569833763,76.35798799999999,49.48909342732486,59.88183712208681,53.8346681387105,benefit_under_all_stream_compositions
laboratory_scale_2023,0.789,321.85677000000004,72.12981228253598,82.47353360137924,76.454889,49.606492421246486,59.95021374008975,53.9315691387105,benefit_under_all_stream_compositions
laboratory_scale_2023,0.79,322.2647,72.2472112764576,82.54191021938217,76.55178999999998,49.72389141516811,60.01859035809268,54.02847013871049,benefit_under_all_stream_compositions
laboratory_scale_2023,0.791,322.67263,72.36461027037925,82.61028683738513,76.64869099999999,49.84129040908975,60.08696697609564,54.12537113871049,benefit_under_all_stream_compositions
laboratory_scale_2023,0.792,323.08056,72.48200926430086,82.67866345538806,76.74559199999997,49.95868940301136,60.15534359409857,54.22227213871048,benefit_under_all_stream_compositions
laboratory_scale_2023,0.793,323.48849,72.5994082582225,82.747040073391,76.84249299999999,50.076088396933,60.22372021210151,54.3191731387105,benefit_under_all_stream_compositions
laboratory_scale_2023,0.794,323.89642,72.71680725214412,82.81541669139395,76.93939399999998,50.19348739085463,60.292096830104455,54.416074138710485,benefit_under_all_stream_compositions
laboratory_scale_2023,0.795,324.30435,72.83420624606576,82.88379330939689,77.03629499999998,50.31088638477627,60.3604734481074,54.51297513871049,benefit_under_all_stream_compositions
laboratory_scale_2023,0.796,324.71228,72.95160523998739,82.95216992739984,77.13319599999998,50.42828537869789,60.42885006611034,54.60987613871049,benefit_under_all_stream_compositions
laboratory_scale_2023,0.797,325.12021000000004,73.06900423390903,83.02054654540278,77.230097,50.54568437261953,60.497226684113286,54.70677713871051,benefit_under_all_stream_compositions
laboratory_scale_2023,0.798,325.52814,73.18640322783065,83.08892316340571,77.32699799999999,50.66308336654116,60.565603302116216,54.803678138710495,benefit_under_all_stream_compositions
laboratory_scale_2023,0.799,325.93607000000003,73.30380222175229,83.15729978140865,77.42389899999999,50.7804823604628,60.63397992011916,54.9005791387105,benefit_under_all_stream_compositions
laboratory_scale_2023,0.8,326.344,73.4212012156739,83.2256763994116,77.52079999999998,50.89788135438441,60.7023565381221,54.997480138710486,benefit_under_all_stream_compositions
laboratory_scale_2023,0.801,326.75193,73.53860020959554,83.29405301741454,77.61770099999998,51.01528034830605,60.77073315612505,55.09438113871049,benefit_under_all_stream_compositions
laboratory_scale_2023,0.802,327.15986,73.65599920351717,83.36242963541747,77.71460199999999,51.132679342227675,60.83910977412798,55.19128213871049,benefit_under_all_stream_compositions
laboratory_scale_2023,0.803,327.56779,73.7733981974388,83.43080625342043,77.81150299999999,51.2500783361493,60.907486392130934,55.288183138710494,benefit_under_all_stream_compositions
laboratory_scale_2023,0.804,327.97572,73.89079719136043,83.49918287142337,77.90840399999999,51.36747733007094,60.97586301013388,55.385084138710496,benefit_under_all_stream_compositions
laboratory_scale_2023,0.805,328.38365000000005,74.00819618528207,83.56755948942632,78.00530499999999,51.48487632399258,61.04423962813682,55.4819851387105,benefit_under_all_stream_compositions
laboratory_scale_2023,0.806,328.79158,74.1255951792037,83.63593610742925,78.102206,51.602275317914206,61.11261624613975,55.5788861387105,benefit_under_all_stream_compositions
laboratory_scale_2023,0.807,329.19951000000003,74.24299417312533,83.7043127254322,78.199107,51.71967431183583,61.18099286414271,55.675787138710504,benefit_under_all_stream_compositions
laboratory_scale_2023,0.808,329.60744,74.36039316704695,83.77268934343513,78.29600799999999,51.83707330575746,61.24936948214564,55.77268813871049,benefit_under_all_stream_compositions
laboratory_scale_2023,0.809,330.01537,74.47779216096859,83.84106596143808,78.39290899999999,51.9544722996791,61.31774610014858,55.869589138710495,benefit_under_all_stream_compositions
laboratory_scale_2023,0.81,330.4233,74.5951911548902,83.90944257944102,78.48980999999998,52.07187129360071,61.386122718151526,55.96649013871048,benefit_under_all_stream_compositions
laboratory_scale_2023,0.811,330.83123,74.71259014881184,83.97781919744396,78.586711,52.18927028752235,61.45449933615447,56.0633911387105,benefit_under_all_stream_compositions
laboratory_scale_2023,0.812,331.23916,74.82998914273348,84.04619581544691,78.68361199999998,52.30666928144399,61.52287595415741,56.16029213871049,benefit_under_all_stream_compositions
laboratory_scale_2023,0.813,331.64709000000005,74.94738813665512,84.11457243344985,78.780513,52.42406827536563,61.59125257216036,56.257193138710505,benefit_under_all_stream_compositions
laboratory_scale_2023,0.814,332.05502,75.06478713057673,84.1829490514528,78.87741399999999,52.54146726928724,61.6596291901633,56.354094138710494,benefit_under_all_stream_compositions
laboratory_scale_2023,0.815,332.46295000000003,75.18218612449837,84.25132566945574,78.97431499999999,52.65886626320888,61.728005808166245,56.450995138710496,benefit_under_all_stream_compositions
laboratory_scale_2023,0.816,332.87088,75.29958511842,84.31970228745867,79.07121599999999,52.776265257130504,61.796382426169174,56.5478961387105,benefit_under_all_stream_compositions
laboratory_scale_2023,0.817,333.27881,75.41698411234162,84.38807890546161,79.16811699999998,52.89366425105213,61.86475904417212,56.64479713871049,benefit_under_all_stream_compositions
laboratory_scale_2023,0.818,333.68674,75.53438310626325,84.45645552346456,79.26501799999998,53.011063244973755,61.93313566217506,56.74169813871049,benefit_under_all_stream_compositions
laboratory_scale_2023,0.819,334.09467,75.65178210018489,84.5248321414675,79.36191899999999,53.128462238895395,62.001512280178005,56.83859913871049,benefit_under_all_stream_compositions
laboratory_scale_2023,0.82,334.5026,75.7691810941065,84.59320875947043,79.45881999999997,53.245861232817006,62.069888898180935,56.93550013871048,benefit_under_all_stream_compositions
laboratory_scale_2023,0.821,334.91053000000005,75.88658008802815,84.66158537747339,79.55572099999999,53.36326022673866,62.13826551618389,57.0324011387105,benefit_under_all_stream_compositions
laboratory_scale_2023,0.822,335.31846,76.00397908194978,84.72996199547632,79.65262199999998,53.480659220660286,62.20664213418682,57.129302138710486,benefit_under_all_stream_compositions
laboratory_scale_2023,0.823,335.72639000000004,76.12137807587142,84.79833861347927,79.749523,53.598058214581926,62.27501875218978,57.2262031387105,benefit_under_all_stream_compositions
laboratory_scale_2023,0.824,336.13432,76.23877706979303,84.8667152314822,79.84642399999998,53.71545720850354,62.34339537019271,57.32310413871049,benefit_under_all_stream_compositions
laboratory_scale_2023,0.825,336.54225,76.35617606371467,84.93509184948515,79.94332499999999,53.83285620242518,62.41177198819565,57.42000513871049,benefit_under_all_stream_compositions
laboratory_scale_2023,0.826,336.95018,76.4735750576363,85.00346846748809,80.04022599999998,53.9502551963468,62.4801486061986,57.51690613871048,benefit_under_all_stream_compositions
laboratory_scale_2023,0.827,337.35811,76.59097405155794,85.07184508549103,80.13712699999999,54.06765419026844,62.54852522420154,57.6138071387105,benefit_under_all_stream_compositions
laboratory_scale_2023,0.828,337.76604,76.70837304547955,85.14022170349396,80.23402799999998,54.18505318419005,62.61690184220447,57.71070813871049,benefit_under_all_stream_compositions
laboratory_scale_2023,0.829,338.17397000000005,76.8257720394012,85.20859832149692,80.330929,54.30245217811171,62.68527846020743,57.807609138710504,benefit_under_all_stream_compositions
laboratory_scale_2023,0.83,338.5819,76.94317103332283,85.27697493949987,80.42782999999999,54.41985117203333,62.75365507821037,57.90451013871049,benefit_under_all_stream_compositions
laboratory_scale_2023,0.831,338.98983000000004,77.06057002724447,85.34535155750281,80.524731,54.53725016595497,62.822031696213315,58.00141113871051,benefit_under_all_stream_compositions
laboratory_scale_2023,0.832,339.39776,77.17796902116608,85.41372817550574,80.62163199999998,54.654649159876584,62.890408314216245,58.09831213871048,benefit_under_all_stream_compositions
laboratory_scale_2023,0.833,339.80569,77.29536801508772,85.48210479350868,80.718533,54.772048153798224,62.95878493221919,58.1952131387105,benefit_under_all_stream_compositions
laboratory_scale_2023,0.834,340.21362,77.41276700900934,85.55048141151163,80.81543399999997,54.88944714771985,63.02716155022213,58.292114138710474,benefit_under_all_stream_compositions
laboratory_scale_2023,0.835,340.62155,77.53016600293097,85.61885802951457,80.91233499999998,55.006846141641475,63.095538168225076,58.38901513871049,benefit_under_all_stream_compositions
laboratory_scale_2023,0.836,341.02948,77.6475649968526,85.6872346475175,81.00923599999999,55.1242451355631,63.163914786228005,58.48591613871049,benefit_under_all_stream_compositions
laboratory_scale_2023,0.837,341.43741000000006,77.76496399077425,85.75561126552046,81.106137,55.241644129484754,63.23229140423096,58.58281713871051,benefit_under_all_stream_compositions
laboratory_scale_2023,0.838,341.84534,77.88236298469587,85.82398788352339,81.20303799999998,55.35904312340638,63.30066802223389,58.679718138710484,benefit_under_all_stream_compositions
laboratory_scale_2023,0.839,342.25327000000004,77.9997619786175,85.89236450152634,81.299939,55.476442117328006,63.36904464023685,58.7766191387105,benefit_under_all_stream_compositions
laboratory_scale_2023,0.84,342.6612,78.11716097253912,85.96074111952927,81.39683999999998,55.59384111124963,63.43742125823978,58.87352013871049,benefit_under_all_stream_compositions
laboratory_scale_2023,0.841,343.06913000000003,78.23455996646076,86.02911773753222,81.493741,55.71124010517127,63.505797876242724,58.970421138710506,benefit_under_all_stream_compositions
laboratory_scale_2023,0.842,343.47706,78.35195896038238,86.09749435553516,81.59064199999997,55.82863909909288,63.57417449424567,59.06732213871048,benefit_under_all_stream_compositions
laboratory_scale_2023,0.843,343.88499,78.46935795430402,86.1658709735381,81.68754299999999,55.94603809301452,63.64255111224861,59.1642231387105,benefit_under_all_stream_compositions
laboratory_scale_2023,0.844,344.29292,78.58675694822564,86.23424759154103,81.78444399999997,56.06343708693615,63.71092773025154,59.26112413871047,benefit_under_all_stream_compositions
laboratory_scale_2023,0.845,344.70085,78.70415594214728,86.30262420954398,81.88134499999998,56.18083608085779,63.779304348254485,59.35802513871049,benefit_under_all_stream_compositions
laboratory_scale_2023,0.846,345.10878,78.8215549360689,86.37100082754694,81.97824599999998,56.29823507477941,63.84768096625744,59.45492613871049,benefit_under_all_stream_compositions
laboratory_scale_2023,0.847,345.51671000000005,78.93895392999055,86.43937744554988,82.075147,56.41563406870105,63.916057584260386,59.55182713871051,benefit_under_all_stream_compositions
laboratory_scale_2023,0.848,345.92464,79.05635292391217,86.50775406355281,82.17204799999999,56.53303306262268,63.984434202263316,59.648728138710496,benefit_under_all_stream_compositions
laboratory_scale_2023,0.849,346.33257000000003,79.17375191783381,86.57613068155575,82.26894899999999,56.65043205654432,64.05281082026626,59.7456291387105,benefit_under_all_stream_compositions
laboratory_scale_2023,0.85,346.7405,79.29115091175542,86.6445072995587,82.36584999999998,56.76783105046593,64.1211874382692,59.84253013871049,benefit_under_all_stream_compositions
laboratory_scale_2023,0.851,347.14843,79.40854990567706,86.71288391756164,82.462751,56.88523004438757,64.18956405627215,59.9394311387105,benefit_under_all_stream_compositions
laboratory_scale_2023,0.852,347.55636,79.52594889959869,86.78126053556457,82.55965199999997,57.002629038309195,64.25794067427508,60.03633213871048,benefit_under_all_stream_compositions
laboratory_scale_2023,0.853,347.96429,79.64334789352031,86.84963715356753,82.65655299999999,57.12002803223082,64.32631729227803,60.133233138710494,benefit_under_all_stream_compositions
laboratory_scale_2023,0.854,348.37222,79.76074688744195,86.91801377157047,82.75345399999999,57.23742702615246,64.39469391028098,60.2301341387105,benefit_under_all_stream_compositions
laboratory_scale_2023,0.855,348.78015000000005,79.8781458813636,86.98639038957342,82.850355,57.3548260200741,64.46307052828392,60.3270351387105,benefit_under_all_stream_compositions
laboratory_scale_2023,0.856,349.18808,79.99554487528522,87.05476700757634,82.94725599999998,57.472225013995725,64.53144714628685,60.42393613871049,benefit_under_all_stream_compositions
laboratory_scale_2023,0.857,349.59601000000004,80.11294386920684,87.12314362557929,83.04415699999998,57.58962400791735,64.5998237642898,60.52083713871049,benefit_under_all_stream_compositions
laboratory_scale_2023,0.858,350.00394,80.23034286312847,87.19152024358223,83.14105799999999,57.70702300183898,64.66820038229274,60.61773813871049,benefit_under_all_stream_compositions
laboratory_scale_2023,0.859,350.41187,80.34774185705011,87.25989686158518,83.23795899999998,57.824421995760616,64.73657700029568,60.71463913871048,benefit_under_all_stream_compositions
laboratory_scale_2023,0.86,350.8198,80.46514085097172,87.32827347958812,83.33485999999998,57.94182098968223,64.80495361829863,60.811540138710484,benefit_under_all_stream_compositions
laboratory_scale_2023,0.861,351.22773,80.58253984489336,87.39665009759105,83.43176099999998,58.05921998360387,64.87333023630156,60.90844113871049,benefit_under_all_stream_compositions
laboratory_scale_2023,0.862,351.63566000000003,80.699938838815,87.465026715594,83.528662,58.17661897752551,64.94170685430451,61.0053421387105,benefit_under_all_stream_compositions
laboratory_scale_2023,0.863,352.04359000000005,80.81733783273664,87.53340333359695,83.62556299999999,58.29401797144715,65.01008347230746,61.10224313871049,benefit_under_all_stream_compositions
laboratory_scale_2023,0.864,352.45152,80.93473682665825,87.60177995159988,83.72246399999999,58.41141696536876,65.07846009031039,61.199144138710494,benefit_under_all_stream_compositions
laboratory_scale_2023,0.865,352.85945000000004,81.05213582057989,87.67015656960282,83.81936499999999,58.5288159592904,65.14683670831333,61.2960451387105,benefit_under_all_stream_compositions
laboratory_scale_2023,0.866,353.26738,81.16953481450152,87.73853318760577,83.91626599999998,58.646214953212024,65.21521332631627,61.392946138710485,benefit_under_all_stream_compositions
laboratory_scale_2023,0.867,353.67531,81.28693380842314,87.80690980560871,84.01316699999998,58.76361394713365,65.28358994431922,61.48984713871049,benefit_under_all_stream_compositions
laboratory_scale_2023,0.868,354.08324,81.40433280234477,87.87528642361164,84.11006799999998,58.881012941055275,65.35196656232215,61.58674813871049,benefit_under_all_stream_compositions
laboratory_scale_2023,0.869,354.49117,81.52173179626641,87.9436630416146,84.20696899999997,58.998411934976914,65.4203431803251,61.68364913871048,benefit_under_all_stream_compositions
laboratory_scale_2023,0.87,354.89910000000003,81.63913079018805,88.01203965961754,84.30386999999999,59.115810928898554,65.48871979832805,61.780550138710495,benefit_under_all_stream_compositions
laboratory_scale_2023,0.871,355.30703000000005,81.75652978410967,88.08041627762049,84.40077099999999,59.23320992282018,65.55709641633099,61.8774511387105,benefit_under_all_stream_compositions
laboratory_scale_2023,0.872,355.71496,81.8739287780313,88.14879289562342,84.497672,59.350608916741805,65.62547303433392,61.9743521387105,benefit_under_all_stream_compositions
laboratory_scale_2023,0.873,356.12289000000004,81.99132777195294,88.21716951362637,84.59457299999998,59.468007910663445,65.69384965233688,62.07125313871049,benefit_under_all_stream_compositions
laboratory_scale_2023,0.874,356.53082,82.10872676587455,88.2855461316293,84.69147399999999,59.58540690458506,65.76222627033981,62.16815413871049,benefit_under_all_stream_compositions
laboratory_scale_2023,0.875,356.93875,82.22612575979619,88.35392274963225,84.78837499999999,59.702805898506696,65.83060288834275,62.265055138710494,benefit_under_all_stream_compositions
laboratory_scale_2023,0.876,357.34668,82.34352475371782,88.42229936763519,84.88527599999999,59.82020489242832,65.8989795063457,62.3619561387105,benefit_under_all_stream_compositions
laboratory_scale_2023,0.877,357.75461,82.46092374763946,88.49067598563812,84.98217699999998,59.93760388634996,65.96735612434863,62.458857138710485,benefit_under_all_stream_compositions
laboratory_scale_2023,0.878,358.16254,82.57832274156107,88.55905260364106,85.07907799999998,60.05500288027157,66.03573274235157,62.55575813871049,benefit_under_all_stream_compositions
laboratory_scale_2023,0.879,358.57047000000006,82.69572173548272,88.62742922164402,85.175979,60.17240187419323,66.10410936035453,62.652659138710504,benefit_under_all_stream_compositions
laboratory_scale_2023,0.88,358.9784,82.81312072940435,88.69580583964695,85.27288,60.28980086811485,66.17248597835746,62.74956013871051,benefit_under_all_stream_compositions
laboratory_scale_2023,0.881,359.38633000000004,82.93051972332599,88.7641824576499,85.36978099999999,60.40719986203649,66.2408625963604,62.846461138710495,benefit_under_all_stream_compositions
laboratory_scale_2023,0.882,359.79426,83.0479187172476,88.83255907565284,85.46668199999999,60.524598855958104,66.30923921436334,62.9433621387105,benefit_under_all_stream_compositions
laboratory_scale_2023,0.883,360.20219000000003,83.16531771116924,88.90093569365578,85.563583,60.64199784987974,66.37761583236629,63.0402631387105,benefit_under_all_stream_compositions
laboratory_scale_2023,0.884,360.61012,83.28271670509086,88.96931231165871,85.66048399999998,60.75939684380137,66.44599245036922,63.13716413871049,benefit_under_all_stream_compositions
laboratory_scale_2023,0.885,361.01805,83.40011569901249,89.03768892966167,85.75738499999999,60.876795837722995,66.51436906837218,63.23406513871049,benefit_under_all_stream_compositions
laboratory_scale_2023,0.886,361.42598,83.51751469293411,89.1060655476646,85.85428599999999,60.99419483164462,66.5827456863751,63.330966138710494,benefit_under_all_stream_compositions
laboratory_scale_2023,0.887,361.83391000000006,83.63491368685577,89.17444216566756,85.951187,61.111593825566274,66.65112230437806,63.42786713871051,benefit_under_all_stream_compositions
laboratory_scale_2023,0.888,362.24184,83.7523126807774,89.24281878367049,86.04808799999998,61.2289928194879,66.71949892238099,63.524768138710485,benefit_under_all_stream_compositions
laboratory_scale_2023,0.889,362.64977000000005,83.86971167469902,89.31119540167344,86.144989,61.346391813409525,66.78787554038395,63.6216691387105,benefit_under_all_stream_compositions
laboratory_scale_2023,0.89,363.0577,83.98711066862064,89.37957201967637,86.24189,61.46379080733115,66.85625215838688,63.718570138710504,benefit_under_all_stream_compositions
laboratory_scale_2023,0.891,363.46563000000003,84.10450966254228,89.44794863767932,86.33879099999999,61.58118980125279,66.92462877638982,63.81547113871049,benefit_under_all_stream_compositions
laboratory_scale_2023,0.892,363.87356,84.2219086564639,89.51632525568226,86.43569199999999,61.6985887951744,66.99300539439277,63.912372138710495,benefit_under_all_stream_compositions
laboratory_scale_2023,0.893,364.28148999999996,84.33930765038552,89.58470187368519,86.53259299999998,61.81598778909603,67.0613820123957,64.00927313871048,benefit_under_all_stream_compositions
laboratory_scale_2023,0.894,364.68942,84.45670664430716,89.65307849168813,86.62949399999998,61.93338678301767,67.12975863039864,64.10617413871049,benefit_under_all_stream_compositions
laboratory_scale_2023,0.895,365.09735000000006,84.57410563822881,89.72145510969109,86.726395,62.05078577693932,67.1981352484016,64.2030751387105,benefit_under_all_stream_compositions
laboratory_scale_2023,0.896,365.50528,84.69150463215043,89.78983172769404,86.82329599999998,62.16818477086093,67.26651186640454,64.29997613871049,benefit_under_all_stream_compositions
laboratory_scale_2023,0.897,365.91321000000005,84.80890362607207,89.85820834569697,86.920197,62.28558376478257,67.33488848440747,64.39687713871051,benefit_under_all_stream_compositions
laboratory_scale_2023,0.898,366.32114,84.92630261999369,89.92658496369991,87.01709799999998,62.4029827587042,67.40326510241042,64.49377813871048,benefit_under_all_stream_compositions
laboratory_scale_2023,0.899,366.72907,85.0437016139153,89.99496158170285,87.11399899999998,62.52038175262581,67.47164172041336,64.59067913871048,benefit_under_all_stream_compositions
laboratory_scale_2023,0.9,367.137,85.16110060783694,90.06333819970578,87.21089999999998,62.63778074654745,67.54001833841629,64.68758013871049,benefit_under_all_stream_compositions
laboratory_scale_2023,0.901,367.54492999999997,85.27849960175857,90.13171481770873,87.30780099999997,62.755179740469075,67.60839495641923,64.78448113871048,benefit_under_all_stream_compositions
laboratory_scale_2023,0.902,367.95286,85.39589859568021,90.20009143571167,87.40470199999997,62.872578734390714,67.67677157442218,64.88138213871048,benefit_under_all_stream_compositions
laboratory_scale_2023,0.903,368.36078999999995,85.51329758960182,90.26846805371461,87.50160299999997,62.989977728312326,67.74514819242512,64.97828313871048,benefit_under_all_stream_compositions
laboratory_scale_2023,0.904,368.76872000000003,85.63069658352347,90.33684467171756,87.59850399999999,63.10737672223398,67.81352481042806,65.0751841387105,benefit_under_all_stream_compositions
laboratory_scale_2023,0.905,369.17665,85.7480955774451,90.4052212897205,87.69540499999998,63.224775716155605,67.88190142843101,65.17208513871049,benefit_under_all_stream_compositions
laboratory_scale_2023,0.906,369.58458,85.86549457136674,90.47359790772344,87.79230599999998,63.342174710077245,67.95027804643395,65.26898613871049,benefit_under_all_stream_compositions
laboratory_scale_2023,0.907,369.99251,85.98289356528835,90.54197452572637,87.88920699999998,63.459573703998856,68.01865466443688,65.36588713871049,benefit_under_all_stream_compositions
laboratory_scale_2023,0.908,370.40044,86.10029255920999,90.61035114372933,87.98610799999997,63.576972697920496,68.08703128243984,65.46278813871048,benefit_under_all_stream_compositions
laboratory_scale_2023,0.909,370.80836999999997,86.21769155313162,90.67872776173226,88.08300899999998,63.69437169184212,68.15540790044277,65.55968913871048,benefit_under_all_stream_compositions
laboratory_scale_2023,0.91,371.2163,86.33509054705324,90.7471043797352,88.17990999999998,63.81177068576375,68.22378451844571,65.65659013871048,benefit_under_all_stream_compositions
laboratory_scale_2023,0.911,371.62422999999995,86.45248954097487,90.81548099773815,88.27681099999997,63.92916967968537,68.29216113644866,65.75349113871047,benefit_under_all_stream_compositions
laboratory_scale_2023,0.912,372.03216000000003,86.56988853489652,90.8838576157411,88.37371199999998,64.04656867360703,68.36053775445161,65.85039213871049,benefit_under_all_stream_compositions
laboratory_scale_2023,0.913,372.44009,86.68728752881815,90.95223423374404,88.47061299999999,64.16396766752865,68.42891437245454,65.94729313871049,benefit_under_all_stream_compositions
laboratory_scale_2023,0.914,372.84802,86.80468652273977,91.02061085174698,88.56751399999999,64.28136666145028,68.49729099045749,66.0441941387105,benefit_under_all_stream_compositions
laboratory_scale_2023,0.915,373.25595,86.9220855166614,91.08898746974992,88.66441499999998,64.3987656553719,68.56566760846043,66.14109513871048,benefit_under_all_stream_compositions
laboratory_scale_2023,0.916,373.66388,87.03948451058304,91.15736408775287,88.76131599999998,64.51616464929354,68.63404422646337,66.23799613871049,benefit_under_all_stream_compositions
laboratory_scale_2023,0.917,374.07180999999997,87.15688350450465,91.2257407057558,88.85821699999998,64.63356364321515,68.7024208444663,66.33489713871049,benefit_under_all_stream_compositions
laboratory_scale_2023,0.918,374.47974,87.27428249842629,91.29411732375874,88.95511799999998,64.7509626371368,68.77079746246925,66.43179813871049,benefit_under_all_stream_compositions
laboratory_scale_2023,0.919,374.88766999999996,87.39168149234791,91.36249394176168,89.05201899999997,64.86836163105842,68.83917408047219,66.52869913871048,benefit_under_all_stream_compositions
laboratory_scale_2023,0.92,375.29560000000004,87.50908048626957,91.43087055976463,89.14891999999999,64.98576062498007,68.90755069847513,66.6256001387105,benefit_under_all_stream_compositions
laboratory_scale_2023,0.921,375.70353,87.62647948019118,91.49924717776757,89.24582099999999,65.10315961890169,68.97592731647808,66.7225011387105,benefit_under_all_stream_compositions
laboratory_scale_2023,0.922,376.11146,87.74387847411282,91.56762379577052,89.342722,65.22055861282333,69.04430393448102,66.8194021387105,benefit_under_all_stream_compositions
laboratory_scale_2023,0.923,376.51939,87.86127746803444,91.63600041377344,89.43962299999998,65.33795760674495,69.11268055248395,66.91630313871049,benefit_under_all_stream_compositions
laboratory_scale_2023,0.924,376.92732,87.97867646195608,91.7043770317764,89.53652399999999,65.45535660066659,69.18105717048691,67.01320413871049,benefit_under_all_stream_compositions
laboratory_scale_2023,0.925,377.33525,88.0960754558777,91.77275364977933,89.63342499999999,65.5727555945882,69.24943378848984,67.1101051387105,benefit_under_all_stream_compositions
laboratory_scale_2023,0.926,377.74318,88.21347444979934,91.84113026778228,89.73032599999998,65.69015458850984,69.31781040649278,67.20700613871048,benefit_under_all_stream_compositions
laboratory_scale_2023,0.927,378.15110999999996,88.33087344372096,91.90950688578522,89.82722699999998,65.80755358243147,69.38618702449573,67.30390713871049,benefit_under_all_stream_compositions
laboratory_scale_2023,0.928,378.55904,88.44827243764259,91.97788350378816,89.92412799999998,65.92495257635309,69.45456364249867,67.40080813871049,benefit_under_all_stream_compositions
laboratory_scale_2023,0.929,378.96697,88.56567143156423,92.04626012179111,90.02102899999997,66.04235157027473,69.52294026050161,67.49770913871048,benefit_under_all_stream_compositions
laboratory_scale_2023,0.93,379.3749,88.68307042548587,92.11463673979405,90.11792999999999,66.15975056419637,69.59131687850456,67.5946101387105,benefit_under_all_stream_compositions
laboratory_scale_2023,0.931,379.78283,88.80046941940749,92.183013357797,90.21483099999998,66.277149558118,69.6596934965075,67.69151113871048,benefit_under_all_stream_compositions
laboratory_scale_2023,0.932,380.19076,88.91786841332912,92.25138997579994,90.31173199999999,66.39454855203962,69.72807011451044,67.7884121387105,benefit_under_all_stream_compositions
laboratory_scale_2023,0.933,380.59869,89.03526740725074,92.31976659380287,90.40863299999997,66.51194754596125,69.79644673251337,67.88531313871047,benefit_under_all_stream_compositions
laboratory_scale_2023,0.934,381.00662,89.15266640117238,92.38814321180581,90.50553399999998,66.62934653988289,69.86482335051632,67.98221413871049,benefit_under_all_stream_compositions
laboratory_scale_2023,0.935,381.41454999999996,89.270065395094,92.45651982980876,90.60243499999996,66.7467455338045,69.93319996851926,68.07911513871046,benefit_under_all_stream_compositions
laboratory_scale_2023,0.936,381.82248,89.38746438901563,92.5248964478117,90.69933599999997,66.86414452772614,70.0015765865222,68.17601613871048,benefit_under_all_stream_compositions
laboratory_scale_2023,0.937,382.23041,89.50486338293727,92.59327306581464,90.79623699999998,66.98154352164778,70.06995320452515,68.27291713871048,benefit_under_all_stream_compositions
laboratory_scale_2023,0.938,382.63834,89.62226237685891,92.66164968381759,90.893138,67.09894251556942,70.13832982252809,68.3698181387105,benefit_under_all_stream_compositions
laboratory_scale_2023,0.939,383.04627,89.73966137078052,92.73002630182053,90.99003899999998,67.21634150949103,70.20670644053104,68.46671913871049,benefit_under_all_stream_compositions
laboratory_scale_2023,0.94,383.4542,89.85706036470216,92.79840291982347,91.08693999999998,67.33374050341267,70.27508305853398,68.56362013871049,benefit_under_all_stream_compositions
laboratory_scale_2023,0.941,383.86213,89.97445935862379,92.8667795378264,91.18384099999997,67.4511394973343,70.34345967653691,68.66052113871048,benefit_under_all_stream_compositions
laboratory_scale_2023,0.942,384.27006,90.09185835254542,92.93515615582935,91.28074199999999,67.56853849125592,70.41183629453985,68.7574221387105,benefit_under_all_stream_compositions
laboratory_scale_2023,0.943,384.67798999999997,90.20925734646704,93.00353277383229,91.37764299999996,67.68593748517755,70.4802129125428,68.85432313871047,benefit_under_all_stream_compositions
laboratory_scale_2023,0.944,385.08592,90.32665634038868,93.07190939183523,91.47454399999998,67.80333647909919,70.54858953054574,68.95122413871049,benefit_under_all_stream_compositions
laboratory_scale_2023,0.945,385.49385,90.44405533431032,93.14028600983818,91.57144499999998,67.92073547302083,70.61696614854868,69.04812513871049,benefit_under_all_stream_compositions
laboratory_scale_2023,0.946,385.90178000000003,90.56145432823195,93.20866262784112,91.668346,68.03813446694245,70.68534276655163,69.1450261387105,benefit_under_all_stream_compositions
laboratory_scale_2023,0.947,386.30971,90.67885332215357,93.27703924584407,91.76524699999997,68.15553346086408,70.75371938455457,69.24192713871048,benefit_under_all_stream_compositions
laboratory_scale_2023,0.948,386.71764,90.79625231607521,93.34541586384701,91.86214799999999,68.27293245478572,70.82209600255752,69.3388281387105,benefit_under_all_stream_compositions
laboratory_scale_2023,0.949,387.12557,90.91365130999682,93.41379248184994,91.95904899999998,68.39033144870733,70.89047262056044,69.43572913871049,benefit_under_all_stream_compositions
laboratory_scale_2023,0.95,387.5335,91.03105030391846,93.48216909985288,92.05595,68.50773044262897,70.95884923856339,69.5326301387105,benefit_under_all_stream_compositions
laboratory_scale_2023,0.951,387.94142999999997,91.14844929784009,93.55054571785583,92.15285099999997,68.6251294365506,71.02722585656633,69.62953113871048,benefit_under_all_stream_compositions
laboratory_scale_2023,0.952,388.34936,91.26584829176173,93.61892233585877,92.24975199999999,68.74252843047223,71.09560247456928,69.72643213871049,benefit_under_all_stream_compositions
laboratory_scale_2023,0.953,388.75728999999995,91.38324728568334,93.6872989538617,92.34665299999996,68.85992742439385,71.1639790925722,69.82333313871047,benefit_under_all_stream_compositions
laboratory_scale_2023,0.954,389.16522000000003,91.500646279605,93.75567557186466,92.44355399999998,68.9773264183155,71.23235571057516,69.92023413871048,benefit_under_all_stream_compositions
laboratory_scale_2023,0.955,389.57315,91.61804527352662,93.8240521898676,92.54045499999998,69.09472541223712,71.3007323285781,70.01713513871049,benefit_under_all_stream_compositions
laboratory_scale_2023,0.956,389.98108,91.73544426744826,93.89242880787054,92.63735599999998,69.21212440615876,71.36910894658105,70.11403613871049,benefit_under_all_stream_compositions
laboratory_scale_2023,0.957,390.38901,91.85284326136987,93.96080542587347,92.73425699999997,69.32952340008038,71.43748556458398,70.21093713871048,benefit_under_all_stream_compositions
laboratory_scale_2023,0.958,390.79694,91.97024225529151,94.02918204387643,92.83115799999997,69.44692239400202,71.50586218258694,70.30783813871048,benefit_under_all_stream_compositions
laboratory_scale_2023,0.959,391.20486999999997,92.08764124921314,94.09755866187936,92.92805899999998,69.56432138792364,71.57423880058987,70.40473913871048,benefit_under_all_stream_compositions
laboratory_scale_2023,0.96,391.6128,92.20504024313476,94.1659352798823,93.02495999999996,69.68172038184527,71.64261541859281,70.50164013871047,benefit_under_all_stream_compositions
laboratory_scale_2023,0.961,392.02072999999996,92.32243923705639,94.23431189788525,93.12186099999997,69.79911937576689,71.71099203659575,70.59854113871047,benefit_under_all_stream_compositions
laboratory_scale_2023,0.962,392.42866000000004,92.43983823097804,94.30268851588819,93.21876199999998,69.91651836968855,71.7793686545987,70.69544213871049,benefit_under_all_stream_compositions
laboratory_scale_2023,0.963,392.83659,92.55723722489967,94.37106513389114,93.31566299999999,70.03391736361017,71.84774527260164,70.79234313871049,benefit_under_all_stream_compositions
laboratory_scale_2023,0.964,393.24452,92.67463621882129,94.43944175189408,93.41256399999997,70.1513163575318,71.91612189060459,70.88924413871048,benefit_under_all_stream_compositions
laboratory_scale_2023,0.965,393.65245,92.79203521274292,94.50781836989701,93.50946499999998,70.26871535145342,71.98449850860752,70.98614513871048,benefit_under_all_stream_compositions
laboratory_scale_2023,0.966,394.06038,92.90943420666456,94.57619498789995,93.60636599999998,70.38611434537506,72.05287512661046,71.08304613871049,benefit_under_all_stream_compositions
laboratory_scale_2023,0.967,394.46831,93.02683320058617,94.6445716059029,93.70326699999998,70.50351333929667,72.1212517446134,71.17994713871049,benefit_under_all_stream_compositions
laboratory_scale_2023,0.968,394.87624,93.14423219450781,94.71294822390584,93.80016799999997,70.62091233321831,72.18962836261635,71.27684813871048,benefit_under_all_stream_compositions
laboratory_scale_2023,0.969,395.28416999999996,93.26163118842943,94.78132484190877,93.89706899999997,70.73831132713994,72.25800498061928,71.37374913871048,benefit_under_all_stream_compositions
laboratory_scale_2023,0.97,395.69210000000004,93.37903018235107,94.84970145991173,93.99396999999999,70.85571032106158,72.32638159862223,71.4706501387105,benefit_under_all_stream_compositions
laboratory_scale_2023,0.971,396.10003,93.4964291762727,94.91807807791467,94.09087099999999,70.9731093149832,72.39475821662518,71.5675511387105,benefit_under_all_stream_compositions
laboratory_scale_2023,0.972,396.50796,93.61382817019434,94.98645469591762,94.18777199999998,71.09050830890484,72.46313483462812,71.66445213871049,benefit_under_all_stream_compositions
laboratory_scale_2023,0.973,396.91589,93.73122716411596,95.05483131392054,94.28467299999998,71.20790730282647,72.53151145263105,71.76135313871049,benefit_under_all_stream_compositions
laboratory_scale_2023,0.974,397.32382,93.84862615803759,95.1232079319235,94.38157399999999,71.3253062967481,72.59988807063401,71.85825413871049,benefit_under_all_stream_compositions
laboratory_scale_2023,0.975,397.73175,93.96602515195922,95.19158454992643,94.47847499999997,71.44270529066972,72.66826468863694,71.95515513871048,benefit_under_all_stream_compositions
laboratory_scale_2023,0.976,398.13968,94.08342414588085,95.25996116792938,94.57537599999998,71.56010428459136,72.73664130663988,72.05205613871048,benefit_under_all_stream_compositions
laboratory_scale_2023,0.977,398.54760999999996,94.20082313980247,95.32833778593232,94.67227699999998,71.67750327851297,72.80501792464283,72.14895713871049,benefit_under_all_stream_compositions
laboratory_scale_2023,0.978,398.95554,94.3182221337241,95.39671440393526,94.76917799999997,71.79490227243461,72.87339454264577,72.24585813871047,benefit_under_all_stream_compositions
laboratory_scale_2023,0.979,399.36347,94.43562112764575,95.4650910219382,94.86607899999998,71.91230126635625,72.94177116064871,72.34275913871049,benefit_under_all_stream_compositions
laboratory_scale_2023,0.98,399.7714,94.55302012156739,95.53346763994115,94.96297999999999,72.02970026027789,73.01014777865166,72.4396601387105,benefit_under_all_stream_compositions
laboratory_scale_2023,0.981,400.17933,94.670419115489,95.6018442579441,95.05988099999999,72.1470992541995,73.0785243966546,72.5365611387105,benefit_under_all_stream_compositions
laboratory_scale_2023,0.982,400.58726,94.78781810941064,95.67022087594702,95.15678199999998,72.26449824812114,73.14690101465753,72.63346213871048,benefit_under_all_stream_compositions
laboratory_scale_2023,0.983,400.99519,94.90521710333226,95.73859749394997,95.25368299999998,72.38189724204277,73.21527763266047,72.73036313871049,benefit_under_all_stream_compositions
laboratory_scale_2023,0.984,401.40312,95.02261609725389,95.80697411195291,95.35058399999998,72.4992962359644,73.28365425066342,72.82726413871049,benefit_under_all_stream_compositions
laboratory_scale_2023,0.985,401.81104999999997,95.14001509117551,95.87535072995584,95.44748499999997,72.61669522988602,73.35203086866635,72.92416513871048,benefit_under_all_stream_compositions
laboratory_scale_2023,0.986,402.21898,95.25741408509715,95.9437273479588,95.54438599999997,72.73409422380766,73.4204074866693,73.02106613871048,benefit_under_all_stream_compositions
laboratory_scale_2023,0.987,402.62691,95.3748130790188,96.01210396596174,95.64128699999998,72.8514932177293,73.48878410467225,73.11796713871048,benefit_under_all_stream_compositions
laboratory_scale_2023,0.988,403.03484000000003,95.49221207294042,96.08048058396469,95.738188,72.96889221165092,73.55716072267519,73.2148681387105,benefit_under_all_stream_compositions
laboratory_scale_2023,0.989,403.44277,95.60961106686204,96.14885720196762,95.83508899999997,73.08629120557255,73.62553734067812,73.31176913871047,benefit_under_all_stream_compositions
laboratory_scale_2023,0.99,403.8507,95.72701006078368,96.21723381997057,95.93198999999998,73.20369019949419,73.69391395868108,73.40867013871049,benefit_under_all_stream_compositions
laboratory_scale_2023,0.991,404.25863,95.8444090547053,96.2856104379735,96.02889099999997,73.3210891934158,73.76229057668401,73.50557113871048,benefit_under_all_stream_compositions
laboratory_scale_2023,0.992,404.66656,95.96180804862693,96.35398705597645,96.12579199999999,73.43848818733744,73.83066719468695,73.6024721387105,benefit_under_all_stream_compositions
laboratory_scale_2023,0.993,405.07448999999997,96.07920704254856,96.42236367397939,96.22269299999998,73.55588718125907,73.8990438126899,73.69937313871048,benefit_under_all_stream_compositions
laboratory_scale_2023,0.994,405.48242,96.1966060364702,96.49074029198233,96.31959399999998,73.6732861751807,73.96742043069284,73.79627413871049,benefit_under_all_stream_compositions
laboratory_scale_2023,0.995,405.89035,96.31400503039183,96.55911690998528,96.41649499999998,73.79068516910233,74.03579704869578,73.89317513871049,benefit_under_all_stream_compositions
laboratory_scale_2023,0.996,406.29828000000003,96.43140402431347,96.62749352798822,96.513396,73.90808416302397,74.10417366669873,73.9900761387105,benefit_under_all_stream_compositions
laboratory_scale_2023,0.997,406.70621,96.54880301823509,96.69587014599117,96.61029699999997,74.0254831569456,74.17255028470167,74.08697713871048,benefit_under_all_stream_compositions
laboratory_scale_2023,0.998,407.11414,96.66620201215673,96.7642467639941,96.70719799999999,74.14288215086724,74.2409269027046,74.1838781387105,benefit_under_all_stream_compositions
laboratory_scale_2023,0.999,407.52207,96.78360100607834,96.83262338199704,96.80409899999997,74.26028114478885,74.30930352070754,74.28077913871047,benefit_under_all_stream_compositions
laboratory_scale_2023,1.0,407.93,96.90099999999998,96.90099999999998,96.90099999999998,74.37768013871049,74.37768013871049,74.37768013871049,benefit_under_all_stream_compositions
high_ambition_2030,0.0,0.0,0.0,0.0,0.0,-4.120004776376902,-4.120004776376902,-4.120004776376902,no_benefit_under_any_stream_composition
high_ambition_2030,0.001,0.40793,0.06837661800294194,0.11739899392163039,0.09690099999999997,-4.05162815837396,-4.002605782455272,-4.023103776376902,no_benefit_under_any_stream_composition
high_ambition_2030,0.002,0.81586,0.13675323600588388,0.23479798784326078,0.19380199999999995,-3.9832515403710183,-3.885206788533641,-3.9262027763769023,no_benefit_under_any_stream_composition
high_ambition_2030,0.003,1.22379,0.20512985400882577,0.3521969817648911,0.29070299999999993,-3.9148749223680763,-3.767807794612011,-3.8293017763769024,no_benefit_under_any_stream_composition
high_ambition_2030,0.004,1.63172,0.27350647201176775,0.46959597568652156,0.3876039999999999,-3.8464983043651344,-3.6504088006903803,-3.732400776376902,no_benefit_under_any_stream_composition
high_ambition_2030,0.005,2.03965,0.3418830900147096,0.5869949696081519,0.48450499999999985,-3.7781216863621925,-3.5330098067687503,-3.635499776376902,no_benefit_under_any_stream_composition
high_ambition_2030,0.006,2.44758,0.41025970801765155,0.7043939635297822,0.5814059999999999,-3.7097450683592506,-3.41561081284712,-3.5385987763769022,no_benefit_under_any_stream_composition
high_ambition_2030,0.007,2.85551,0.4786363260205935,0.8217929574514128,0.6783069999999999,-3.6413684503563086,-3.2982118189254894,-3.4416977763769023,no_benefit_under_any_stream_composition
high_ambition_2030,0.008,3.26344,0.5470129440235355,0.9391919513730431,0.7752079999999998,-3.5729918323533667,-3.180812825003859,-3.3447967763769024,no_benefit_under_any_stream_composition
high_ambition_2030,0.009,3.67137,0.6153895620264774,1.0565909452946733,0.8721089999999998,-3.504615214350425,-3.0634138310822285,-3.247895776376902,no_benefit_under_any_stream_composition
high_ambition_2030,0.01,4.0793,0.6837661800294192,1.1739899392163038,0.9690099999999997,-3.436238596347483,-2.9460148371605985,-3.150994776376902,no_benefit_under_any_stream_composition
high_ambition_2030,0.011,4.48723,0.7521427980323613,1.2913889331379342,1.0659109999999998,-3.367861978344541,-2.8286158432389676,-3.0540937763769023,no_benefit_under_any_stream_composition
high_ambition_2030,0.012,4.89516,0.8205194160353031,1.4087879270595645,1.1628119999999997,-3.299485360341599,-2.7112168493173376,-2.9571927763769024,no_benefit_under_any_stream_composition
high_ambition_2030,0.013,5.30309,0.8888960340382451,1.526186920981195,1.2597129999999996,-3.231108742338657,-2.593817855395707,-2.8602917763769025,no_benefit_under_any_stream_composition
high_ambition_2030,0.014,5.71102,0.957272652041187,1.6435859149028256,1.3566139999999998,-3.162732124335715,-2.4764188614740767,-2.7633907763769026,no_benefit_under_any_stream_composition
high_ambition_2030,0.015,6.11895,1.0256492700441289,1.7609849088244558,1.4535149999999994,-3.0943555063327732,-2.3590198675524463,-2.6664897763769027,no_benefit_under_any_stream_composition
high_ambition_2030,0.016,6.52688,1.094025888047071,1.8783839027460862,1.5504159999999996,-3.0259788883298313,-2.241620873630816,-2.5695887763769028,no_benefit_under_any_stream_composition
high_ambition_2030,0.017,6.934810000000001,1.162402506050013,1.9957828966677167,1.6473169999999997,-2.9576022703268894,-2.1242218797091854,-2.4726877763769024,no_benefit_under_any_stream_composition
high_ambition_2030,0.018,7.34274,1.2307791240529549,2.1131818905893467,1.7442179999999996,-2.8892256523239475,-2.0068228857875554,-2.3757867763769025,no_benefit_under_any_stream_composition
high_ambition_2030,0.019,7.75067,1.2991557420558968,2.2305808845109776,1.8411189999999997,-2.8208490343210055,-1.8894238918659245,-2.278885776376902,no_benefit_under_any_stream_composition
high_ambition_2030,0.02,8.1586,1.3675323600588385,2.3479798784326076,1.9380199999999994,-2.7524724163180636,-1.7720248979442945,-2.1819847763769027,no_benefit_under_any_stream_composition
high_ambition_2030,0.021,8.56653,1.4359089780617806,2.465378872354238,2.0349209999999998,-2.6840957983151217,-1.654625904022664,-2.0850837763769023,no_benefit_under_any_stream_composition
high_ambition_2030,0.022,8.97446,1.5042855960647226,2.5827778662758685,2.1318219999999997,-2.6157191803121798,-1.5372269101010336,-1.9881827763769024,no_benefit_under_any_stream_composition
high_ambition_2030,0.023,9.38239,1.5726622140676643,2.7001768601974985,2.228722999999999,-2.547342562309238,-1.4198279161794036,-1.891281776376903,no_benefit_under_any_stream_composition
high_ambition_2030,0.024,9.79032,1.6410388320706062,2.817575854119129,2.3256239999999995,-2.478965944306296,-1.3024289222577732,-1.7943807763769026,no_benefit_under_any_stream_composition
high_ambition_2030,0.025,10.19825,1.7094154500735483,2.9349748480407594,2.4225249999999994,-2.410589326303354,-1.1850299283361427,-1.6974797763769027,no_benefit_under_any_stream_composition
high_ambition_2030,0.026,10.60618,1.7777920680764903,3.05237384196239,2.5194259999999993,-2.342212708300412,-1.0676309344145123,-1.6005787763769028,no_benefit_under_any_stream_composition
high_ambition_2030,0.027,11.01411,1.8461686860794322,3.1697728358840207,2.6163269999999996,-2.27383609029747,-0.9502319404928814,-1.5036777763769025,no_benefit_under_any_stream_composition
high_ambition_2030,0.028,11.42204,1.914545304082374,3.287171829805651,2.7132279999999995,-2.205459472294528,-0.832832946571251,-1.4067767763769026,no_benefit_under_any_stream_composition
high_ambition_2030,0.029,11.82997,1.9829219220853158,3.404570823727281,2.8101289999999994,-2.1370828542915863,-0.715433952649621,-1.3098757763769027,no_benefit_under_any_stream_composition
high_ambition_2030,0.03,12.2379,2.0512985400882577,3.5219698176489116,2.907029999999999,-2.0687062362886444,-0.5980349587279905,-1.2129747763769032,no_benefit_under_any_stream_composition
high_ambition_2030,0.031,12.64583,2.1196751580911997,3.639368811570542,3.0039309999999997,-2.0003296182857024,-0.48063596480636006,-1.1160737763769024,no_benefit_under_any_stream_composition
high_ambition_2030,0.032,13.05376,2.188051776094142,3.7567678054921725,3.100831999999999,-1.93195300028276,-0.3632369708847296,-1.019172776376903,no_benefit_under_any_stream_composition
high_ambition_2030,0.033,13.46169,2.256428394097084,3.874166799413803,3.1977329999999995,-1.8635763822798181,-0.24583797696309917,-0.9222717763769026,no_benefit_under_any_stream_composition
high_ambition_2030,0.034,13.869620000000001,2.324805012100026,3.9915657933354334,3.2946339999999994,-1.7951997642768762,-0.12843898304146872,-0.8253707763769027,no_benefit_under_any_stream_composition
high_ambition_2030,0.035,14.277550000000002,2.393181630102968,4.108964787257064,3.3915349999999997,-1.7268231462739343,-0.011039989119837834,-0.7284697763769024,no_benefit_under_any_stream_composition
high_ambition_2030,0.036,14.68548,2.4615582481059097,4.226363781178693,3.488435999999999,-1.6584465282709924,0.10635900480179128,-0.6315687763769029,composition_changes_sign
high_ambition_2030,0.037,15.09341,2.5299348661088517,4.343762775100324,3.5853369999999996,-1.5900699102680504,0.22375799872342217,-0.5346677763769025,composition_changes_sign
high_ambition_2030,0.038,15.50134,2.5983114841117936,4.461161769021955,3.6822379999999995,-1.5216932922651085,0.34115699264505306,-0.43776677637690264,composition_changes_sign
high_ambition_2030,0.039,15.909270000000001,2.6666881021147355,4.578560762943585,3.779139,-1.4533166742621666,0.45855598656668306,-0.3408657763769023,composition_changes_sign
high_ambition_2030,0.04,16.3172,2.735064720117677,4.695959756865215,3.876039999999999,-1.3849400562592251,0.5759549804883131,-0.24396477637690328,composition_changes_sign
high_ambition_2030,0.041,16.72513,2.8034413381206194,4.813358750786846,3.972940999999999,-1.3165634382562827,0.693353974409944,-0.14706377637690293,composition_changes_sign
high_ambition_2030,0.042,17.13306,2.8718179561235613,4.930757744708476,4.0698419999999995,-1.2481868202533408,0.810752968331574,-0.050162776376902585,composition_changes_sign
high_ambition_2030,0.043,17.54099,2.940194574126503,5.048156738630107,4.166742999999999,-1.179810202250399,0.9281519622532048,0.04673822362309732,composition_changes_sign
high_ambition_2030,0.044,17.94892,3.008571192129445,5.165555732551737,4.263643999999999,-1.111433584247457,1.0455509561748348,0.14363922362309722,composition_changes_sign
high_ambition_2030,0.045,18.356849999999998,3.0769478101323866,5.282954726473367,4.360544999999998,-1.0430569662445155,1.1629499500964648,0.24054022362309624,composition_changes_sign
high_ambition_2030,0.046,18.76478,3.1453244281353285,5.400353720394997,4.457445999999998,-0.9746803482415736,1.2803489440180948,0.33744122362309614,composition_changes_sign
high_ambition_2030,0.047,19.17271,3.2137010461382705,5.517752714316628,4.554346999999999,-0.9063037302386316,1.3977479379397257,0.43434222362309693,composition_changes_sign
high_ambition_2030,0.048,19.58064,3.2820776641412124,5.635151708238258,4.651247999999999,-0.8379271122356897,1.5151469318613557,0.5312432236230968,composition_changes_sign
high_ambition_2030,0.049,19.98857,3.3504542821441543,5.752550702159889,4.748148999999999,-0.7695504942327478,1.6325459257829866,0.6281442236230967,composition_changes_sign
high_ambition_2030,0.05,20.3965,3.4188309001470967,5.869949696081519,4.845049999999999,-0.7011738762298054,1.7499449197046166,0.7250452236230966,composition_changes_sign
high_ambition_2030,0.051,20.80443,3.4872075181500386,5.98734869000315,4.9419509999999995,-0.6327972582268635,1.8673439136262475,0.8219462236230974,composition_changes_sign
high_ambition_2030,0.052,21.21236,3.5555841361529805,6.10474768392478,5.0388519999999986,-0.5644206402239216,1.9847429075478775,0.9188472236230965,composition_changes_sign
high_ambition_2030,0.053,21.62029,3.6239607541559224,6.2221466778464105,5.135752999999999,-0.49604402222097965,2.1021419014695084,1.0157482236230972,composition_changes_sign
high_ambition_2030,0.054,22.02822,3.6923373721588644,6.339545671768041,5.232653999999999,-0.42766740421803773,2.2195408953911393,1.1126492236230971,composition_changes_sign
high_ambition_2030,0.055,22.43615,3.7607139901618063,6.456944665689671,5.329555,-0.3592907862150958,2.3369398893127693,1.209550223623098,composition_changes_sign
high_ambition_2030,0.056,22.84408,3.829090608164748,6.574343659611302,5.426455999999999,-0.2909141682121539,2.4543388832344,1.306451223623097,composition_changes_sign
high_ambition_2030,0.057,23.252010000000002,3.8974672261676906,6.691742653532932,5.523356999999999,-0.2225375502092115,2.57173787715603,1.4033522236230969,composition_changes_sign
high_ambition_2030,0.058,23.65994,3.9658438441706316,6.809141647454562,5.620257999999999,-0.15416093220627047,2.68913687107766,1.5002532236230968,composition_changes_sign
high_ambition_2030,0.059,24.06787,4.0342204621735736,6.926540641376192,5.717158999999999,-0.08578431420332855,2.80653586499929,1.5971542236230967,composition_changes_sign
high_ambition_2030,0.06,24.4758,4.1025970801765155,7.043939635297823,5.814059999999998,-0.017407696200386624,2.923934858920921,1.6940552236230957,composition_changes_sign
high_ambition_2030,0.061,24.88373,4.170973698179457,7.161338629219453,5.910960999999999,0.0509689218025553,3.041333852842551,1.7909562236230965,benefit_under_all_stream_compositions
high_ambition_2030,0.062,25.29166,4.239350316182399,7.278737623141084,6.007861999999999,0.11934553980549722,3.158732846764182,1.8878572236230973,benefit_under_all_stream_compositions
high_ambition_2030,0.063,25.69959,4.307726934185342,7.396136617062714,6.104762999999999,0.18772215780844004,3.276131840685812,1.9847582236230972,benefit_under_all_stream_compositions
high_ambition_2030,0.064,26.10752,4.376103552188284,7.513535610984345,6.201663999999998,0.25609877581138196,3.393530834607443,2.081659223623096,benefit_under_all_stream_compositions
high_ambition_2030,0.065,26.51545,4.444480170191226,7.630934604905975,6.298564999999999,0.3244753938143239,3.510929828529073,2.178560223623097,benefit_under_all_stream_compositions
high_ambition_2030,0.066,26.92338,4.512856788194168,7.748333598827606,6.395465999999999,0.3928520118172658,3.6283288224507038,2.275461223623097,benefit_under_all_stream_compositions
high_ambition_2030,0.067,27.331310000000002,4.58123340619711,7.865732592749236,6.492366999999999,0.46122862982020774,3.7457278163723338,2.372362223623097,benefit_under_all_stream_compositions
high_ambition_2030,0.068,27.739240000000002,4.649610024200052,7.983131586670867,6.589267999999999,0.5296052478231497,3.8631268102939647,2.4692632236230967,benefit_under_all_stream_compositions
high_ambition_2030,0.069,28.147170000000003,4.717986642202994,8.100530580592498,6.686169,0.5979818658260916,3.9805258042155955,2.5661642236230975,benefit_under_all_stream_compositions
high_ambition_2030,0.07,28.555100000000003,4.786363260205936,8.217929574514129,6.7830699999999995,0.6663584838290335,4.097924798137226,2.6630652236230974,benefit_under_all_stream_compositions
high_ambition_2030,0.071,28.96303,4.854739878208877,8.335328568435758,6.879970999999999,0.7347351018319745,4.2153237920588555,2.7599662236230973,benefit_under_all_stream_compositions
high_ambition_2030,0.072,29.37096,4.9231164962118195,8.452727562357387,6.976871999999998,0.8031117198349174,4.332722785980485,2.8568672236230963,benefit_under_all_stream_compositions
high_ambition_2030,0.073,29.77889,4.991493114214761,8.570126556279018,7.073772999999998,0.8714883378378593,4.4501217799021155,2.953768223623096,benefit_under_all_stream_compositions
high_ambition_2030,0.074,30.18682,5.059869732217703,8.687525550200649,7.170673999999999,0.9398649558408012,4.567520773823746,3.050669223623097,benefit_under_all_stream_compositions
high_ambition_2030,0.075,30.59475,5.128246350220645,8.80492454412228,7.267574999999998,1.0082415738437431,4.684919767745377,3.147570223623096,benefit_under_all_stream_compositions
high_ambition_2030,0.076,31.00268,5.196622968223587,8.92232353804391,7.364475999999999,1.076618191846685,4.802318761667008,3.244471223623097,benefit_under_all_stream_compositions
high_ambition_2030,0.077,31.410610000000002,5.264999586226529,9.03972253196554,7.461376999999999,1.144994809849627,4.919717755588637,3.3413722236230967,benefit_under_all_stream_compositions
high_ambition_2030,0.078,31.818540000000002,5.333376204229471,9.15712152588717,7.558278,1.213371427852569,5.037116749510268,3.4382732236230975,benefit_under_all_stream_compositions
high_ambition_2030,0.079,32.22647,5.401752822232412,9.2745205198088,7.655178999999999,1.28174804585551,5.154515743431897,3.5351742236230965,benefit_under_all_stream_compositions
high_ambition_2030,0.08,32.6344,5.470129440235354,9.39191951373043,7.752079999999998,1.3501246638584519,5.271914737353528,3.6320752236230955,benefit_under_all_stream_compositions
high_ambition_2030,0.081,33.04233,5.538506058238296,9.509318507652061,7.848980999999998,1.4185012818613938,5.389313731275159,3.7289762236230963,benefit_under_all_stream_compositions
high_ambition_2030,0.082,33.45026,5.606882676241239,9.626717501573692,7.945881999999998,1.4868778998643366,5.50671272519679,3.8258772236230962,benefit_under_all_stream_compositions
high_ambition_2030,0.083,33.85819,5.675259294244181,9.744116495495321,8.042782999999998,1.5552545178672785,5.624111719118419,3.922778223623096,benefit_under_all_stream_compositions
high_ambition_2030,0.084,34.26612,5.7436359122471226,9.861515489416952,8.139683999999999,1.6236311358702205,5.74151071304005,4.019679223623097,benefit_under_all_stream_compositions
high_ambition_2030,0.085,34.67405,5.8120125302500645,9.978914483338583,8.236584999999998,1.6920077538731624,5.858909706961681,4.116580223623096,benefit_under_all_stream_compositions
high_ambition_2030,0.086,35.08198,5.880389148253006,10.096313477260214,8.333485999999999,1.7603843718761043,5.976308700883312,4.213481223623097,benefit_under_all_stream_compositions
high_ambition_2030,0.087,35.48991,5.948765766255948,10.213712471181843,8.430386999999998,1.8287609898790462,6.093707694804941,4.310382223623096,benefit_under_all_stream_compositions
high_ambition_2030,0.088,35.89784,6.01714238425889,10.331111465103474,8.527287999999999,1.8971376078819882,6.211106688726572,4.4072832236230965,benefit_under_all_stream_compositions
high_ambition_2030,0.089,36.30577,6.085519002261832,10.448510459025105,8.624189,1.96551422588493,6.328505682648203,4.504184223623097,benefit_under_all_stream_compositions
high_ambition_2030,0.09,36.713699999999996,6.153895620264773,10.565909452946734,8.721089999999997,2.033890843887871,6.445904676569832,4.601085223623095,benefit_under_all_stream_compositions
high_ambition_2030,0.091,37.121629999999996,6.222272238267715,10.683308446868363,8.817990999999997,2.102267461890813,6.563303670491461,4.697986223623095,benefit_under_all_stream_compositions
high_ambition_2030,0.092,37.52956,6.290648856270657,10.800707440789994,8.914891999999996,2.170644079893755,6.680702664413092,4.794887223623094,benefit_under_all_stream_compositions
high_ambition_2030,0.093,37.93749,6.359025474273599,10.918106434711625,9.011792999999997,2.239020697896697,6.798101658334723,4.891788223623095,benefit_under_all_stream_compositions
high_ambition_2030,0.094,38.34542,6.427402092276541,11.035505428633256,9.108693999999998,2.307397315899639,6.915500652256354,4.988689223623096,benefit_under_all_stream_compositions
high_ambition_2030,0.095,38.75335,6.495778710279483,11.152904422554885,9.205594999999997,2.3757739339025807,7.032899646177983,5.085590223623095,benefit_under_all_stream_compositions
high_ambition_2030,0.096,39.16128,6.564155328282425,11.270303416476516,9.302495999999998,2.4441505519055227,7.150298640099614,5.182491223623096,benefit_under_all_stream_compositions
high_ambition_2030,0.097,39.56921,6.632531946285367,11.387702410398147,9.399396999999997,2.5125271699084646,7.2676976340212445,5.279392223623095,benefit_under_all_stream_compositions
high_ambition_2030,0.098,39.97714,6.700908564288309,11.505101404319777,9.496297999999998,2.5809037879114065,7.385096627942875,5.376293223623096,benefit_under_all_stream_compositions
high_ambition_2030,0.099,40.38507,6.7692851822912505,11.622500398241408,9.593198999999997,2.6492804059143484,7.502495621864506,5.473194223623095,benefit_under_all_stream_compositions
high_ambition_2030,0.1,40.793,6.837661800294193,11.739899392163037,9.690099999999997,2.7176570239172912,7.619894615786135,5.570095223623095,benefit_under_all_stream_compositions
high_ambition_2030,0.101,41.20093,6.906038418297135,11.857298386084668,9.787000999999998,2.786033641920233,7.737293609707766,5.666996223623096,benefit_under_all_stream_compositions
high_ambition_2030,0.102,41.60886,6.974415036300077,11.9746973800063,9.883901999999999,2.854410259923175,7.854692603629397,5.763897223623097,benefit_under_all_stream_compositions
high_ambition_2030,0.103,42.01679,7.042791654303019,12.09209637392793,9.980802999999998,2.922786877926117,7.972091597551028,5.860798223623096,benefit_under_all_stream_compositions
high_ambition_2030,0.104,42.42472,7.111168272305961,12.20949536784956,10.077703999999997,2.991163495929059,8.089490591472657,5.957699223623095,benefit_under_all_stream_compositions
high_ambition_2030,0.105,42.83265,7.179544890308903,12.32689436177119,10.174604999999998,3.059540113932001,8.206889585394288,6.054600223623096,benefit_under_all_stream_compositions
high_ambition_2030,0.106,43.24058,7.247921508311845,12.444293355692821,10.271505999999999,3.127916731934943,8.324288579315919,6.151501223623097,benefit_under_all_stream_compositions
high_ambition_2030,0.107,43.64851,7.316298126314787,12.561692349614452,10.368406999999998,3.1962933499378847,8.44168757323755,6.248402223623096,benefit_under_all_stream_compositions
high_ambition_2030,0.108,44.05644,7.384674744317729,12.679091343536083,10.465307999999999,3.2646699679408266,8.55908656715918,6.345303223623096,benefit_under_all_stream_compositions
high_ambition_2030,0.109,44.46437,7.453051362320671,12.796490337457712,10.562209,3.3330465859437686,8.67648556108081,6.442204223623097,benefit_under_all_stream_compositions
high_ambition_2030,0.11,44.8723,7.521427980323613,12.913889331379343,10.65911,3.4014232039467105,8.79388455500244,6.539105223623098,benefit_under_all_stream_compositions
high_ambition_2030,0.111,45.28023,7.5898045983265545,13.031288325300974,10.756010999999997,3.4697998219496524,8.911283548924072,6.636006223623095,benefit_under_all_stream_compositions
high_ambition_2030,0.112,45.68816,7.658181216329496,13.148687319222605,10.852911999999998,3.5381764399525943,9.028682542845702,6.732907223623096,benefit_under_all_stream_compositions
high_ambition_2030,0.113,46.096090000000004,7.726557834332438,13.266086313144234,10.949812999999999,3.6065530579555363,9.146081536767332,6.829808223623097,benefit_under_all_stream_compositions
high_ambition_2030,0.114,46.504020000000004,7.794934452335381,13.383485307065865,11.046713999999998,3.674929675958479,9.263480530688962,6.926709223623096,benefit_under_all_stream_compositions
high_ambition_2030,0.115,46.911950000000004,7.863311070338323,13.500884300987495,11.143614999999999,3.743306293961421,9.380879524610593,7.023610223623097,benefit_under_all_stream_compositions
high_ambition_2030,0.116,47.31988,7.931687688341263,13.618283294909125,11.240515999999998,3.811682911964361,9.498278518532222,7.120511223623096,benefit_under_all_stream_compositions
high_ambition_2030,0.117,47.72781,8.000064306344205,13.735682288830754,11.337416999999997,3.880059529967303,9.615677512453852,7.217412223623095,benefit_under_all_stream_compositions
high_ambition_2030,0.118,48.13574,8.068440924347147,13.853081282752385,11.434317999999998,3.948436147970245,9.733076506375482,7.314313223623095,benefit_under_all_stream_compositions
high_ambition_2030,0.119,48.54367,8.136817542350089,13.970480276674015,11.531218999999998,4.016812765973187,9.850475500297113,7.411214223623096,benefit_under_all_stream_compositions
high_ambition_2030,0.12,48.9516,8.205194160353031,14.087879270595646,11.628119999999996,4.085189383976129,9.967874494218744,7.5081152236230935,benefit_under_all_stream_compositions
high_ambition_2030,0.121,49.35953,8.273570778355973,14.205278264517275,11.725020999999996,4.153566001979071,10.085273488140373,7.605016223623094,benefit_under_all_stream_compositions
high_ambition_2030,0.122,49.76746,8.341947396358915,14.322677258438906,11.821921999999997,4.221942619982013,10.202672482062004,7.701917223623095,benefit_under_all_stream_compositions
high_ambition_2030,0.123,50.17539,8.410324014361857,14.440076252360537,11.918822999999998,4.290319237984955,10.320071475983635,7.798818223623096,benefit_under_all_stream_compositions
high_ambition_2030,0.124,50.58332,8.478700632364799,14.557475246282168,12.015723999999999,4.3586958559878966,10.437470469905266,7.895719223623097,benefit_under_all_stream_compositions
high_ambition_2030,0.125,50.99125,8.54707725036774,14.674874240203797,12.112624999999998,4.4270724739908385,10.554869463826895,7.992620223623096,benefit_under_all_stream_compositions
high_ambition_2030,0.126,51.39918,8.615453868370684,14.792273234125428,12.209525999999999,4.495449091993782,10.672268457748526,8.089521223623096,benefit_under_all_stream_compositions
high_ambition_2030,0.127,51.80711,8.683830486373626,14.909672228047059,12.306426999999998,4.563825709996724,10.789667451670157,8.186422223623095,benefit_under_all_stream_compositions
high_ambition_2030,0.128,52.21504,8.752207104376568,15.02707122196869,12.403327999999997,4.632202327999666,10.907066445591788,8.283323223623094,benefit_under_all_stream_compositions
high_ambition_2030,0.129,52.62297,8.82058372237951,15.14447021589032,12.500228999999997,4.700578946002608,11.024465439513419,8.380224223623095,benefit_under_all_stream_compositions
high_ambition_2030,0.13,53.0309,8.888960340382452,15.26186920981195,12.597129999999998,4.76895556400555,11.141864433435048,8.477125223623096,benefit_under_all_stream_compositions
high_ambition_2030,0.131,53.43883,8.957336958385394,15.37926820373358,12.694030999999999,4.837332182008492,11.259263427356679,8.574026223623097,benefit_under_all_stream_compositions
high_ambition_2030,0.132,53.84676,9.025713576388336,15.496667197655212,12.790931999999998,4.905708800011434,11.37666242127831,8.670927223623096,benefit_under_all_stream_compositions
high_ambition_2030,0.133,54.254690000000004,9.094090194391278,15.614066191576843,12.887832999999999,4.974085418014376,11.49406141519994,8.767828223623097,benefit_under_all_stream_compositions
high_ambition_2030,0.134,54.662620000000004,9.16246681239422,15.731465185498472,12.984733999999998,5.042462036017318,11.61146040912157,8.864729223623096,benefit_under_all_stream_compositions
high_ambition_2030,0.135,55.070550000000004,9.230843430397162,15.848864179420103,13.081634999999997,5.1108386540202595,11.7288594030432,8.961630223623095,benefit_under_all_stream_compositions
high_ambition_2030,0.136,55.478480000000005,9.299220048400104,15.966263173341734,13.178535999999998,5.179215272023201,11.846258396964831,9.058531223623095,benefit_under_all_stream_compositions
high_ambition_2030,0.137,55.886410000000005,9.367596666403045,16.083662167263363,13.275436999999998,5.247591890026143,11.96365739088646,9.155432223623096,benefit_under_all_stream_compositions
high_ambition_2030,0.138,56.294340000000005,9.435973284405987,16.201061161184995,13.372338,5.315968508029085,12.081056384808093,9.252333223623097,benefit_under_all_stream_compositions
high_ambition_2030,0.139,56.702270000000006,9.50434990240893,16.318460155106624,13.469239,5.384345126032027,12.198455378729722,9.349234223623098,benefit_under_all_stream_compositions
high_ambition_2030,0.14,57.110200000000006,9.572726520411871,16.435859149028257,13.566139999999999,5.452721744034969,12.315854372651355,9.446135223623097,benefit_under_all_stream_compositions
high_ambition_2030,0.141,57.51813,9.641103138414811,16.553258142949883,13.663040999999998,5.521098362037909,12.43325336657298,9.543036223623096,benefit_under_all_stream_compositions
high_ambition_2030,0.142,57.92606,9.709479756417753,16.670657136871515,13.759941999999999,5.589474980040851,12.550652360494613,9.639937223623097,benefit_under_all_stream_compositions
high_ambition_2030,0.143,58.33399,9.777856374420695,16.788056130793144,13.856842999999996,5.657851598043793,12.668051354416242,9.736838223623094,benefit_under_all_stream_compositions
high_ambition_2030,0.144,58.74192,9.846232992423639,16.905455124714774,13.953743999999997,5.726228216046737,12.785450348337871,9.833739223623095,benefit_under_all_stream_compositions
high_ambition_2030,0.145,59.14985,9.91460961042658,17.022854118636406,14.050644999999998,5.794604834049679,12.902849342259504,9.930640223623096,benefit_under_all_stream_compositions
high_ambition_2030,0.146,59.55778,9.982986228429523,17.140253112558035,14.147545999999997,5.862981452052621,13.020248336181133,10.027541223623095,benefit_under_all_stream_compositions
high_ambition_2030,0.147,59.96571,10.051362846432465,17.257652106479668,14.244446999999997,5.931358070055563,13.137647330102766,10.124442223623095,benefit_under_all_stream_compositions
high_ambition_2030,0.148,60.37364,10.119739464435407,17.375051100401297,14.341347999999998,5.9997346880585045,13.255046324024395,10.221343223623096,benefit_under_all_stream_compositions
high_ambition_2030,0.149,60.78157,10.188116082438349,17.492450094322926,14.438248999999999,6.068111306061446,13.372445317946024,10.318244223623097,benefit_under_all_stream_compositions
high_ambition_2030,0.15,61.1895,10.25649270044129,17.60984908824456,14.535149999999996,6.136487924064388,13.489844311867657,10.415145223623094,benefit_under_all_stream_compositions
high_ambition_2030,0.151,61.59743,10.324869318444232,17.727248082166188,14.632050999999997,6.20486454206733,13.607243305789286,10.512046223623095,benefit_under_all_stream_compositions
high_ambition_2030,0.152,62.00536,10.393245936447174,17.84464707608782,14.728951999999998,6.273241160070272,13.724642299710919,10.608947223623096,benefit_under_all_stream_compositions
high_ambition_2030,0.153,62.41329,10.461622554450116,17.96204607000945,14.825852999999999,6.341617778073214,13.842041293632548,10.705848223623097,benefit_under_all_stream_compositions
high_ambition_2030,0.154,62.821220000000004,10.529999172453058,18.07944506393108,14.922753999999998,6.409994396076156,13.959440287554177,10.802749223623096,benefit_under_all_stream_compositions
high_ambition_2030,0.155,63.229150000000004,10.598375790456,18.19684405785271,15.019654999999998,6.478371014079098,14.07683928147581,10.899650223623096,benefit_under_all_stream_compositions
high_ambition_2030,0.156,63.637080000000005,10.666752408458942,18.31424305177434,15.116556,6.54674763208204,14.194238275397439,10.996551223623097,benefit_under_all_stream_compositions
high_ambition_2030,0.157,64.04501,10.735129026461884,18.43164204569597,15.213456999999996,6.615124250084982,14.311637269319068,11.093452223623094,benefit_under_all_stream_compositions
high_ambition_2030,0.158,64.45294,10.803505644464824,18.5490410396176,15.310357999999997,6.683500868087922,14.429036263240697,11.190353223623095,benefit_under_all_stream_compositions
high_ambition_2030,0.159,64.86087,10.871882262467768,18.66644003353923,15.407258999999998,6.751877486090866,14.54643525716233,11.287254223623096,benefit_under_all_stream_compositions
high_ambition_2030,0.16,65.2688,10.940258880470708,18.78383902746086,15.504159999999995,6.820254104093806,14.663834251083959,11.384155223623093,benefit_under_all_stream_compositions
high_ambition_2030,0.161,65.67672999999999,11.00863549847365,18.90123802138249,15.601060999999994,6.888630722096748,14.781233245005588,11.481056223623092,benefit_under_all_stream_compositions
high_ambition_2030,0.162,66.08466,11.077012116476592,19.018637015304122,15.697961999999997,6.95700734009969,14.89863223892722,11.577957223623095,benefit_under_all_stream_compositions
high_ambition_2030,0.163,66.49258999999999,11.145388734479534,19.13603600922575,15.794862999999994,7.025383958102632,15.01603123284885,11.674858223623092,benefit_under_all_stream_compositions
high_ambition_2030,0.164,66.90052,11.213765352482477,19.253435003147384,15.891763999999997,7.093760576105575,15.133430226770482,11.771759223623095,benefit_under_all_stream_compositions
high_ambition_2030,0.165,67.30845,11.282141970485418,19.37083399706901,15.988664999999996,7.1621371941085155,15.250829220692108,11.868660223623094,benefit_under_all_stream_compositions
high_ambition_2030,0.166,67.71638,11.350518588488361,19.488232990990642,16.085565999999996,7.230513812111459,15.36822821461374,11.965561223623094,benefit_under_all_stream_compositions
high_ambition_2030,0.167,68.12431,11.418895206491301,19.60563198491227,16.182466999999995,7.298890430114399,15.48562720853537,12.062462223623093,benefit_under_all_stream_compositions
high_ambition_2030,0.168,68.53224,11.487271824494245,19.723030978833904,16.279367999999998,7.367267048117343,15.603026202457002,12.159363223623096,benefit_under_all_stream_compositions
high_ambition_2030,0.169,68.94017,11.555648442497185,19.840429972755533,16.376268999999994,7.435643666120283,15.720425196378631,12.256264223623091,benefit_under_all_stream_compositions
high_ambition_2030,0.17,69.3481,11.624025060500129,19.957828966677166,16.473169999999996,7.504020284123227,15.837824190300264,12.353165223623094,benefit_under_all_stream_compositions
high_ambition_2030,0.171,69.75603,11.692401678503069,20.075227960598795,16.570070999999995,7.572396902126167,15.955223184221893,12.450066223623093,benefit_under_all_stream_compositions
high_ambition_2030,0.172,70.16396,11.760778296506013,20.192626954520428,16.666971999999998,7.640773520129111,16.072622178143526,12.546967223623096,benefit_under_all_stream_compositions
high_ambition_2030,0.173,70.57189,11.829154914508953,20.310025948442057,16.763872999999997,7.709150138132051,16.190021172065155,12.643868223623095,benefit_under_all_stream_compositions
high_ambition_2030,0.174,70.97982,11.897531532511897,20.427424942363686,16.860773999999996,7.777526756134995,16.307420165986784,12.740769223623094,benefit_under_all_stream_compositions
high_ambition_2030,0.175,71.38775,11.965908150514837,20.544823936285315,16.957674999999995,7.845903374137935,16.424819159908413,12.837670223623093,benefit_under_all_stream_compositions
high_ambition_2030,0.176,71.79568,12.03428476851778,20.662222930206948,17.054575999999997,7.914279992140878,16.542218153830046,12.934571223623095,benefit_under_all_stream_compositions
high_ambition_2030,0.177,72.20361,12.10266138652072,20.779621924128577,17.151476999999996,7.9826566101438186,16.659617147751675,13.031472223623094,benefit_under_all_stream_compositions
high_ambition_2030,0.178,72.61154,12.171038004523664,20.89702091805021,17.248378,8.051033228146762,16.777016141673307,13.128373223623097,benefit_under_all_stream_compositions
high_ambition_2030,0.179,73.01947,12.239414622526605,21.01441991197184,17.345278999999998,8.119409846149702,16.894415135594937,13.225274223623096,benefit_under_all_stream_compositions
high_ambition_2030,0.18,73.42739999999999,12.307791240529546,21.131818905893468,17.442179999999993,8.187786464152644,17.011814129516566,13.322175223623091,benefit_under_all_stream_compositions
high_ambition_2030,0.181,73.83533,12.37616785853249,21.2492178998151,17.539080999999996,8.256163082155588,17.1292131234382,13.419076223623094,benefit_under_all_stream_compositions
high_ambition_2030,0.182,74.24325999999999,12.44454447653543,21.366616893736726,17.635981999999995,8.324539700158528,17.246612117359824,13.515977223623093,benefit_under_all_stream_compositions
high_ambition_2030,0.183,74.65119,12.512921094538374,21.48401588765836,17.732882999999998,8.392916318161472,17.364011111281457,13.612878223623095,benefit_under_all_stream_compositions
high_ambition_2030,0.184,75.05912,12.581297712541314,21.601414881579988,17.829783999999993,8.461292936164412,17.481410105203086,13.70977922362309,benefit_under_all_stream_compositions
high_ambition_2030,0.185,75.46705,12.649674330544258,21.71881387550162,17.926684999999996,8.529669554167356,17.59880909912472,13.806680223623093,benefit_under_all_stream_compositions
high_ambition_2030,0.186,75.87498,12.718050948547198,21.83621286942325,18.023585999999995,8.598046172170296,17.716208093046347,13.903581223623092,benefit_under_all_stream_compositions
high_ambition_2030,0.187,76.28291,12.786427566550142,21.953611863344882,18.120486999999997,8.66642279017324,17.83360708696798,14.000482223623095,benefit_under_all_stream_compositions
high_ambition_2030,0.188,76.69084,12.854804184553082,22.07101085726651,18.217387999999996,8.73479940817618,17.95100608088961,14.097383223623094,benefit_under_all_stream_compositions
high_ambition_2030,0.189,77.09877,12.923180802556026,22.188409851188144,18.314288999999995,8.803176026179123,18.068405074811242,14.194284223623093,benefit_under_all_stream_compositions
high_ambition_2030,0.19,77.5067,12.991557420558966,22.30580884510977,18.411189999999994,8.871552644182064,18.185804068732867,14.291185223623092,benefit_under_all_stream_compositions
high_ambition_2030,0.191,77.91463,13.05993403856191,22.423207839031402,18.508090999999997,8.939929262185007,18.3032030626545,14.388086223623095,benefit_under_all_stream_compositions
high_ambition_2030,0.192,78.32256,13.12831065656485,22.54060683295303,18.604991999999996,9.008305880187947,18.42060205657613,14.484987223623094,benefit_under_all_stream_compositions
high_ambition_2030,0.193,78.73049,13.196687274567793,22.658005826874664,18.701893,9.076682498190891,18.538001050497762,14.581888223623096,benefit_under_all_stream_compositions
high_ambition_2030,0.194,79.13842,13.265063892570733,22.775404820796293,18.798793999999994,9.145059116193831,18.65540004441939,14.678789223623092,benefit_under_all_stream_compositions
high_ambition_2030,0.195,79.54635,13.333440510573677,22.892803814717926,18.895694999999996,9.213435734196775,18.772799038341024,14.775690223623094,benefit_under_all_stream_compositions
high_ambition_2030,0.196,79.95428,13.401817128576617,23.010202808639555,18.992595999999995,9.281812352199715,18.890198032262653,14.872591223623093,benefit_under_all_stream_compositions
high_ambition_2030,0.197,80.36221,13.470193746579561,23.127601802561188,19.089496999999998,9.350188970202659,19.007597026184285,14.969492223623096,benefit_under_all_stream_compositions
high_ambition_2030,0.198,80.77014,13.538570364582501,23.245000796482817,19.186397999999993,9.418565588205599,19.124996020105915,15.066393223623091,benefit_under_all_stream_compositions
high_ambition_2030,0.199,81.17807,13.606946982585445,23.36239979040445,19.283298999999996,9.486942206208543,19.242395014027547,15.163294223623094,benefit_under_all_stream_compositions
high_ambition_2030,0.2,81.586,13.675323600588387,23.479798784326075,19.380199999999995,9.555318824211485,19.359794007949173,15.260195223623093,benefit_under_all_stream_compositions
high_ambition_2030,0.201,81.99393,13.743700218591329,23.597197778247708,19.477100999999998,9.623695442214427,19.477193001870805,15.357096223623095,benefit_under_all_stream_compositions
high_ambition_2030,0.202,82.40186,13.81207683659427,23.714596772169337,19.574001999999997,9.692072060217368,19.594591995792435,15.453997223623094,benefit_under_all_stream_compositions
high_ambition_2030,0.203,82.80979,13.880453454597212,23.83199576609097,19.670902999999996,9.76044867822031,19.711990989714067,15.550898223623093,benefit_under_all_stream_compositions
high_ambition_2030,0.204,83.21772,13.948830072600154,23.9493947600126,19.767803999999998,9.828825296223252,19.829389983635696,15.647799223623096,benefit_under_all_stream_compositions
high_ambition_2030,0.205,83.62565,14.017206690603095,24.066793753934228,19.864704999999994,9.897201914226192,19.946788977557325,15.744700223623092,benefit_under_all_stream_compositions
high_ambition_2030,0.206,84.03358,14.085583308606038,24.18419274785586,19.961605999999996,9.965578532229136,20.064187971478958,15.841601223623094,benefit_under_all_stream_compositions
high_ambition_2030,0.207,84.44151,14.153959926608978,24.301591741777486,20.058506999999995,10.033955150232076,20.181586965400584,15.938502223623093,benefit_under_all_stream_compositions
high_ambition_2030,0.208,84.84944,14.222336544611922,24.41899073569912,20.155407999999994,10.10233176823502,20.298985959322216,16.035403223623092,benefit_under_all_stream_compositions
high_ambition_2030,0.209,85.25737,14.290713162614862,24.536389729620748,20.252308999999997,10.17070838623796,20.416384953243846,16.132304223623095,benefit_under_all_stream_compositions
high_ambition_2030,0.21,85.6653,14.359089780617806,24.65378872354238,20.349209999999996,10.239085004240904,20.533783947165478,16.229205223623094,benefit_under_all_stream_compositions
high_ambition_2030,0.211,86.07323,14.427466398620746,24.77118771746401,20.44611099999999,10.307461622243844,20.651182941087107,16.32610622362309,benefit_under_all_stream_compositions
high_ambition_2030,0.212,86.48116,14.49584301662369,24.888586711385642,20.543011999999997,10.375838240246788,20.76858193500874,16.423007223623095,benefit_under_all_stream_compositions
high_ambition_2030,0.213,86.88909,14.56421963462663,25.00598570530727,20.639912999999993,10.444214858249728,20.88598092893037,16.51990822362309,benefit_under_all_stream_compositions
high_ambition_2030,0.214,87.29702,14.632596252629574,25.123384699228904,20.736813999999995,10.512591476252672,21.003379922852,16.616809223623093,benefit_under_all_stream_compositions
high_ambition_2030,0.215,87.70495,14.700972870632514,25.240783693150533,20.833714999999994,10.580968094255612,21.12077891677363,16.713710223623092,benefit_under_all_stream_compositions
high_ambition_2030,0.216,88.11288,14.769349488635457,25.358182687072166,20.930615999999997,10.649344712258555,21.238177910695264,16.810611223623095,benefit_under_all_stream_compositions
high_ambition_2030,0.217,88.52081,14.837726106638398,25.47558168099379,21.027516999999996,10.717721330261496,21.35557690461689,16.907512223623094,benefit_under_all_stream_compositions
high_ambition_2030,0.218,88.92874,14.906102724641341,25.592980674915424,21.124418,10.78609794826444,21.47297589853852,17.004413223623096,benefit_under_all_stream_compositions
high_ambition_2030,0.219,89.33667,14.974479342644283,25.710379668837053,21.221318999999998,10.854474566267381,21.59037489246015,17.101314223623096,benefit_under_all_stream_compositions
high_ambition_2030,0.22,89.7446,15.042855960647225,25.827778662758686,21.31822,10.922851184270323,21.707773886381784,17.198215223623098,benefit_under_all_stream_compositions
high_ambition_2030,0.221,90.15253,15.111232578650167,25.945177656680315,21.415120999999996,10.991227802273265,21.825172880303413,17.295116223623094,benefit_under_all_stream_compositions
high_ambition_2030,0.222,90.56046,15.179609196653109,26.062576650601947,21.512021999999995,11.059604420276207,21.942571874225045,17.392017223623093,benefit_under_all_stream_compositions
high_ambition_2030,0.223,90.96839,15.247985814656051,26.179975644523577,21.608922999999997,11.127981038279149,22.059970868146674,17.488918223623095,benefit_under_all_stream_compositions
high_ambition_2030,0.224,91.37632,15.316362432658993,26.29737463844521,21.705823999999996,11.19635765628209,22.177369862068307,17.585819223623094,benefit_under_all_stream_compositions
high_ambition_2030,0.225,91.78425,15.384739050661935,26.414773632366835,21.802724999999995,11.264734274285033,22.294768855989933,17.682720223623093,benefit_under_all_stream_compositions
high_ambition_2030,0.226,92.19218000000001,15.453115668664877,26.532172626288467,21.899625999999998,11.333110892287975,22.412167849911565,17.779621223623096,benefit_under_all_stream_compositions
high_ambition_2030,0.227,92.60011,15.521492286667819,26.649571620210097,21.996526999999993,11.401487510290917,22.529566843833194,17.87652222362309,benefit_under_all_stream_compositions
high_ambition_2030,0.228,93.00804000000001,15.589868904670762,26.76697061413173,22.093427999999996,11.46986412829386,22.646965837754827,17.973423223623094,benefit_under_all_stream_compositions
high_ambition_2030,0.229,93.41597,15.658245522673703,26.88436960805336,22.190328999999995,11.5382407462968,22.764364831676456,18.070324223623093,benefit_under_all_stream_compositions
high_ambition_2030,0.23,93.82390000000001,15.726622140676646,27.00176860197499,22.287229999999997,11.606617364299744,22.88176382559809,18.167225223623095,benefit_under_all_stream_compositions
high_ambition_2030,0.231,94.23183,15.794998758679586,27.11916759589662,22.384130999999996,11.674993982302684,22.999162819519718,18.264126223623094,benefit_under_all_stream_compositions
high_ambition_2030,0.232,94.63976,15.863375376682527,27.23656658981825,22.481031999999995,11.743370600305624,23.116561813441347,18.361027223623093,benefit_under_all_stream_compositions
high_ambition_2030,0.233,95.04769,15.93175199468547,27.35396558373988,22.577932999999998,11.811747218308568,23.233960807362976,18.457928223623096,benefit_under_all_stream_compositions
high_ambition_2030,0.234,95.45562,16.00012861268841,27.471364577661507,22.674833999999993,11.880123836311508,23.351359801284605,18.55482922362309,benefit_under_all_stream_compositions
high_ambition_2030,0.235,95.86355,16.068505230691354,27.58876357158314,22.771734999999996,11.948500454314452,23.468758795206238,18.651730223623094,benefit_under_all_stream_compositions
high_ambition_2030,0.236,96.27148,16.136881848694294,27.70616256550477,22.868635999999995,12.016877072317392,23.586157789127867,18.748631223623093,benefit_under_all_stream_compositions
high_ambition_2030,0.237,96.67941,16.205258466697238,27.823561559426402,22.965536999999998,12.085253690320336,23.7035567830495,18.845532223623096,benefit_under_all_stream_compositions
high_ambition_2030,0.238,97.08734,16.273635084700178,27.94096055334803,23.062437999999997,12.153630308323276,23.82095577697113,18.942433223623095,benefit_under_all_stream_compositions
high_ambition_2030,0.239,97.49527,16.34201170270312,28.058359547269664,23.159338999999996,12.22200692632622,23.93835477089276,19.039334223623094,benefit_under_all_stream_compositions
high_ambition_2030,0.24,97.9032,16.410388320706062,28.175758541191293,23.25623999999999,12.29038354432916,24.05575376481439,19.13623522362309,benefit_under_all_stream_compositions
high_ambition_2030,0.241,98.31113,16.478764938709006,28.293157535112925,23.353140999999994,12.358760162332104,24.173152758736023,19.23313622362309,benefit_under_all_stream_compositions
high_ambition_2030,0.242,98.71906,16.547141556711946,28.41055652903455,23.450041999999993,12.427136780335044,24.29055175265765,19.33003722362309,benefit_under_all_stream_compositions
high_ambition_2030,0.243,99.12699,16.61551817471489,28.527955522956184,23.546942999999995,12.495513398337987,24.40795074657928,19.426938223623093,benefit_under_all_stream_compositions
high_ambition_2030,0.244,99.53492,16.68389479271783,28.645354516877813,23.643843999999994,12.563890016340928,24.52534974050091,19.523839223623092,benefit_under_all_stream_compositions
high_ambition_2030,0.245,99.94285,16.752271410720773,28.762753510799445,23.740744999999997,12.632266634343871,24.642748734422543,19.620740223623095,benefit_under_all_stream_compositions
high_ambition_2030,0.246,100.35078,16.820648028723713,28.880152504721075,23.837645999999996,12.700643252346811,24.760147728344172,19.717641223623094,benefit_under_all_stream_compositions
high_ambition_2030,0.247,100.75871000000001,16.889024646726657,28.997551498642707,23.934547,12.769019870349755,24.877546722265805,19.814542223623096,benefit_under_all_stream_compositions
high_ambition_2030,0.248,101.16664,16.957401264729597,29.114950492564336,24.031447999999997,12.837396488352695,24.994945716187434,19.911443223623095,benefit_under_all_stream_compositions
high_ambition_2030,0.249,101.57457000000001,17.02577788273254,29.23234948648597,24.128349,12.905773106355639,25.112344710109067,20.008344223623098,benefit_under_all_stream_compositions
high_ambition_2030,0.25,101.9825,17.09415450073548,29.349748480407595,24.225249999999996,12.974149724358579,25.229743704030692,20.105245223623093,benefit_under_all_stream_compositions
high_ambition_2030,0.251,102.39043000000001,17.162531118738425,29.467147474329227,24.322150999999998,13.042526342361523,25.347142697952325,20.202146223623096,benefit_under_all_stream_compositions
high_ambition_2030,0.252,102.79836,17.23090773674137,29.584546468250856,24.419051999999997,13.110902960364466,25.464541691873954,20.299047223623095,benefit_under_all_stream_compositions
high_ambition_2030,0.253,103.20629000000001,17.29928435474431,29.70194546217249,24.515952999999996,13.179279578367407,25.581940685795587,20.395948223623094,benefit_under_all_stream_compositions
high_ambition_2030,0.254,103.61422,17.367660972747252,29.819344456094118,24.612853999999995,13.24765619637035,25.699339679717216,20.492849223623093,benefit_under_all_stream_compositions
high_ambition_2030,0.255,104.02215000000001,17.436037590750193,29.93674345001575,24.709754999999998,13.31603281437329,25.81673867363885,20.589750223623096,benefit_under_all_stream_compositions
high_ambition_2030,0.256,104.43008,17.504414208753136,30.05414244393738,24.806655999999993,13.384409432376234,25.934137667560478,20.68665122362309,benefit_under_all_stream_compositions
high_ambition_2030,0.257,104.83801,17.572790826756076,30.17154143785901,24.903556999999992,13.452786050379174,26.051536661482107,20.78355222362309,benefit_under_all_stream_compositions
high_ambition_2030,0.258,105.24594,17.64116744475902,30.28894043178064,25.000457999999995,13.521162668382118,26.16893565540374,20.880453223623093,benefit_under_all_stream_compositions
high_ambition_2030,0.259,105.65387,17.70954406276196,30.406339425702267,25.097358999999994,13.589539286385058,26.286334649325365,20.97735422362309,benefit_under_all_stream_compositions
high_ambition_2030,0.26,106.0618,17.777920680764904,30.5237384196239,25.194259999999996,13.657915904388002,26.403733643246998,21.074255223623094,benefit_under_all_stream_compositions
high_ambition_2030,0.261,106.46973,17.846297298767844,30.64113741354553,25.291160999999995,13.726292522390942,26.521132637168627,21.171156223623093,benefit_under_all_stream_compositions
high_ambition_2030,0.262,106.87766,17.914673916770788,30.75853640746716,25.388061999999998,13.794669140393886,26.63853163109026,21.268057223623096,benefit_under_all_stream_compositions
high_ambition_2030,0.263,107.28559,17.983050534773728,30.87593540138879,25.484962999999993,13.863045758396826,26.75593062501189,21.36495822362309,benefit_under_all_stream_compositions
high_ambition_2030,0.264,107.69352,18.05142715277667,30.993334395310423,25.581863999999996,13.93142237639977,26.87332961893352,21.461859223623094,benefit_under_all_stream_compositions
high_ambition_2030,0.265,108.10145,18.119803770779612,31.110733389232053,25.678764999999995,13.99979899440271,26.99072861285515,21.558760223623093,benefit_under_all_stream_compositions
high_ambition_2030,0.266,108.50938000000001,18.188180388782555,31.228132383153685,25.775665999999998,14.068175612405653,27.108127606776783,21.655661223623095,benefit_under_all_stream_compositions
high_ambition_2030,0.267,108.91731,18.256557006785496,31.34553137707531,25.872566999999997,14.136552230408594,27.22552660069841,21.752562223623094,benefit_under_all_stream_compositions
high_ambition_2030,0.268,109.32524000000001,18.32493362478844,31.462930370996943,25.969467999999996,14.204928848411537,27.34292559462004,21.849463223623093,benefit_under_all_stream_compositions
high_ambition_2030,0.269,109.73317,18.39331024279138,31.580329364918573,26.066368999999998,14.273305466414477,27.46032458854167,21.946364223623096,benefit_under_all_stream_compositions
high_ambition_2030,0.27,110.14110000000001,18.461686860794323,31.697728358840205,26.163269999999994,14.341682084417421,27.577723582463303,22.04326522362309,benefit_under_all_stream_compositions
high_ambition_2030,0.271,110.54903,18.530063478797263,31.815127352761834,26.260170999999993,14.410058702420361,27.695122576384932,22.14016622362309,benefit_under_all_stream_compositions
high_ambition_2030,0.272,110.95696000000001,18.598440096800207,31.932526346683467,26.357071999999995,14.478435320423305,27.812521570306565,22.237067223623093,benefit_under_all_stream_compositions
high_ambition_2030,0.273,111.36489,18.666816714803147,32.04992534060509,26.453972999999994,14.546811938426245,27.92992056422819,22.333968223623092,benefit_under_all_stream_compositions
high_ambition_2030,0.274,111.77282000000001,18.73519333280609,32.167324334526725,26.550873999999997,14.615188556429189,28.047319558149823,22.430869223623095,benefit_under_all_stream_compositions
high_ambition_2030,0.275,112.18075,18.80356995080903,32.28472332844836,26.647774999999996,14.683565174432129,28.164718552071456,22.527770223623094,benefit_under_all_stream_compositions
high_ambition_2030,0.276,112.58868000000001,18.871946568811975,32.40212232236999,26.744676,14.751941792435073,28.28211754599309,22.624671223623096,benefit_under_all_stream_compositions
high_ambition_2030,0.277,112.99661,18.940323186814915,32.519521316291616,26.841576999999997,14.820318410438013,28.399516539914714,22.721572223623095,benefit_under_all_stream_compositions
high_ambition_2030,0.278,113.40454000000001,19.00869980481786,32.63692031021325,26.938478,14.888695028440956,28.516915533836347,22.818473223623098,benefit_under_all_stream_compositions
high_ambition_2030,0.279,113.81247,19.0770764228208,32.75431930413488,27.035378999999995,14.957071646443897,28.63431452775798,22.915374223623093,benefit_under_all_stream_compositions
high_ambition_2030,0.28,114.22040000000001,19.145453040823742,32.871718298056514,27.132279999999998,15.02544826444684,28.751713521679612,23.012275223623096,benefit_under_all_stream_compositions
high_ambition_2030,0.281,114.62833,19.213829658826683,32.98911729197814,27.229180999999997,15.09382488244978,28.869112515601238,23.109176223623095,benefit_under_all_stream_compositions
high_ambition_2030,0.282,115.03626,19.282206276829623,33.106516285899765,27.326081999999996,15.16220150045272,28.986511509522863,23.206077223623094,benefit_under_all_stream_compositions
high_ambition_2030,0.283,115.44419,19.350582894832566,33.2239152798214,27.422983,15.230578118455664,29.103910503444496,23.302978223623096,benefit_under_all_stream_compositions
high_ambition_2030,0.284,115.85212,19.418959512835507,33.34131427374303,27.519883999999998,15.298954736458604,29.22130949736613,23.399879223623095,benefit_under_all_stream_compositions
high_ambition_2030,0.285,116.26005,19.48733613083845,33.45871326766466,27.616784999999993,15.367331354461548,29.33870849128776,23.49678022362309,benefit_under_all_stream_compositions
high_ambition_2030,0.286,116.66798,19.55571274884139,33.57611226158629,27.713685999999992,15.435707972464488,29.456107485209387,23.59368122362309,benefit_under_all_stream_compositions
high_ambition_2030,0.287,117.07591000000001,19.624089366844334,33.69351125550792,27.810586999999995,15.504084590467432,29.57350647913102,23.690582223623093,benefit_under_all_stream_compositions
high_ambition_2030,0.288,117.48384,19.692465984847278,33.81091024942955,27.907487999999994,15.572461208470376,29.690905473052645,23.78748322362309,benefit_under_all_stream_compositions
high_ambition_2030,0.289,117.89177000000001,19.760842602850218,33.92830924335118,28.004388999999996,15.640837826473316,29.808304466974278,23.884384223623094,benefit_under_all_stream_compositions
high_ambition_2030,0.29,118.2997,19.82921922085316,34.04570823727281,28.101289999999995,15.70921444447626,29.92570346089591,23.981285223623093,benefit_under_all_stream_compositions
high_ambition_2030,0.291,118.70763000000001,19.897595838856102,34.163107231194445,28.198190999999998,15.7775910624792,30.043102454817543,24.078186223623096,benefit_under_all_stream_compositions
high_ambition_2030,0.292,119.11556,19.965972456859046,34.28050622511607,28.295091999999993,15.845967680482143,30.16050144873917,24.17508722362309,benefit_under_all_stream_compositions
high_ambition_2030,0.293,119.52349000000001,20.034349074861986,34.3979052190377,28.391992999999996,15.914344298485084,30.2779004426608,24.271988223623094,benefit_under_all_stream_compositions
high_ambition_2030,0.294,119.93142,20.10272569286493,34.515304212959336,28.488893999999995,15.982720916488027,30.395299436582434,24.368889223623093,benefit_under_all_stream_compositions
high_ambition_2030,0.295,120.33935000000001,20.17110231086787,34.63270320688097,28.585794999999997,16.051097534490967,30.512698430504066,24.465790223623095,benefit_under_all_stream_compositions
high_ambition_2030,0.296,120.74728,20.239478928870813,34.750102200802594,28.682695999999996,16.11947415249391,30.630097424425692,24.562691223623094,benefit_under_all_stream_compositions
high_ambition_2030,0.297,121.15521000000001,20.307855546873757,34.86750119472423,28.779597,16.187850770496855,30.747496418347325,24.659592223623097,benefit_under_all_stream_compositions
high_ambition_2030,0.298,121.56314,20.376232164876697,34.98490018864585,28.876497999999998,16.256227388499795,30.86489541226895,24.756493223623096,benefit_under_all_stream_compositions
high_ambition_2030,0.299,121.97107000000001,20.44460878287964,35.102299182567485,28.973398999999993,16.32460400650274,30.982294406190583,24.85339422362309,benefit_under_all_stream_compositions
high_ambition_2030,0.3,122.379,20.51298540088258,35.21969817648912,29.070299999999992,16.39298062450568,31.099693400112216,24.95029522362309,benefit_under_all_stream_compositions
high_ambition_2030,0.301,122.78693000000001,20.581362018885525,35.33709717041075,29.167200999999995,16.461357242508623,31.21709239403385,25.047196223623093,benefit_under_all_stream_compositions
high_ambition_2030,0.302,123.19486,20.649738636888465,35.454496164332376,29.264101999999994,16.529733860511563,31.334491387955474,25.144097223623092,benefit_under_all_stream_compositions
high_ambition_2030,0.303,123.60279000000001,20.71811525489141,35.57189515825401,29.361002999999997,16.598110478514506,31.451890381877107,25.240998223623095,benefit_under_all_stream_compositions
high_ambition_2030,0.304,124.01072,20.78649187289435,35.68929415217564,29.457903999999996,16.666487096517447,31.56928937579874,25.337899223623094,benefit_under_all_stream_compositions
high_ambition_2030,0.305,124.41865000000001,20.854868490897292,35.806693146097274,29.554804999999998,16.73486371452039,31.686688369720372,25.434800223623096,benefit_under_all_stream_compositions
high_ambition_2030,0.306,124.82658,20.923245108900232,35.9240921400189,29.651705999999997,16.80324033252333,31.804087363641997,25.531701223623095,benefit_under_all_stream_compositions
high_ambition_2030,0.307,125.23451000000001,20.991621726903176,36.04149113394053,29.748607,16.871616950526274,31.92148635756363,25.628602223623098,benefit_under_all_stream_compositions
high_ambition_2030,0.308,125.64244000000001,21.059998344906116,36.15889012786216,29.845507999999995,16.939993568529214,32.038885351485256,25.725503223623093,benefit_under_all_stream_compositions
high_ambition_2030,0.309,126.05037,21.128374962909056,36.27628912178379,29.942408999999994,17.008370186532154,32.15628434540689,25.822404223623092,benefit_under_all_stream_compositions
high_ambition_2030,0.31,126.45830000000001,21.196751580912,36.39368811570542,30.039309999999997,17.076746804535098,32.27368333932852,25.919305223623095,benefit_under_all_stream_compositions
high_ambition_2030,0.311,126.86623,21.26512819891494,36.51108710962705,30.136210999999996,17.14512342253804,32.39108233325015,26.016206223623094,benefit_under_all_stream_compositions
high_ambition_2030,0.312,127.27416000000001,21.333504816917884,36.62848610354868,30.233112,17.213500040540982,32.50848132717178,26.113107223623096,benefit_under_all_stream_compositions
high_ambition_2030,0.313,127.68209,21.401881434920824,36.745885097470314,30.330012999999997,17.281876658543922,32.62588032109341,26.210008223623095,benefit_under_all_stream_compositions
high_ambition_2030,0.314,128.09002,21.470258052923768,36.86328409139194,30.426913999999993,17.350253276546866,32.74327931501504,26.30690922362309,benefit_under_all_stream_compositions
high_ambition_2030,0.315,128.49795,21.538634670926708,36.98068308531357,30.523814999999992,17.418629894549806,32.86067830893667,26.40381022362309,benefit_under_all_stream_compositions
high_ambition_2030,0.316,128.90588,21.607011288929648,37.0980820792352,30.620715999999994,17.487006512552746,32.978077302858296,26.500711223623092,benefit_under_all_stream_compositions
high_ambition_2030,0.317,129.31381,21.675387906932592,37.21548107315683,30.717616999999994,17.55538313055569,33.09547629677993,26.59761222362309,benefit_under_all_stream_compositions
high_ambition_2030,0.318,129.72174,21.743764524935536,37.33288006707846,30.814517999999996,17.623759748558633,33.21287529070156,26.694513223623094,benefit_under_all_stream_compositions
high_ambition_2030,0.319,130.12967,21.812141142938476,37.450279061000096,30.911418999999995,17.692136366561574,33.330274284623194,26.791414223623093,benefit_under_all_stream_compositions
high_ambition_2030,0.32,130.5376,21.880517760941416,37.56767805492172,31.00831999999999,17.760512984564514,33.44767327854482,26.88831522362309,benefit_under_all_stream_compositions
high_ambition_2030,0.321,130.94553,21.94889437894436,37.68507704884335,31.10522099999999,17.828889602567457,33.565072272466445,26.985216223623087,benefit_under_all_stream_compositions
high_ambition_2030,0.322,131.35345999999998,22.0172709969473,37.80247604276498,31.20212199999999,17.897266220570398,33.68247126638808,27.082117223623086,benefit_under_all_stream_compositions
high_ambition_2030,0.323,131.76139,22.085647614950243,37.91987503668661,31.299022999999995,17.96564283857334,33.79987026030971,27.179018223623093,benefit_under_all_stream_compositions
high_ambition_2030,0.324,132.16932,22.154024232953184,38.037274030608245,31.395923999999994,18.03401945657628,33.91726925423134,27.27591922362309,benefit_under_all_stream_compositions
high_ambition_2030,0.325,132.57725,22.222400850956127,38.15467302452987,31.492824999999993,18.102396074579225,34.03466824815297,27.37282022362309,benefit_under_all_stream_compositions
high_ambition_2030,0.326,132.98517999999999,22.290777468959067,38.2720720184515,31.589725999999988,18.170772692582165,34.1520672420746,27.469721223623086,benefit_under_all_stream_compositions
high_ambition_2030,0.327,133.39311,22.35915408696201,38.389471012373136,31.686626999999998,18.23914931058511,34.269466235996234,27.566622223623096,benefit_under_all_stream_compositions
high_ambition_2030,0.328,133.80104,22.427530704964955,38.50687000629477,31.783527999999993,18.307525928588053,34.386865229917866,27.66352322362309,benefit_under_all_stream_compositions
high_ambition_2030,0.329,134.20897,22.495907322967895,38.624269000216394,31.880428999999992,18.375902546590993,34.50426422383949,27.76042422362309,benefit_under_all_stream_compositions
high_ambition_2030,0.33,134.6169,22.564283940970835,38.74166799413802,31.97732999999999,18.444279164593933,34.62166321776112,27.85732522362309,benefit_under_all_stream_compositions
high_ambition_2030,0.331,135.02483,22.63266055897378,38.85906698805966,32.07423099999999,18.512655782596877,34.73906221168276,27.95422622362309,benefit_under_all_stream_compositions
high_ambition_2030,0.332,135.43276,22.701037176976723,38.976465981981285,32.17113199999999,18.58103240059982,34.85646120560438,28.05112722362309,benefit_under_all_stream_compositions
high_ambition_2030,0.333,135.84069,22.769413794979663,39.09386497590292,32.26803299999999,18.64940901860276,34.973860199526015,28.148028223623086,benefit_under_all_stream_compositions
high_ambition_2030,0.334,136.24862,22.837790412982603,39.21126396982454,32.36493399999999,18.7177856366057,35.09125919344764,28.24492922362309,benefit_under_all_stream_compositions
high_ambition_2030,0.335,136.65654999999998,22.906167030985543,39.328662963746176,32.461834999999994,18.78616225460864,35.208658187369274,28.34183022362309,benefit_under_all_stream_compositions
high_ambition_2030,0.336,137.06448,22.97454364898849,39.44606195766781,32.558735999999996,18.854538872611588,35.326057181290906,28.438731223623094,benefit_under_all_stream_compositions
high_ambition_2030,0.337,137.47241,23.04292026699143,39.56346095158944,32.65563699999999,18.92291549061453,35.44345617521254,28.53563222362309,benefit_under_all_stream_compositions
high_ambition_2030,0.338,137.88034,23.11129688499437,39.68085994551107,32.75253799999999,18.99129210861747,35.560855169134165,28.632533223623085,benefit_under_all_stream_compositions
high_ambition_2030,0.339,138.28826999999998,23.17967350299731,39.79825893943269,32.84943899999999,19.05966872662041,35.67825416305579,28.729434223623088,benefit_under_all_stream_compositions
high_ambition_2030,0.34,138.6962,23.248050121000258,39.91565793335433,32.94633999999999,19.128045344623356,35.79565315697743,28.82633522362309,benefit_under_all_stream_compositions
high_ambition_2030,0.341,139.10413,23.316426739003198,40.03305692727596,33.043240999999995,19.196421962626296,35.913052150899055,28.923236223623093,benefit_under_all_stream_compositions
high_ambition_2030,0.342,139.51206,23.384803357006138,40.15045592119759,33.14014199999999,19.264798580629236,36.03045114482069,29.020137223623088,benefit_under_all_stream_compositions
high_ambition_2030,0.343,139.91998999999998,23.45317997500908,40.267854915119216,33.23704299999999,19.333175198632176,36.147850138742314,29.11703822362309,benefit_under_all_stream_compositions
high_ambition_2030,0.344,140.32792,23.521556593012026,40.385253909040856,33.333943999999995,19.401551816635124,36.26524913266395,29.213939223623093,benefit_under_all_stream_compositions
high_ambition_2030,0.345,140.73585,23.589933211014966,40.50265290296248,33.430845,19.469928434638064,36.38264812658558,29.310840223623096,benefit_under_all_stream_compositions
high_ambition_2030,0.346,141.14378,23.658309829017906,40.620051896884114,33.52774599999999,19.538305052641004,36.50004712050721,29.40774122362309,benefit_under_all_stream_compositions
high_ambition_2030,0.347,141.55170999999999,23.726686447020846,40.73745089080574,33.62464699999999,19.606681670643944,36.61744611442884,29.504642223623087,benefit_under_all_stream_compositions
high_ambition_2030,0.348,141.95964,23.795063065023793,40.85484988472737,33.72154799999999,19.67505828864689,36.73484510835047,29.60154322362309,benefit_under_all_stream_compositions
high_ambition_2030,0.349,142.36757,23.863439683026733,40.972248878649005,33.818448999999994,19.74343490664983,36.8522441022721,29.698444223623092,benefit_under_all_stream_compositions
high_ambition_2030,0.35,142.7755,23.931816301029674,41.08964787257063,33.91534999999999,19.81181152465277,36.96964309619373,29.795345223623087,benefit_under_all_stream_compositions
high_ambition_2030,0.351,143.18343,24.000192919032614,41.20704686649226,34.012250999999985,19.88018814265571,37.08704209011536,29.892246223623083,benefit_under_all_stream_compositions
high_ambition_2030,0.352,143.59136,24.06856953703556,41.324445860413896,34.109151999999995,19.94856476065866,37.20444108403699,29.989147223623092,benefit_under_all_stream_compositions
high_ambition_2030,0.353,143.99929,24.1369461550385,41.44184485433553,34.20605299999999,20.0169413786616,37.321840077958626,30.086048223623088,benefit_under_all_stream_compositions
high_ambition_2030,0.354,144.40722,24.20532277304144,41.559243848257154,34.30295399999999,20.08531799666454,37.43923907188025,30.18294922362309,benefit_under_all_stream_compositions
high_ambition_2030,0.355,144.81515,24.273699391044385,41.67664284217878,34.39985499999999,20.153694614667483,37.55663806580188,30.279850223623086,benefit_under_all_stream_compositions
high_ambition_2030,0.356,145.22308,24.34207600904733,41.79404183610042,34.496756,20.222071232670427,37.67403705972352,30.376751223623096,benefit_under_all_stream_compositions
high_ambition_2030,0.357,145.63101,24.41045262705027,41.911440830022045,34.59365699999999,20.290447850673367,37.79143605364514,30.47365222362309,benefit_under_all_stream_compositions
high_ambition_2030,0.358,146.03894,24.47882924505321,42.02883982394368,34.690557999999996,20.358824468676307,37.908835047566775,30.570553223623094,benefit_under_all_stream_compositions
high_ambition_2030,0.359,146.44687,24.547205863056153,42.1462388178653,34.78745899999999,20.42720108667925,38.0262340414884,30.66745422362309,benefit_under_all_stream_compositions
high_ambition_2030,0.36,146.85479999999998,24.615582481059093,42.263637811786936,34.88435999999999,20.49557770468219,38.14363303541003,30.764355223623085,benefit_under_all_stream_compositions
high_ambition_2030,0.361,147.26273,24.683959099062037,42.38103680570857,34.98126099999999,20.563954322685134,38.261032029331666,30.861256223623087,benefit_under_all_stream_compositions
high_ambition_2030,0.362,147.67066,24.75233571706498,42.4984357996302,35.07816199999999,20.632330940688078,38.3784310232533,30.95815722362309,benefit_under_all_stream_compositions
high_ambition_2030,0.363,148.07859,24.82071233506792,42.61583479355183,35.175062999999994,20.70070755869102,38.495830017174924,31.055058223623092,benefit_under_all_stream_compositions
high_ambition_2030,0.364,148.48651999999998,24.88908895307086,42.73323378747345,35.27196399999999,20.76908417669396,38.61322901109655,31.151959223623088,benefit_under_all_stream_compositions
high_ambition_2030,0.365,148.89445,24.957465571073804,42.85063278139509,35.36886499999999,20.837460794696902,38.73062800501819,31.24886022362309,benefit_under_all_stream_compositions
high_ambition_2030,0.366,149.30238,25.025842189076748,42.96803177531672,35.465765999999995,20.905837412699846,38.848026998939815,31.345761223623093,benefit_under_all_stream_compositions
high_ambition_2030,0.367,149.71031,25.094218807079688,43.08543076923835,35.56266699999999,20.974214030702786,38.96542599286145,31.44266222362309,benefit_under_all_stream_compositions
high_ambition_2030,0.368,150.11824,25.16259542508263,43.202829763159976,35.659567999999986,21.042590648705726,39.08282498678307,31.539563223623084,benefit_under_all_stream_compositions
high_ambition_2030,0.369,150.52617,25.230972043085572,43.320228757081615,35.756468999999996,21.11096726670867,39.20022398070471,31.636464223623094,benefit_under_all_stream_compositions
high_ambition_2030,0.37,150.9341,25.299348661088516,43.43762775100324,35.85336999999999,21.179343884711614,39.31762297462634,31.73336522362309,benefit_under_all_stream_compositions
high_ambition_2030,0.371,151.34203,25.367725279091456,43.555026744924874,35.950270999999994,21.247720502714554,39.43502196854797,31.83026622362309,benefit_under_all_stream_compositions
high_ambition_2030,0.372,151.74996,25.436101897094396,43.6724257388465,36.04717199999999,21.316097120717494,39.5524209624696,31.927167223623087,benefit_under_all_stream_compositions
high_ambition_2030,0.373,152.15789,25.504478515097343,43.78982473276814,36.144073,21.38447373872044,39.66981995639124,32.0240682236231,benefit_under_all_stream_compositions
high_ambition_2030,0.374,152.56582,25.572855133100283,43.907223726689764,36.240973999999994,21.45285035672338,39.78721895031286,32.12096922362309,benefit_under_all_stream_compositions
high_ambition_2030,0.375,152.97375,25.641231751103224,44.02462272061139,36.33787499999999,21.52122697472632,39.90461794423449,32.21787022362309,benefit_under_all_stream_compositions
high_ambition_2030,0.376,153.38168,25.709608369106164,44.14202171453302,36.43477599999999,21.58960359272926,40.02201693815612,32.31477122362309,benefit_under_all_stream_compositions
high_ambition_2030,0.377,153.78961,25.77798498710911,44.259420708454655,36.531676999999995,21.65798021073221,40.13941593207775,32.41167222362309,benefit_under_all_stream_compositions
high_ambition_2030,0.378,154.19754,25.84636160511205,44.37681970237629,36.62857799999999,21.72635682873515,40.256814925999386,32.50857322362309,benefit_under_all_stream_compositions
high_ambition_2030,0.379,154.60547,25.91473822311499,44.494218696297914,36.72547899999999,21.79473344673809,40.37421391992101,32.60547422362309,benefit_under_all_stream_compositions
high_ambition_2030,0.38,155.0134,25.98311484111793,44.61161769021954,36.82237999999999,21.86311006474103,40.49161291384264,32.702375223623086,benefit_under_all_stream_compositions
high_ambition_2030,0.381,155.42133,26.05149145912088,44.72901668414118,36.919281,21.931486682743977,40.60901190776428,32.799276223623096,benefit_under_all_stream_compositions
high_ambition_2030,0.382,155.82926,26.11986807712382,44.846415678062804,37.01618199999999,21.999863300746917,40.7264109016859,32.89617722362309,benefit_under_all_stream_compositions
high_ambition_2030,0.383,156.23719,26.18824469512676,44.96381467198444,37.11308299999999,22.068239918749857,40.843809895607535,32.99307822362309,benefit_under_all_stream_compositions
high_ambition_2030,0.384,156.64512,26.2566213131297,45.08121366590606,37.20998399999999,22.136616536752797,40.96120888952916,33.08997922362309,benefit_under_all_stream_compositions
high_ambition_2030,0.385,157.05304999999998,26.32499793113264,45.198612659827695,37.30688499999999,22.204993154755737,41.07860788345079,33.186880223623085,benefit_under_all_stream_compositions
high_ambition_2030,0.386,157.46098,26.393374549135586,45.31601165374933,37.403786,22.273369772758684,41.196006877372426,33.283781223623095,benefit_under_all_stream_compositions
high_ambition_2030,0.387,157.86891,26.461751167138527,45.43341064767096,37.50068699999999,22.341746390761624,41.31340587129406,33.38068222362309,benefit_under_all_stream_compositions
high_ambition_2030,0.388,158.27684,26.530127785141467,45.550809641592586,37.59758799999999,22.410123008764565,41.430804865215684,33.477583223623085,benefit_under_all_stream_compositions
high_ambition_2030,0.389,158.68477,26.598504403144407,45.66820863551421,37.69448899999999,22.478499626767505,41.54820385913731,33.57448422362309,benefit_under_all_stream_compositions
high_ambition_2030,0.39,159.0927,26.666881021147354,45.78560762943585,37.79138999999999,22.546876244770452,41.66560285305895,33.67138522362309,benefit_under_all_stream_compositions
high_ambition_2030,0.391,159.50063,26.735257639150294,45.90300662335748,37.888290999999995,22.615252862773392,41.783001846980575,33.76828622362309,benefit_under_all_stream_compositions
high_ambition_2030,0.392,159.90856,26.803634257153234,46.02040561727911,37.98519199999999,22.683629480776332,41.90040084090221,33.86518722362309,benefit_under_all_stream_compositions
high_ambition_2030,0.393,160.31649,26.872010875156178,46.137804611200735,38.08209299999999,22.752006098779276,42.01779983482383,33.96208822362309,benefit_under_all_stream_compositions
high_ambition_2030,0.394,160.72442,26.940387493159122,46.255203605122375,38.178993999999996,22.82038271678222,42.13519882874547,34.058989223623094,benefit_under_all_stream_compositions
high_ambition_2030,0.395,161.13235,27.008764111162062,46.372602599044,38.27589499999999,22.88875933478516,42.2525978226671,34.15589022362309,benefit_under_all_stream_compositions
high_ambition_2030,0.396,161.54028,27.077140729165002,46.49000159296563,38.37279599999999,22.9571359527881,42.36999681658873,34.252791223623085,benefit_under_all_stream_compositions
high_ambition_2030,0.397,161.94821,27.145517347167946,46.60740058688726,38.46969699999999,23.025512570791044,42.48739581051036,34.34969222362309,benefit_under_all_stream_compositions
high_ambition_2030,0.398,162.35614,27.21389396517089,46.7247995808089,38.56659799999999,23.093889188793987,42.604794804432,34.44659322362309,benefit_under_all_stream_compositions
high_ambition_2030,0.399,162.76407,27.28227058317383,46.842198574730524,38.663498999999995,23.162265806796928,42.72219379835362,34.54349422362309,benefit_under_all_stream_compositions
high_ambition_2030,0.4,163.172,27.350647201176773,46.95959756865215,38.76039999999999,23.23064242479987,42.83959279227525,34.64039522362309,benefit_under_all_stream_compositions
high_ambition_2030,0.401,163.57993,27.419023819179714,47.07699656257378,38.85730099999999,23.29901904280281,42.95699178619688,34.73729622362309,benefit_under_all_stream_compositions
high_ambition_2030,0.402,163.98786,27.487400437182657,47.194395556495415,38.954201999999995,23.367395660805755,43.07439078011851,34.83419722362309,benefit_under_all_stream_compositions
high_ambition_2030,0.403,164.39579,27.555777055185597,47.31179455041705,39.051103,23.435772278808695,43.191789774040146,34.931098223623096,benefit_under_all_stream_compositions
high_ambition_2030,0.404,164.80372,27.62415367318854,47.42919354433867,39.14800399999999,23.50414889681164,43.30918876796177,35.02799922362309,benefit_under_all_stream_compositions
high_ambition_2030,0.405,165.21165,27.69253029119148,47.546592538260306,39.24490499999999,23.57252551481458,43.426587761883404,35.12490022362309,benefit_under_all_stream_compositions
high_ambition_2030,0.406,165.61958,27.760906909194425,47.66399153218194,39.34180599999999,23.640902132817523,43.54398675580504,35.22180122362309,benefit_under_all_stream_compositions
high_ambition_2030,0.407,166.02751,27.829283527197365,47.781390526103564,39.438706999999994,23.709278750820463,43.66138574972666,35.31870222362309,benefit_under_all_stream_compositions
high_ambition_2030,0.408,166.43544,27.89766014520031,47.8987895200252,39.535607999999996,23.777655368823407,43.778784743648295,35.415603223623094,benefit_under_all_stream_compositions
high_ambition_2030,0.409,166.84337,27.96603676320325,48.01618851394682,39.63250899999999,23.846031986826347,43.89618373756992,35.51250422362309,benefit_under_all_stream_compositions
high_ambition_2030,0.41,167.2513,28.03441338120619,48.133587507868455,39.72940999999999,23.914408604829287,44.01358273149155,35.609405223623085,benefit_under_all_stream_compositions
high_ambition_2030,0.411,167.65923,28.102789999209136,48.25098650179009,39.82631099999999,23.982785222832234,44.130981725413186,35.70630622362309,benefit_under_all_stream_compositions
high_ambition_2030,0.412,168.06716,28.171166617212076,48.36838549571172,39.92321199999999,24.051161840835174,44.24838071933482,35.80320722362309,benefit_under_all_stream_compositions
high_ambition_2030,0.413,168.47509,28.239543235215017,48.485784489633346,40.02011299999999,24.119538458838115,44.365779713256444,35.900108223623086,benefit_under_all_stream_compositions
high_ambition_2030,0.414,168.88302,28.307919853217957,48.60318348355497,40.11701399999999,24.187915076841055,44.48317870717807,35.99700922362309,benefit_under_all_stream_compositions
high_ambition_2030,0.415,169.29095,28.376296471220904,48.72058247747661,40.21391499999999,24.256291694844002,44.60057770109971,36.09391022362309,benefit_under_all_stream_compositions
high_ambition_2030,0.416,169.69888,28.444673089223844,48.83798147139824,40.31081599999999,24.324668312846942,44.717976695021335,36.190811223623086,benefit_under_all_stream_compositions
high_ambition_2030,0.417,170.10681,28.513049707226784,48.95538046531987,40.407716999999984,24.393044930849882,44.83537568894297,36.28771222362308,benefit_under_all_stream_compositions
high_ambition_2030,0.418,170.51474,28.581426325229724,49.072779459241495,40.504617999999994,24.461421548852822,44.95277468286459,36.38461322362309,benefit_under_all_stream_compositions
high_ambition_2030,0.419,170.92267,28.692184531532735,49.190178453163135,40.60151899999999,24.572179755155833,45.07017367678623,36.48151422362309,benefit_under_all_stream_compositions
high_ambition_2030,0.42,171.3306,28.809583525454364,49.30757744708476,40.69841999999999,24.689578749077462,45.18757267070786,36.57841522362309,benefit_under_all_stream_compositions
high_ambition_2030,0.421,171.73853,28.92698251937599,49.42497644100639,40.79532099999999,24.806977742999088,45.30497166462949,36.675316223623085,benefit_under_all_stream_compositions
high_ambition_2030,0.422,172.14646,29.04438151329762,49.54237543492802,40.89222199999998,24.924376736920717,45.42237065855112,36.77221722362308,benefit_under_all_stream_compositions
high_ambition_2030,0.423,172.55439,29.161780507219255,49.65977442884966,40.98912299999999,25.041775730842353,45.539769652472756,36.86911822362309,benefit_under_all_stream_compositions
high_ambition_2030,0.424,172.96232,29.279179501140884,49.777173422771284,41.086023999999995,25.159174724763982,45.65716864639438,36.96601922362309,benefit_under_all_stream_compositions
high_ambition_2030,0.425,173.37025,29.396578495062514,49.89457241669291,41.18292499999999,25.27657371868561,45.77456764031601,37.06292022362309,benefit_under_all_stream_compositions
high_ambition_2030,0.426,173.77818,29.513977488984143,50.01197141061454,41.279825999999986,25.39397271260724,45.89196663423764,37.159821223623084,benefit_under_all_stream_compositions
high_ambition_2030,0.427,174.18611,29.63137648290578,50.129370404536175,41.376726999999995,25.511371706528877,46.00936562815927,37.25672222362309,benefit_under_all_stream_compositions
high_ambition_2030,0.428,174.59404,29.748775476827408,50.24676939845781,41.47362799999999,25.628770700450506,46.126764622080906,37.35362322362309,benefit_under_all_stream_compositions
high_ambition_2030,0.429,175.00197,29.866174470749037,50.36416839237943,41.57052899999999,25.746169694372135,46.24416361600253,37.45052422362309,benefit_under_all_stream_compositions
high_ambition_2030,0.43,175.4099,29.983573464670663,50.481567386301066,41.66742999999999,25.86356868829376,46.361562609924164,37.54742522362309,benefit_under_all_stream_compositions
high_ambition_2030,0.431,175.81783000000001,30.1009724585923,50.5989663802227,41.764331,25.980967682215397,46.478961603845796,37.644326223623096,benefit_under_all_stream_compositions
high_ambition_2030,0.432,176.22576,30.218371452513928,50.71636537414433,41.861231999999994,26.098366676137026,46.59636059776743,37.74122722362309,benefit_under_all_stream_compositions
high_ambition_2030,0.433,176.63369,30.335770446435557,50.83376436806596,41.95813299999999,26.215765670058655,46.713759591689055,37.83812822362309,benefit_under_all_stream_compositions
high_ambition_2030,0.434,177.04162,30.453169440357186,50.95116336198758,42.05503399999999,26.333164663980284,46.83115858561068,37.93502922362309,benefit_under_all_stream_compositions
high_ambition_2030,0.435,177.44955000000002,30.570568434278822,51.06856235590922,42.151934999999995,26.45056365790192,46.94855757953232,38.03193022362309,benefit_under_all_stream_compositions
high_ambition_2030,0.436,177.85748,30.68796742820045,51.18596134983085,42.248836,26.56796265182355,47.065956573453946,38.128831223623095,benefit_under_all_stream_compositions
high_ambition_2030,0.437,178.26541,30.805366422122077,51.30336034375248,42.34573699999999,26.685361645745175,47.18335556737558,38.22573222362309,benefit_under_all_stream_compositions
high_ambition_2030,0.438,178.67334,30.922765416043706,51.420759337674106,42.442637999999995,26.802760639666804,47.300754561297204,38.32263322362309,benefit_under_all_stream_compositions
high_ambition_2030,0.439,179.08127,31.040164409965335,51.53815833159573,42.53953899999999,26.920159633588433,47.41815355521883,38.41953422362309,benefit_under_all_stream_compositions
high_ambition_2030,0.44,179.4892,31.15756340388697,51.65555732551737,42.63644,27.03755862751007,47.53555254914047,38.5164352236231,benefit_under_all_stream_compositions
high_ambition_2030,0.441,179.89713,31.2749623978086,51.772956319439,42.733340999999996,27.1549576214317,47.652951543062095,38.613336223623094,benefit_under_all_stream_compositions
high_ambition_2030,0.442,180.30506,31.39236139173023,51.89035531336063,42.83024199999999,27.272356615353328,47.77035053698373,38.71023722362309,benefit_under_all_stream_compositions
high_ambition_2030,0.443,180.71299,31.50976038565186,52.007754307282255,42.927142999999994,27.389755609274957,47.88774953090535,38.80713822362309,benefit_under_all_stream_compositions
high_ambition_2030,0.444,181.12092,31.627159379573495,52.125153301203895,43.02404399999999,27.507154603196593,48.00514852482699,38.90403922362309,benefit_under_all_stream_compositions
high_ambition_2030,0.445,181.52885,31.744558373495124,52.24255229512552,43.120945,27.624553597118222,48.12254751874862,39.0009402236231,benefit_under_all_stream_compositions
high_ambition_2030,0.446,181.93678,31.86195736741675,52.35995128904715,43.217845999999994,27.741952591039848,48.23994651267025,39.09784122362309,benefit_under_all_stream_compositions
high_ambition_2030,0.447,182.34471,31.97935636133838,52.47735028296878,43.31474699999999,27.859351584961477,48.35734550659188,39.19474222362309,benefit_under_all_stream_compositions
high_ambition_2030,0.448,182.75264,32.096755355260015,52.59474927689042,43.41164799999999,27.976750578883113,48.474744500513516,39.29164322362309,benefit_under_all_stream_compositions
high_ambition_2030,0.449,183.16057,32.21415434918165,52.712148270812044,43.50854899999999,28.094149572804746,48.59214349443514,39.388544223623086,benefit_under_all_stream_compositions
high_ambition_2030,0.45,183.5685,32.33155334310327,52.82954726473367,43.60544999999999,28.21154856672637,48.70954248835677,39.48544522362309,benefit_under_all_stream_compositions
high_ambition_2030,0.451,183.97643,32.4489523370249,52.9469462586553,43.702350999999986,28.328947560647997,48.8269414822784,39.582346223623084,benefit_under_all_stream_compositions
high_ambition_2030,0.452,184.38436000000002,32.56635133094654,53.064345252576935,43.799251999999996,28.446346554569637,48.94434047620003,39.67924722362309,benefit_under_all_stream_compositions
high_ambition_2030,0.453,184.79229,32.683750324868164,53.18174424649857,43.89615299999999,28.563745548491262,49.061739470121665,39.77614822362309,benefit_under_all_stream_compositions
high_ambition_2030,0.454,185.20022,32.8011493187898,53.29914324042019,43.99305399999999,28.681144542412895,49.17913846404329,39.873049223623084,benefit_under_all_stream_compositions
high_ambition_2030,0.455,185.60815,32.91854831271142,53.416542234341826,44.08995499999999,28.79854353633452,49.296537457964924,39.96995022362309,benefit_under_all_stream_compositions
high_ambition_2030,0.456,186.01608000000002,33.03594730663306,53.53394122826346,44.18685599999999,28.91594253025616,49.413936451886556,40.06685122362309,benefit_under_all_stream_compositions
high_ambition_2030,0.457,186.42401,33.15334630055469,53.65134022218509,44.283756999999994,29.033341524177786,49.53133544580819,40.16375222362309,benefit_under_all_stream_compositions
high_ambition_2030,0.458,186.83194,33.27074529447631,53.76873921610672,44.38065799999999,29.15074051809941,49.648734439729814,40.26065322362309,benefit_under_all_stream_compositions
high_ambition_2030,0.459,187.23987,33.388144288397946,53.88613821002834,44.47755899999999,29.268139512021044,49.76613343365144,40.35755422362309,benefit_under_all_stream_compositions
high_ambition_2030,0.46,187.64780000000002,33.50554328231958,54.00353720394998,44.574459999999995,29.385538505942677,49.88353242757308,40.45445522362309,benefit_under_all_stream_compositions
high_ambition_2030,0.461,188.05573,33.62294227624121,54.12093619787161,44.671361,29.50293749986431,50.000931421494705,40.551356223623095,benefit_under_all_stream_compositions
high_ambition_2030,0.462,188.46366,33.74034127016284,54.23833519179324,44.76826199999999,29.620336493785935,50.11833041541634,40.64825722362309,benefit_under_all_stream_compositions
high_ambition_2030,0.463,188.87159,33.85774026408447,54.355734185714866,44.86516299999999,29.737735487707567,50.235729409337964,40.745158223623086,benefit_under_all_stream_compositions
high_ambition_2030,0.464,189.27952,33.975139258006095,54.4731331796365,44.96206399999999,29.855134481629193,50.353128403259596,40.84205922362309,benefit_under_all_stream_compositions
high_ambition_2030,0.465,189.68745,34.092538251927735,54.59053217355813,45.05896499999999,29.972533475550833,50.47052739718123,40.93896022362309,benefit_under_all_stream_compositions
high_ambition_2030,0.466,190.09538,34.20993724584936,54.70793116747976,45.155865999999996,30.08993246947246,50.587926391102854,41.035861223623094,benefit_under_all_stream_compositions
high_ambition_2030,0.467,190.50331,34.327336239770986,54.82533016140139,45.25276699999999,30.207331463394084,50.70532538502449,41.13276222362309,benefit_under_all_stream_compositions
high_ambition_2030,0.468,190.91124,34.44473523369262,54.942729155323015,45.34966799999999,30.324730457315717,50.82272437894611,41.229663223623085,benefit_under_all_stream_compositions
high_ambition_2030,0.469,191.31917,34.56213422761425,55.060128149244655,45.446569,30.44212945123735,50.94012337286775,41.326564223623095,benefit_under_all_stream_compositions
high_ambition_2030,0.47,191.7271,34.679533221535884,55.17752714316628,45.54346999999999,30.559528445158982,51.05752236678938,41.42346522362309,benefit_under_all_stream_compositions
high_ambition_2030,0.471,192.13503,34.79693221545751,55.29492613708791,45.640370999999995,30.676927439080607,51.17492136071101,41.52036622362309,benefit_under_all_stream_compositions
high_ambition_2030,0.472,192.54296,34.91433120937914,55.41232513100954,45.73727199999999,30.79432643300224,51.292320354632636,41.61726722362309,benefit_under_all_stream_compositions
high_ambition_2030,0.473,192.95089000000002,35.031730203300775,55.52972412493118,45.834173,30.911725426923873,51.409719348554276,41.7141682236231,benefit_under_all_stream_compositions
high_ambition_2030,0.474,193.35882,35.14912919722241,55.647123118852804,45.931073999999995,31.029124420845505,51.5271183424759,41.81106922362309,benefit_under_all_stream_compositions
high_ambition_2030,0.475,193.76675,35.26652819114403,55.76452211277443,46.027975,31.14652341476713,51.64451733639753,41.907970223623096,benefit_under_all_stream_compositions
high_ambition_2030,0.476,194.17468,35.38392718506566,55.88192110669606,46.12487599999999,31.263922408688757,51.76191633031916,42.00487122362309,benefit_under_all_stream_compositions
high_ambition_2030,0.477,194.58261000000002,35.5013261789873,55.999320100617695,46.22177699999999,31.381321402610396,51.87931532424079,42.10177222362309,benefit_under_all_stream_compositions
high_ambition_2030,0.478,194.99054,35.618725172908924,56.11671909453933,46.31867799999999,31.498720396532022,51.996714318162425,42.19867322362309,benefit_under_all_stream_compositions
high_ambition_2030,0.479,195.39847,35.73612416683056,56.23411808846095,46.41557899999999,31.616119390453655,52.11411331208405,42.295574223623085,benefit_under_all_stream_compositions
high_ambition_2030,0.48,195.8064,35.85352316075218,56.351517082382585,46.51247999999998,31.73351838437528,52.23151230600568,42.39247522362308,benefit_under_all_stream_compositions
high_ambition_2030,0.481,196.21433000000002,35.97092215467382,56.46891607630422,46.60938099999999,31.85091737829692,52.348911299927316,42.48937622362309,benefit_under_all_stream_compositions
high_ambition_2030,0.482,196.62226,36.08832114859545,56.58631507022585,46.70628199999999,31.968316372218545,52.46631029384895,42.586277223623085,benefit_under_all_stream_compositions
high_ambition_2030,0.483,197.03019,36.20572014251708,56.703714064147476,46.80318299999999,32.08571536614018,52.583709287770574,42.68317822362309,benefit_under_all_stream_compositions
high_ambition_2030,0.484,197.43812,36.323119136438706,56.8211130580691,46.900083999999985,32.203114360061804,52.7011082816922,42.78007922362308,benefit_under_all_stream_compositions
high_ambition_2030,0.485,197.84605000000002,36.440518130360346,56.93851205199074,46.996984999999995,32.32051335398344,52.81850727561384,42.87698022362309,benefit_under_all_stream_compositions
high_ambition_2030,0.486,198.25398,36.55791712428197,57.05591104591237,47.09388599999999,32.43791234790507,52.935906269535465,42.97388122362309,benefit_under_all_stream_compositions
high_ambition_2030,0.487,198.66191,36.6753161182036,57.173310039834,47.19078699999999,32.555311341826695,53.0533052634571,43.07078222362309,benefit_under_all_stream_compositions
high_ambition_2030,0.488,199.06984,36.79271511212523,57.290709033755626,47.28768799999999,32.67271033574833,53.17070425737872,43.16768322362309,benefit_under_all_stream_compositions
high_ambition_2030,0.489,199.47777,36.910114106046855,57.40810802767726,47.384588999999984,32.79010932966995,53.288103251300356,43.26458422362308,benefit_under_all_stream_compositions
high_ambition_2030,0.49,199.8857,37.027513099968495,57.52550702159889,47.481489999999994,32.90750832359159,53.40550224522199,43.36148522362309,benefit_under_all_stream_compositions
high_ambition_2030,0.491,200.29363,37.14491209389012,57.64290601552052,47.57839099999999,33.02490731751322,53.52290123914362,43.45838622362309,benefit_under_all_stream_compositions
high_ambition_2030,0.492,200.70156,37.26231108781175,57.76030500944215,47.67529199999999,33.14230631143485,53.64030023306525,43.55528722362309,benefit_under_all_stream_compositions
high_ambition_2030,0.493,201.10949,37.37971008173338,57.877704003363775,47.77219299999999,33.259705305356476,53.75769922698687,43.652188223623085,benefit_under_all_stream_compositions
high_ambition_2030,0.494,201.51742000000002,37.49710907565502,57.995102997285414,47.869094,33.377104299278116,53.87509822090851,43.749089223623095,benefit_under_all_stream_compositions
high_ambition_2030,0.495,201.92535,37.614508069576644,58.11250199120704,47.96599499999999,33.49450329319974,53.99249721483014,43.84599022362309,benefit_under_all_stream_compositions
high_ambition_2030,0.496,202.33328,37.73190706349827,58.22990098512867,48.062895999999995,33.61190228712137,54.10989620875177,43.94289122362309,benefit_under_all_stream_compositions
high_ambition_2030,0.497,202.74121,37.8493060574199,58.3472999790503,48.15979699999999,33.729301281043,54.227295202673396,44.03979222362309,benefit_under_all_stream_compositions
high_ambition_2030,0.498,203.14914000000002,37.966705051341535,58.46469897297194,48.256698,33.84670027496463,54.344694196595036,44.1366932236231,benefit_under_all_stream_compositions
high_ambition_2030,0.499,203.55707,38.08410404526317,58.58209796689356,48.353598999999996,33.964099268886265,54.46209319051666,44.23359422362309,benefit_under_all_stream_compositions
high_ambition_2030,0.5,203.965,38.20150303918479,58.69949696081519,48.45049999999999,34.08149826280789,54.57949218443829,44.33049522362309,benefit_under_all_stream_compositions
high_ambition_2030,0.501,204.37293,38.318902033106426,58.81689595473682,48.547400999999994,34.19889725672952,54.69689117835992,44.42739622362309,benefit_under_all_stream_compositions
high_ambition_2030,0.502,204.78086000000002,38.43630102702806,58.934294948658454,48.644301999999996,34.316296250651156,54.81429017228155,44.524297223623094,benefit_under_all_stream_compositions
high_ambition_2030,0.503,205.18879,38.55370002094969,59.05169394258009,48.741203,34.43369524457279,54.931689166203185,44.6211982236231,benefit_under_all_stream_compositions
high_ambition_2030,0.504,205.59672,38.67109901487132,59.16909293650171,48.838103999999994,34.551094238494414,55.04908816012481,44.71809922362309,benefit_under_all_stream_compositions
high_ambition_2030,0.505,206.00465,38.78849800879294,59.286491930423345,48.93500499999999,34.66849323241604,55.16648715404644,44.81500022362309,benefit_under_all_stream_compositions
high_ambition_2030,0.506,206.41258000000002,38.90589700271458,59.40389092434498,49.03190599999999,34.78589222633768,55.283886147968076,44.91190122362309,benefit_under_all_stream_compositions
high_ambition_2030,0.507,206.82051,39.02329599663621,59.52128991826661,49.12880699999999,34.903291220259305,55.40128514188971,45.008802223623086,benefit_under_all_stream_compositions
high_ambition_2030,0.508,207.22844,39.14069499055783,59.638688912188236,49.22570799999999,35.02069021418093,55.518684135811334,45.10570322362309,benefit_under_all_stream_compositions
high_ambition_2030,0.509,207.63637,39.258093984479466,59.75608790610986,49.322608999999986,35.13808920810256,55.63608312973296,45.202604223623084,benefit_under_all_stream_compositions
high_ambition_2030,0.51,208.04430000000002,39.3754929784011,59.8734869000315,49.419509999999995,35.255488202024196,55.7534821236546,45.29950522362309,benefit_under_all_stream_compositions
high_ambition_2030,0.511,208.45223000000001,39.49289197232273,59.99088589395313,49.51641099999999,35.37288719594583,55.870881117576225,45.39640622362309,benefit_under_all_stream_compositions
high_ambition_2030,0.512,208.86016,39.61029096624436,60.10828488787476,49.613311999999986,35.490286189867454,55.98828011149786,45.493307223623084,benefit_under_all_stream_compositions
high_ambition_2030,0.513,209.26809,39.72768996016599,60.225683881796385,49.71021299999999,35.60768518378909,56.10567910541948,45.59020822362309,benefit_under_all_stream_compositions
high_ambition_2030,0.514,209.67602,39.845088954087615,60.34308287571802,49.807113999999984,35.72508417771071,56.223078099341116,45.68710922362308,benefit_under_all_stream_compositions
high_ambition_2030,0.515,210.08395000000002,39.962487948009255,60.46048186963965,49.904014999999994,35.84248317163235,56.34047709326275,45.78401022362309,benefit_under_all_stream_compositions
high_ambition_2030,0.516,210.49188,40.07988694193088,60.57788086356128,50.00091599999999,35.95988216555398,56.45787608718438,45.88091122362309,benefit_under_all_stream_compositions
high_ambition_2030,0.517,210.89981,40.197285935852506,60.69527985748291,50.09781699999999,36.0772811594756,56.57527508110601,45.97781222362309,benefit_under_all_stream_compositions
high_ambition_2030,0.518,211.30774,40.31468492977414,60.812678851404534,50.19471799999999,36.194680153397236,56.69267407502763,46.074713223623085,benefit_under_all_stream_compositions
high_ambition_2030,0.519,211.71567000000002,40.43208392369577,60.930077845326174,50.291619,36.31207914731887,56.81007306894927,46.171614223623095,benefit_under_all_stream_compositions
high_ambition_2030,0.52,212.1236,40.549482917617404,61.0474768392478,50.38851999999999,36.4294781412405,56.9274720628709,46.26851522362309,benefit_under_all_stream_compositions
high_ambition_2030,0.521,212.53153,40.66688191153903,61.16487583316943,50.48542099999999,36.54687713516213,57.04487105679253,46.365416223623086,benefit_under_all_stream_compositions
high_ambition_2030,0.522,212.93946,40.78428090546066,61.28227482709106,50.58232199999999,36.66427612908376,57.162270050714156,46.46231722362309,benefit_under_all_stream_compositions
high_ambition_2030,0.523,213.34739000000002,40.901679899382295,61.3996738210127,50.67922299999999,36.78167512300539,57.279669044635796,46.55921822362309,benefit_under_all_stream_compositions
high_ambition_2030,0.524,213.75532,41.01907889330393,61.51707281493432,50.776123999999996,36.899074116927025,57.39706803855742,46.656119223623094,benefit_under_all_stream_compositions
high_ambition_2030,0.525,214.16325,41.13647788722555,61.63447180885595,50.87302499999999,37.01647311084865,57.51446703247905,46.75302022362309,benefit_under_all_stream_compositions
high_ambition_2030,0.526,214.57118,41.25387688114718,61.75187080277758,50.96992599999999,37.133872104770276,57.63186602640068,46.849921223623085,benefit_under_all_stream_compositions
high_ambition_2030,0.527,214.97911000000002,41.37127587506882,61.869269796699214,51.066826999999996,37.251271098691916,57.74926502032231,46.946822223623094,benefit_under_all_stream_compositions
high_ambition_2030,0.528,215.38704,41.488674868990444,61.98666879062085,51.16372799999999,37.36867009261354,57.866664014243945,47.04372322362309,benefit_under_all_stream_compositions
high_ambition_2030,0.529,215.79497,41.606073862912076,62.10406778454247,51.260628999999994,37.486069086535174,57.98406300816557,47.14062422362309,benefit_under_all_stream_compositions
high_ambition_2030,0.53,216.2029,41.7234728568337,62.221466778464105,51.35752999999999,37.6034680804568,58.1014620020872,47.23752522362309,benefit_under_all_stream_compositions
high_ambition_2030,0.531,216.61083000000002,41.84087185075534,62.33886577238574,51.454431,37.72086707437844,58.218860996008836,47.3344262236231,benefit_under_all_stream_compositions
high_ambition_2030,0.532,217.01876000000001,41.95827084467697,62.45626476630737,51.551331999999995,37.838266068300065,58.33625998993047,47.43132722362309,benefit_under_all_stream_compositions
high_ambition_2030,0.533,217.42669,42.0756698385986,62.573663760228996,51.648233,37.9556650622217,58.453658983852094,47.528228223623096,benefit_under_all_stream_compositions
high_ambition_2030,0.534,217.83462,42.193068832520225,62.69106275415062,51.74513399999999,38.07306405614332,58.57105797777372,47.62512922362309,benefit_under_all_stream_compositions
high_ambition_2030,0.535,218.24255000000002,42.310467826441865,62.80846174807226,51.84203499999999,38.19046305006496,58.68845697169536,47.722030223623086,benefit_under_all_stream_compositions
high_ambition_2030,0.536,218.65048000000002,42.42786682036349,62.92586074199389,51.93893599999999,38.30786204398659,58.805855965616985,47.81893122362309,benefit_under_all_stream_compositions
high_ambition_2030,0.537,219.05841,42.545265814285116,63.04325973591552,52.03583699999999,38.425261037908214,58.92325495953862,47.915832223623084,benefit_under_all_stream_compositions
high_ambition_2030,0.538,219.46634,42.66266480820675,63.160658729837145,52.132737999999996,38.54266003182985,59.04065395346024,48.012733223623094,benefit_under_all_stream_compositions
high_ambition_2030,0.539,219.87427,42.780063802128375,63.27805772375878,52.22963899999999,38.66005902575147,59.158052947381876,48.10963422362309,benefit_under_all_stream_compositions
high_ambition_2030,0.54,220.28220000000002,42.897462796050014,63.39545671768041,52.32653999999999,38.77745801967311,59.27545194130351,48.206535223623085,benefit_under_all_stream_compositions
high_ambition_2030,0.541,220.69013,43.01486178997164,63.51285571160204,52.42344099999999,38.89485701359474,59.39285093522514,48.30343622362309,benefit_under_all_stream_compositions
high_ambition_2030,0.542,221.09806,43.13226078389327,63.63025470552367,52.520341999999985,39.01225600751637,59.51024992914677,48.40033722362308,benefit_under_all_stream_compositions
high_ambition_2030,0.543,221.50599,43.2496597778149,63.747653699445294,52.61724299999999,39.129655001437996,59.62764892306839,48.497238223623086,benefit_under_all_stream_compositions
high_ambition_2030,0.544,221.91392000000002,43.36705877173654,63.865052693366934,52.71414399999999,39.247053995359636,59.74504791699003,48.59413922362309,benefit_under_all_stream_compositions
high_ambition_2030,0.545,222.32185,43.48445776565816,63.98245168728856,52.81104499999999,39.36445298928126,59.86244691091166,48.69104022362309,benefit_under_all_stream_compositions
high_ambition_2030,0.546,222.72978,43.60185675957979,64.09985068121019,52.90794599999999,39.48185198320289,59.97984590483328,48.787941223623086,benefit_under_all_stream_compositions
high_ambition_2030,0.547,223.13771,43.71925575350142,64.21724967513182,53.004846999999984,39.59925097712452,60.09724489875492,48.88484222362308,benefit_under_all_stream_compositions
high_ambition_2030,0.548,223.54564000000002,43.836654747423054,64.33464866905345,53.10174799999999,39.71664997104615,60.21464389267655,48.98174322362309,benefit_under_all_stream_compositions
high_ambition_2030,0.549,223.95357,43.95405374134469,64.45204766297509,53.19864899999999,39.834048964967785,60.33204288659819,49.07864422362309,benefit_under_all_stream_compositions
high_ambition_2030,0.55,224.3615,44.07145273526631,64.56944665689672,53.29554999999999,39.95144795888941,60.449441880519814,49.17554522362309,benefit_under_all_stream_compositions
high_ambition_2030,0.551,224.76943,44.188851729187945,64.68684565081834,53.39245099999999,40.06884695281104,60.56684087444144,49.272446223623085,benefit_under_all_stream_compositions
high_ambition_2030,0.552,225.17736000000002,44.30625072310958,64.80424464473998,53.489352,40.186245946732676,60.68423986836308,49.369347223623095,benefit_under_all_stream_compositions
high_ambition_2030,0.553,225.58529000000001,44.42364971703121,64.9216436386616,53.58625299999999,40.30364494065431,60.801638862284705,49.46624822362309,benefit_under_all_stream_compositions
high_ambition_2030,0.554,225.99322,44.541048710952836,65.03904263258323,53.683153999999995,40.421043934575934,60.91903785620633,49.56314922362309,benefit_under_all_stream_compositions
high_ambition_2030,0.555,226.40115,44.65844770487446,65.15644162650486,53.78005499999999,40.53844292849756,61.036436850127956,49.66005022362309,benefit_under_all_stream_compositions
high_ambition_2030,0.556,226.80908000000002,44.7758466987961,65.2738406204265,53.876956,40.6558419224192,61.153835844049595,49.7569512236231,benefit_under_all_stream_compositions
high_ambition_2030,0.557,227.21701000000002,44.89324569271773,65.39123961434812,53.973856999999995,40.773240916340825,61.27123483797122,49.85385222362309,benefit_under_all_stream_compositions
high_ambition_2030,0.558,227.62494,45.01064468663935,65.50863860826976,54.07075799999999,40.89063991026245,61.38863383189286,49.95075322362309,benefit_under_all_stream_compositions
high_ambition_2030,0.559,228.03287,45.128043680560985,65.62603760219139,54.16765899999999,41.00803890418408,61.506032825814486,50.04765422362309,benefit_under_all_stream_compositions
high_ambition_2030,0.56,228.44080000000002,45.24544267448262,65.74343659611303,54.264559999999996,41.125437898105716,61.623431819736126,50.144555223623094,benefit_under_all_stream_compositions
high_ambition_2030,0.561,228.84873000000002,45.36284166840425,65.86083559003465,54.361461,41.24283689202735,61.74083081365775,50.241456223623096,benefit_under_all_stream_compositions
high_ambition_2030,0.562,229.25666,45.48024066232588,65.97823458395628,54.458361999999994,41.36023588594898,61.85822980757938,50.33835722362309,benefit_under_all_stream_compositions
high_ambition_2030,0.563,229.66459,45.59763965624751,66.0956335778779,54.55526299999999,41.47763487987061,61.975628801501,50.43525822362309,benefit_under_all_stream_compositions
high_ambition_2030,0.564,230.07252,45.715038650169134,66.21303257179953,54.65216399999999,41.59503387379223,62.09302779542263,50.53215922362309,benefit_under_all_stream_compositions
high_ambition_2030,0.565,230.48045000000002,45.832437644090774,66.33043156572117,54.74906499999999,41.71243286771387,62.21042678934427,50.629060223623085,benefit_under_all_stream_compositions
high_ambition_2030,0.566,230.88838,45.9498366380124,66.4478305596428,54.845966,41.8298318616355,62.327825783265894,50.725961223623095,benefit_under_all_stream_compositions
high_ambition_2030,0.567,231.29631,46.067235631934025,66.56522955356444,54.94286699999999,41.94723085555712,62.44522477718753,50.82286222362309,benefit_under_all_stream_compositions
high_ambition_2030,0.568,231.70424,46.18463462585566,66.68262854748606,55.039767999999995,42.064629849478756,62.56262377110916,50.91976322362309,benefit_under_all_stream_compositions
high_ambition_2030,0.569,232.11217000000002,46.30203361977729,66.80002754140769,55.13666899999999,42.18202884340039,62.680022765030785,51.01666422362309,benefit_under_all_stream_compositions
high_ambition_2030,0.57,232.5201,46.41943261369892,66.91742653532933,55.233569999999986,42.29942783732202,62.797421758952424,51.113565223623084,benefit_under_all_stream_compositions
high_ambition_2030,0.571,232.92803,46.536831607620556,67.03482552925095,55.33047099999999,42.416826831243654,62.91482075287405,51.21046622362309,benefit_under_all_stream_compositions
high_ambition_2030,0.572,233.33596,46.65423060154218,67.15222452317258,55.427371999999984,42.53422582516528,63.032219746795676,51.30736722362308,benefit_under_all_stream_compositions
high_ambition_2030,0.573,233.74389000000002,46.77162959546382,67.26962351709422,55.524272999999994,42.65162481908692,63.149618740717315,51.40426822362309,benefit_under_all_stream_compositions
high_ambition_2030,0.574,234.15182000000001,46.88902858938545,67.38702251101584,55.62117399999999,42.769023813008545,63.26701773463894,51.50116922362309,benefit_under_all_stream_compositions
high_ambition_2030,0.575,234.55975,47.00642758330707,67.50442150493747,55.71807499999999,42.88642280693017,63.384416728560566,51.59807022362309,benefit_under_all_stream_compositions
high_ambition_2030,0.576,234.96768,47.1238265772287,67.6218204988591,55.81497599999999,43.003821800851796,63.50181572248219,51.694971223623085,benefit_under_all_stream_compositions
high_ambition_2030,0.577,235.37561000000002,47.24122557115034,67.73921949278073,55.911877,43.121220794773436,63.61921471640383,51.791872223623095,benefit_under_all_stream_compositions
high_ambition_2030,0.578,235.78354000000002,47.35862456507196,67.85661848670236,56.00877799999999,43.23861978869506,63.73661371032546,51.88877322362309,benefit_under_all_stream_compositions
high_ambition_2030,0.579,236.19147,47.476023558993596,67.974017480624,56.10567899999999,43.356018782616694,63.8540127042471,51.985674223623086,benefit_under_all_stream_compositions
high_ambition_2030,0.58,236.5994,47.59342255291523,68.09141647454562,56.20257999999999,43.47341777653833,63.97141169816872,52.08257522362309,benefit_under_all_stream_compositions
high_ambition_2030,0.581,237.00733000000002,47.71082154683686,68.20881546846726,56.29948099999999,43.59081677045996,64.08881069209036,52.17947622362309,benefit_under_all_stream_compositions
high_ambition_2030,0.582,237.41526000000002,47.828220540758494,68.31957367477025,56.396381999999996,43.70821576438159,64.19956889839335,52.27637722362309,benefit_under_all_stream_compositions
high_ambition_2030,0.583,237.82319,47.94561953468012,68.3879502927732,56.49328299999999,43.82561475830322,64.2679455163963,52.37327822362309,benefit_under_all_stream_compositions
high_ambition_2030,0.584,238.23112,48.063018528601745,68.45632691077614,56.59018399999999,43.94301375222484,64.33632213439924,52.470179223623084,benefit_under_all_stream_compositions
high_ambition_2030,0.585,238.63905000000003,48.180417522523385,68.52470352877909,56.687084999999996,44.06041274614648,64.40469875240218,52.567080223623094,benefit_under_all_stream_compositions
high_ambition_2030,0.586,239.04698000000002,48.29781651644501,68.59308014678203,56.78398599999999,44.17781174006811,64.47307537040513,52.66398122362309,benefit_under_all_stream_compositions
high_ambition_2030,0.587,239.45491,48.415215510366636,68.66145676478497,56.880886999999994,44.295210733989734,64.54145198840807,52.76088222362309,benefit_under_all_stream_compositions
high_ambition_2030,0.588,239.86284,48.53261450428827,68.72983338278792,56.97778799999999,44.41260972791137,64.60982860641101,52.85778322362309,benefit_under_all_stream_compositions
high_ambition_2030,0.589,240.27077,48.6500134982099,68.79821000079085,57.07468899999999,44.530008721833,64.67820522441394,52.95468422362309,benefit_under_all_stream_compositions
high_ambition_2030,0.59,240.67870000000002,48.767412492131534,68.86658661879379,57.171589999999995,44.64740771575463,64.74658184241689,53.05158522362309,benefit_under_all_stream_compositions
high_ambition_2030,0.591,241.08663,48.88481148605316,68.93496323679673,57.268491,44.76480670967626,64.81495846041983,53.148486223623095,benefit_under_all_stream_compositions
high_ambition_2030,0.592,241.49456,49.00221047997479,69.00333985479968,57.36539199999999,44.88220570359789,64.88333507842277,53.24538722362309,benefit_under_all_stream_compositions
high_ambition_2030,0.593,241.90249,49.11960947389642,69.07171647280262,57.46229299999999,44.999604697519516,64.95171169642572,53.342288223623086,benefit_under_all_stream_compositions
high_ambition_2030,0.594,242.31042000000002,49.23700846781806,69.14009309080556,57.559194,45.117003691441155,65.02008831442866,53.439189223623096,benefit_under_all_stream_compositions
high_ambition_2030,0.595,242.71835000000002,49.35440746173968,69.20846970880851,57.65609499999999,45.23440268536278,65.0884649324316,53.53609022362309,benefit_under_all_stream_compositions
high_ambition_2030,0.596,243.12628,49.47180645566131,69.27684632681145,57.752995999999996,45.35180167928441,65.15684155043455,53.632991223623094,benefit_under_all_stream_compositions
high_ambition_2030,0.597,243.53421,49.58920544958294,69.34522294481438,57.84989699999999,45.46920067320604,65.22521816843748,53.72989222362309,benefit_under_all_stream_compositions
high_ambition_2030,0.598,243.94214000000002,49.706604443504574,69.41359956281732,57.94679799999999,45.58659966712767,65.29359478644042,53.826793223623085,benefit_under_all_stream_compositions
high_ambition_2030,0.599,244.35007000000002,49.82400343742621,69.48197618082027,58.04369899999999,45.703998661049305,65.36197140444337,53.92369422362309,benefit_under_all_stream_compositions
high_ambition_2030,0.6,244.758,49.94140243134783,69.55035279882321,58.140599999999985,45.82139765497093,65.43034802244631,54.02059522362308,benefit_under_all_stream_compositions
high_ambition_2030,0.601,245.16593,50.058801425269465,69.61872941682616,58.23750099999999,45.93879664889256,65.49872464044925,54.117496223623085,benefit_under_all_stream_compositions
high_ambition_2030,0.602,245.57386000000002,50.1762004191911,69.6871060348291,58.33440199999999,46.056195642814195,65.5671012584522,54.21439722362309,benefit_under_all_stream_compositions
high_ambition_2030,0.603,245.98179000000002,50.29359941311273,69.75548265283204,58.43130299999999,46.17359463673583,65.63547787645514,54.31129822362309,benefit_under_all_stream_compositions
high_ambition_2030,0.604,246.38972,50.410998407034356,69.82385927083499,58.52820399999999,46.290993630657454,65.70385449445808,54.408199223623086,benefit_under_all_stream_compositions
high_ambition_2030,0.605,246.79765,50.52839740095598,69.89223588883792,58.625104999999984,46.40839262457908,65.77223111246101,54.50510022362308,benefit_under_all_stream_compositions
high_ambition_2030,0.606,247.20558000000003,50.64579639487762,69.96061250684087,58.72200599999999,46.52579161850072,65.84060773046397,54.60200122362309,benefit_under_all_stream_compositions
high_ambition_2030,0.607,247.61351000000002,50.76319538879925,70.0289891248438,58.81890699999999,46.643190612422345,65.9089843484669,54.69890222362309,benefit_under_all_stream_compositions
high_ambition_2030,0.608,248.02144,50.88059438272087,70.09736574284675,58.91580799999999,46.76058960634397,65.97736096646985,54.79580322362309,benefit_under_all_stream_compositions
high_ambition_2030,0.609,248.42937,50.997993376642505,70.16574236084969,59.01270899999999,46.8779886002656,66.04573758447279,54.892704223623085,benefit_under_all_stream_compositions
high_ambition_2030,0.61,248.83730000000003,51.11539237056414,70.23411897885263,59.109609999999996,46.995387594187235,66.11411420247573,54.989605223623094,benefit_under_all_stream_compositions
high_ambition_2030,0.611,249.24523000000002,51.23279136448577,70.30249559685558,59.20651099999999,47.11278658810887,66.18249082047868,55.08650622362309,benefit_under_all_stream_compositions
high_ambition_2030,0.612,249.65316,51.3501903584074,70.37087221485852,59.303411999999994,47.2301855820305,66.25086743848162,55.18340722362309,benefit_under_all_stream_compositions
high_ambition_2030,0.613,250.06109,51.46758935232903,70.43924883286145,59.40031299999999,47.347584575952126,66.31924405648455,55.28030822362309,benefit_under_all_stream_compositions
high_ambition_2030,0.614,250.46902000000003,51.58498834625067,70.50762545086441,59.497214,47.464983569873766,66.38762067448751,55.3772092236231,benefit_under_all_stream_compositions
high_ambition_2030,0.615,250.87695000000002,51.702387340172294,70.57600206886734,59.594114999999995,47.58238256379539,66.45599729249044,55.47411022362309,benefit_under_all_stream_compositions
high_ambition_2030,0.616,251.28488000000002,51.81978633409392,70.64437868687028,59.69101599999999,47.69978155771702,66.52437391049338,55.57101122362309,benefit_under_all_stream_compositions
high_ambition_2030,0.617,251.69281,51.937185328015545,70.71275530487323,59.78791699999999,47.81718055163864,66.59275052849632,55.66791222362309,benefit_under_all_stream_compositions
high_ambition_2030,0.618,252.10074,52.05458432193718,70.78113192287617,59.88481799999999,47.934579545560275,66.66112714649927,55.76481322362309,benefit_under_all_stream_compositions
high_ambition_2030,0.619,252.50867000000002,52.17198331585881,70.84950854087911,59.981719,48.05197853948191,66.72950376450221,55.861714223623096,benefit_under_all_stream_compositions
high_ambition_2030,0.62,252.91660000000002,52.28938230978044,70.91788515888206,60.078619999999994,48.16937753340354,66.79788038250516,55.95861522362309,benefit_under_all_stream_compositions
high_ambition_2030,0.621,253.32453,52.406781303702076,70.98626177688499,60.17552099999999,48.28677652732517,66.86625700050809,56.05551622362309,benefit_under_all_stream_compositions
high_ambition_2030,0.622,253.73246,52.5241802976237,71.05463839488793,60.27242199999999,48.4041755212468,66.93463361851103,56.15241722362309,benefit_under_all_stream_compositions
high_ambition_2030,0.623,254.14039000000002,52.64157929154534,71.12301501289087,60.369322999999994,48.52157451516844,67.00301023651397,56.24931822362309,benefit_under_all_stream_compositions
high_ambition_2030,0.624,254.54832000000002,52.758978285466966,71.19139163089382,60.466224,48.638973509090064,67.07138685451692,56.346219223623095,benefit_under_all_stream_compositions
high_ambition_2030,0.625,254.95625,52.87637727938859,71.25976824889676,60.56312499999999,48.75637250301169,67.13976347251986,56.44312022362309,benefit_under_all_stream_compositions
high_ambition_2030,0.626,255.36418,52.99377627331022,71.3281448668997,60.660025999999995,48.873771496933315,67.2081400905228,56.54002122362309,benefit_under_all_stream_compositions
high_ambition_2030,0.627,255.77211000000003,53.11117526723186,71.39652148490265,60.75692699999999,48.991170490854955,67.27651670852575,56.63692222362309,benefit_under_all_stream_compositions
high_ambition_2030,0.628,256.18004,53.22857426115348,71.4648981029056,60.853827999999986,49.10856948477658,67.34489332652869,56.733823223623084,benefit_under_all_stream_compositions
high_ambition_2030,0.629,256.58797,53.34597325507511,71.53327472090852,60.95072899999999,49.225968478698206,67.41326994453162,56.830724223623086,benefit_under_all_stream_compositions
high_ambition_2030,0.63,256.9959,53.46337224899675,71.60165133891147,61.047629999999984,49.343367472619846,67.48164656253456,56.92762522362308,benefit_under_all_stream_compositions
high_ambition_2030,0.631,257.40383,53.58077124291838,71.67002795691441,61.14453099999999,49.46076646654148,67.55002318053751,57.02452622362309,benefit_under_all_stream_compositions
high_ambition_2030,0.632,257.81176,53.69817023684,71.73840457491735,61.24143199999999,49.5781654604631,67.61839979854045,57.12142722362309,benefit_under_all_stream_compositions
high_ambition_2030,0.633,258.21969,53.81556923076164,71.8067811929203,61.33833299999999,49.69556445438474,67.6867764165434,57.21832822362309,benefit_under_all_stream_compositions
high_ambition_2030,0.634,258.62762,53.93296822468326,71.87515781092323,61.43523399999999,49.812963448306355,67.75515303454632,57.315229223623085,benefit_under_all_stream_compositions
high_ambition_2030,0.635,259.03555,54.05036721860489,71.94353442892618,61.53213499999998,49.93036244222799,67.82352965254928,57.41213022362308,benefit_under_all_stream_compositions
high_ambition_2030,0.636,259.44348,54.16776621252653,72.01191104692913,61.62903599999999,50.04776143614963,67.89190627055223,57.50903122362309,benefit_under_all_stream_compositions
high_ambition_2030,0.637,259.85141,54.285165206448156,72.08028766493206,61.72593699999998,50.16516043007125,67.96028288855516,57.60593222362308,benefit_under_all_stream_compositions
high_ambition_2030,0.638,260.25934,54.40256420036979,72.148664282935,61.82283799999999,50.282559423992886,68.0286595065581,57.70283322362309,benefit_under_all_stream_compositions
high_ambition_2030,0.639,260.66727000000003,54.51996319429142,72.21704090093795,61.91973899999999,50.39995841791452,68.09703612456104,57.79973422362309,benefit_under_all_stream_compositions
high_ambition_2030,0.64,261.0752,54.63736218821305,72.28541751894089,62.01663999999998,50.517357411836144,68.16541274256399,57.89663522362308,benefit_under_all_stream_compositions
high_ambition_2030,0.641,261.48313,54.754761182134686,72.35379413694383,62.11354099999999,50.634756405757784,68.23378936056693,57.99353622362309,benefit_under_all_stream_compositions
high_ambition_2030,0.642,261.89106,54.8721601760563,72.42217075494676,62.21044199999998,50.752155399679395,68.30216597856986,58.09043722362308,benefit_under_all_stream_compositions
high_ambition_2030,0.643,262.29899,54.98955916997794,72.49054737294972,62.30734299999999,50.869554393601035,68.37054259657282,58.18733822362309,benefit_under_all_stream_compositions
high_ambition_2030,0.644,262.70691999999997,55.10695816389956,72.55892399095265,62.40424399999998,50.98695338752266,68.43891921457575,58.284239223623075,benefit_under_all_stream_compositions
high_ambition_2030,0.645,263.11485,55.224357157821196,72.6273006089556,62.50114499999999,51.10435238144429,68.50729583257869,58.381140223623085,benefit_under_all_stream_compositions
high_ambition_2030,0.646,263.52278,55.34175615174283,72.69567722695854,62.59804599999999,51.221751375365926,68.57567245058164,58.47804122362309,benefit_under_all_stream_compositions
high_ambition_2030,0.647,263.93071000000003,55.45915514566447,72.7640538449615,62.694947,51.339150369287566,68.6440490685846,58.5749422236231,benefit_under_all_stream_compositions
high_ambition_2030,0.648,264.33864,55.576554139586094,72.83243046296442,62.79184799999999,51.45654936320919,68.71242568658752,58.671843223623085,benefit_under_all_stream_compositions
high_ambition_2030,0.649,264.74657,55.693953133507726,72.90080708096737,62.888749,51.573948357130824,68.78080230459047,58.768744223623095,benefit_under_all_stream_compositions
high_ambition_2030,0.65,265.1545,55.811352127429345,72.96918369897031,62.985649999999985,51.69134735105244,68.84917892259341,58.86564522362308,benefit_under_all_stream_compositions
high_ambition_2030,0.651,265.56243,55.928751121350984,73.03756031697326,63.08255099999999,51.80874634497408,68.91755554059635,58.962546223623086,benefit_under_all_stream_compositions
high_ambition_2030,0.652,265.97035999999997,56.0461501152726,73.10593693497619,63.179451999999976,51.9261453388957,68.98593215859928,59.059447223623074,benefit_under_all_stream_compositions
high_ambition_2030,0.653,266.37829,56.163549109194236,73.17431355297913,63.276352999999986,52.04354433281733,69.05430877660223,59.156348223623084,benefit_under_all_stream_compositions
high_ambition_2030,0.654,266.78622,56.280948103115875,73.24269017098207,63.373253999999996,52.16094332673897,69.12268539460517,59.253249223623094,benefit_under_all_stream_compositions
high_ambition_2030,0.655,267.19415000000004,56.398347097037515,73.31106678898502,63.47015499999999,52.27834232066061,69.19106201260811,59.35015022362309,benefit_under_all_stream_compositions
high_ambition_2030,0.656,267.60208,56.515746090959134,73.37944340698796,63.56705599999999,52.39574131458223,69.25943863061106,59.447051223623085,benefit_under_all_stream_compositions
high_ambition_2030,0.657,268.01001,56.633145084880766,73.4478200249909,63.66395699999999,52.513140308503864,69.327815248614,59.54395222362309,benefit_under_all_stream_compositions
high_ambition_2030,0.658,268.41794,56.75054407880239,73.51619664299385,63.760857999999985,52.63053930242549,69.39619186661695,59.64085322362308,benefit_under_all_stream_compositions
high_ambition_2030,0.659,268.82587,56.867943072724024,73.58457326099679,63.857758999999994,52.74793829634712,69.46456848461989,59.73775422362309,benefit_under_all_stream_compositions
high_ambition_2030,0.66,269.2338,56.98534206664564,73.65294987899972,63.95465999999998,52.86533729026874,69.53294510262282,59.83465522362308,benefit_under_all_stream_compositions
high_ambition_2030,0.661,269.64173,57.10274106056728,73.72132649700266,64.05156099999999,52.98273628419038,69.60132172062576,59.93155622362309,benefit_under_all_stream_compositions
high_ambition_2030,0.662,270.04966,57.22014005448892,73.78970311500561,64.14846199999998,53.10013527811202,69.6696983386287,60.02845722362308,benefit_under_all_stream_compositions
high_ambition_2030,0.663,270.45759000000004,57.337539048410555,73.85807973300857,64.245363,53.21753427203365,69.73807495663166,60.125358223623095,benefit_under_all_stream_compositions
high_ambition_2030,0.664,270.86552,57.454938042332174,73.9264563510115,64.34226399999999,53.33493326595527,69.8064515746346,60.222259223623084,benefit_under_all_stream_compositions
high_ambition_2030,0.665,271.27345,57.57233703625381,73.99483296901444,64.43916499999999,53.45233225987691,69.87482819263754,60.319160223623086,benefit_under_all_stream_compositions
high_ambition_2030,0.666,271.68138,57.68973603017543,74.06320958701738,64.53606599999998,53.56973125379853,69.94320481064048,60.416061223623075,benefit_under_all_stream_compositions
high_ambition_2030,0.667,272.08931,57.807135024097065,74.13158620502033,64.632967,53.68713024772016,70.01158142864342,60.51296222362309,benefit_under_all_stream_compositions
high_ambition_2030,0.668,272.49724,57.92453401801869,74.19996282302326,64.72986799999998,53.80452924164179,70.07995804664635,60.60986322362308,benefit_under_all_stream_compositions
high_ambition_2030,0.669,272.90517,58.04193301194033,74.2683394410262,64.82676899999998,53.92192823556343,70.1483346646493,60.70676422362308,benefit_under_all_stream_compositions
high_ambition_2030,0.67,273.31309999999996,58.15933200586195,74.33671605902914,64.92366999999999,54.039327229485046,70.21671128265224,60.803665223623085,benefit_under_all_stream_compositions
high_ambition_2030,0.671,273.72103000000004,58.276730999783595,74.4050926770321,65.020571,54.15672622340669,70.2850879006552,60.9005662236231,benefit_under_all_stream_compositions
high_ambition_2030,0.672,274.12896,58.39412999370522,74.47346929503503,65.11747199999999,54.27412521732832,70.35346451865813,60.99746722362309,benefit_under_all_stream_compositions
high_ambition_2030,0.673,274.53689,58.51152898762686,74.54184591303797,65.214373,54.39152421124996,70.42184113666107,61.09436822362309,benefit_under_all_stream_compositions
high_ambition_2030,0.674,274.94482,58.62892798154847,74.61022253104092,65.31127399999998,54.50892320517157,70.49021775466402,61.19126922362308,benefit_under_all_stream_compositions
high_ambition_2030,0.675,275.35275,58.74632697547011,74.67859914904386,65.40817499999999,54.62632219909321,70.55859437266696,61.288170223623084,benefit_under_all_stream_compositions
high_ambition_2030,0.676,275.76068,58.86372596939174,74.74697576704679,65.50507599999997,54.743721193014835,70.62697099066989,61.38507122362307,benefit_under_all_stream_compositions
high_ambition_2030,0.677,276.16861,58.98112496331337,74.81535238504974,65.60197699999999,54.86112018693647,70.69534760867283,61.48197222362309,benefit_under_all_stream_compositions
high_ambition_2030,0.678,276.57653999999997,59.09852395723499,74.88372900305268,65.69887799999998,54.978519180858086,70.76372422667578,61.57887322362308,benefit_under_all_stream_compositions
high_ambition_2030,0.679,276.98447000000004,59.21592295115664,74.95210562105564,65.795779,55.09591817477974,70.83210084467873,61.675774223623094,benefit_under_all_stream_compositions
high_ambition_2030,0.68,277.3924,59.33332194507827,75.02048223905857,65.89267999999998,55.213317168701366,70.90047746268166,61.77267522362308,benefit_under_all_stream_compositions
high_ambition_2030,0.681,277.80033000000003,59.4507209389999,75.08885885706151,65.989581,55.330716162623,70.96885408068461,61.8695762236231,benefit_under_all_stream_compositions
high_ambition_2030,0.682,278.20826,59.56811993292152,75.15723547506445,66.08648199999999,55.44811515654462,71.03723069868755,61.96647722362309,benefit_under_all_stream_compositions
high_ambition_2030,0.683,278.61619,59.68551892684316,75.2256120930674,66.18338299999999,55.56551415046626,71.1056073166905,62.06337822362309,benefit_under_all_stream_compositions
high_ambition_2030,0.684,279.02412,59.80291792076478,75.29398871107033,66.28028399999998,55.682913144387875,71.17398393469342,62.16027922362308,benefit_under_all_stream_compositions
high_ambition_2030,0.685,279.43205,59.92031691468641,75.36236532907327,66.37718499999998,55.80031213830951,71.24236055269637,62.25718022362308,benefit_under_all_stream_compositions
high_ambition_2030,0.686,279.83997999999997,60.037715908608035,75.43074194707621,66.47408599999999,55.91771113223113,71.31073717069931,62.35408122362308,benefit_under_all_stream_compositions
high_ambition_2030,0.687,280.24791000000005,60.15511490252969,75.49911856507917,66.57098699999999,56.03511012615279,71.37911378870227,62.450982223623086,benefit_under_all_stream_compositions
high_ambition_2030,0.688,280.65584,60.27251389645131,75.5674951830821,66.66788799999999,56.152509120074406,71.4474904067052,62.54788322362309,benefit_under_all_stream_compositions
high_ambition_2030,0.689,281.06377000000003,60.38991289037294,75.63587180108505,66.764789,56.26990811399604,71.51586702470814,62.64478422362309,benefit_under_all_stream_compositions
high_ambition_2030,0.69,281.4717,60.507311884294566,75.70424841908799,66.86169,56.387307107917664,71.58424364271109,62.741685223623094,benefit_under_all_stream_compositions
high_ambition_2030,0.691,281.87963,60.624710878216206,75.77262503709093,66.95859099999998,56.504706101839304,71.65262026071403,62.83858622362308,benefit_under_all_stream_compositions
high_ambition_2030,0.692,282.28756,60.74210987213782,75.84100165509386,67.05549199999999,56.622105095760915,71.72099687871696,62.935487223623085,benefit_under_all_stream_compositions
high_ambition_2030,0.693,282.69549,60.85950886605946,75.9093782730968,67.15239299999999,56.739504089682555,71.7893734967199,63.03238822362309,benefit_under_all_stream_compositions
high_ambition_2030,0.694,283.10341999999997,60.97690785998108,75.97775489109975,67.24929399999998,56.85690308360418,71.85775011472285,63.129289223623076,benefit_under_all_stream_compositions
high_ambition_2030,0.695,283.51135,61.09430685390271,76.0461315091027,67.34619499999998,56.974302077525806,71.92612673272579,63.22619022362308,benefit_under_all_stream_compositions
high_ambition_2030,0.696,283.91928,61.21170584782435,76.11450812710564,67.44309599999998,57.091701071447446,71.99450335072873,63.32309122362308,benefit_under_all_stream_compositions
high_ambition_2030,0.697,284.32721000000004,61.32910484174599,76.18288474510858,67.539997,57.209100065369086,72.06287996873168,63.4199922236231,benefit_under_all_stream_compositions
high_ambition_2030,0.698,284.73514,61.44650383566761,76.25126136311152,67.63689799999999,57.32649905929071,72.13125658673462,63.516893223623086,benefit_under_all_stream_compositions
high_ambition_2030,0.699,285.14307,61.56390282958924,76.31963798111447,67.73379899999999,57.44389805321234,72.19963320473757,63.61379422362309,benefit_under_all_stream_compositions
high_ambition_2030,0.7,285.551,61.681301823510864,76.3880145991174,67.83069999999998,57.56129704713396,72.2680098227405,63.71069522362308,benefit_under_all_stream_compositions
high_ambition_2030,0.701,285.95893,61.798700817432504,76.45639121712034,67.92760099999998,57.6786960410556,72.33638644074344,63.80759622362308,benefit_under_all_stream_compositions
high_ambition_2030,0.702,286.36686,61.916099811354115,76.52476783512328,68.02450199999997,57.79609503497721,72.40476305874638,63.90449722362307,benefit_under_all_stream_compositions
high_ambition_2030,0.703,286.77479,62.033498805275755,76.59314445312623,68.12140299999999,57.91349402889885,72.47313967674933,64.00139822362308,benefit_under_all_stream_compositions
high_ambition_2030,0.704,287.18272,62.150897799197395,76.66152107112917,68.21830399999999,58.03089302282049,72.54151629475227,64.09829922362309,benefit_under_all_stream_compositions
high_ambition_2030,0.705,287.59065000000004,62.268296793119035,76.72989768913212,68.31520499999999,58.14829201674213,72.60989291275521,64.19520022362309,benefit_under_all_stream_compositions
high_ambition_2030,0.706,287.99858,62.385695787040646,76.79827430713506,68.41210599999998,58.265691010663744,72.67826953075816,64.29210122362308,benefit_under_all_stream_compositions
high_ambition_2030,0.707,288.40651,62.503094780962286,76.866650925138,68.509007,58.383090004585384,72.7466461487611,64.3890022236231,benefit_under_all_stream_compositions
high_ambition_2030,0.708,288.81444,62.62049377488391,76.93502754314093,68.60590799999999,58.50048899850701,72.81502276676403,64.48590322362308,benefit_under_all_stream_compositions
high_ambition_2030,0.709,289.22237,62.73789276880555,77.00340416114389,68.70280899999999,58.61788799242865,72.88339938476699,64.58280422362309,benefit_under_all_stream_compositions
high_ambition_2030,0.71,289.6303,62.85529176272716,77.07178077914682,68.79970999999998,58.73528698635026,72.95177600276992,64.67970522362307,benefit_under_all_stream_compositions
high_ambition_2030,0.711,290.03823,62.9726907566488,77.14015739714976,68.896611,58.8526859802719,73.02015262077286,64.77660622362309,benefit_under_all_stream_compositions
high_ambition_2030,0.712,290.44616,63.09008975057044,77.20853401515271,68.993512,58.97008497419354,73.0885292387758,64.8735072236231,benefit_under_all_stream_compositions
high_ambition_2030,0.713,290.85409000000004,63.20748874449208,77.27691063315565,69.090413,59.08748396811518,73.15690585677875,64.9704082236231,benefit_under_all_stream_compositions
high_ambition_2030,0.714,291.26202,63.32488773841369,77.3452872511586,69.18731399999999,59.20488296203679,73.2252824747817,65.06730922362308,benefit_under_all_stream_compositions
high_ambition_2030,0.715,291.66995000000003,63.44228673233533,77.41366386916154,69.284215,59.32228195595843,73.29365909278464,65.1642102236231,benefit_under_all_stream_compositions
high_ambition_2030,0.716,292.07788,63.55968572625696,77.48204048716447,69.38111599999999,59.43968094988006,73.36203571078757,65.26111122362309,benefit_under_all_stream_compositions
high_ambition_2030,0.717,292.48581,63.677084720178584,77.55041710516741,69.478017,59.55707994380168,73.43041232879051,65.35801222362309,benefit_under_all_stream_compositions
high_ambition_2030,0.718,292.89374,63.79448371410021,77.61879372317036,69.57491799999998,59.67447893772331,73.49878894679345,65.45491322362308,benefit_under_all_stream_compositions
high_ambition_2030,0.719,293.30167,63.91188270802185,77.6871703411733,69.67181899999999,59.79187793164495,73.5671655647964,65.55181422362308,benefit_under_all_stream_compositions
high_ambition_2030,0.72,293.70959999999997,64.02928170194346,77.75554695917624,69.76871999999997,59.90927692556656,73.63554218279934,65.64871522362307,benefit_under_all_stream_compositions
high_ambition_2030,0.721,294.11753000000004,64.14668069586511,77.82392357717919,69.86562099999999,60.02667591948821,73.70391880080228,65.74561622362309,benefit_under_all_stream_compositions
high_ambition_2030,0.722,294.52546,64.26407968978674,77.89230019518213,69.96252199999998,60.14407491340984,73.77229541880523,65.84251722362308,benefit_under_all_stream_compositions
high_ambition_2030,0.723,294.93339000000003,64.38147868370838,77.96067681318507,70.059423,60.26147390733148,73.84067203680817,65.9394182236231,benefit_under_all_stream_compositions
high_ambition_2030,0.724,295.34132,64.49887767762999,78.029053431188,70.15632399999998,60.37887290125309,73.9090486548111,66.03631922362308,benefit_under_all_stream_compositions
high_ambition_2030,0.725,295.74925,64.61627667155163,78.09743004919096,70.25322499999999,60.49627189517473,73.97742527281406,66.13322022362308,benefit_under_all_stream_compositions
high_ambition_2030,0.726,296.15718,64.73367566547326,78.16580666719389,70.35012599999999,60.613670889096355,74.04580189081699,66.23012122362309,benefit_under_all_stream_compositions
high_ambition_2030,0.727,296.56511,64.8510746593949,78.23418328519683,70.44702699999998,60.731069883017994,74.11417850881993,66.32702222362308,benefit_under_all_stream_compositions
high_ambition_2030,0.728,296.97303999999997,64.96847365331651,78.30255990319978,70.54392799999998,60.848468876939606,74.18255512682288,66.42392322362308,benefit_under_all_stream_compositions
high_ambition_2030,0.729,297.38097000000005,65.08587264723816,78.37093652120274,70.640829,60.96586787086126,74.25093174482583,66.5208242236231,benefit_under_all_stream_compositions
high_ambition_2030,0.73,297.7889,65.20327164115979,78.43931313920567,70.73772999999998,61.083266864782885,74.31930836282876,66.61772522362308,benefit_under_all_stream_compositions
high_ambition_2030,0.731,298.19683000000003,65.32067063508143,78.50768975720861,70.83463099999999,61.200665858704525,74.38768498083171,66.71462622362309,benefit_under_all_stream_compositions
high_ambition_2030,0.732,298.60476,65.43806962900304,78.57606637521155,70.93153199999999,61.31806485262614,74.45606159883465,66.81152722362309,benefit_under_all_stream_compositions
high_ambition_2030,0.733,299.01269,65.55546862292468,78.6444429932145,71.02843299999999,61.435463846547776,74.5244382168376,66.90842822362309,benefit_under_all_stream_compositions
high_ambition_2030,0.734,299.42062,65.6728676168463,78.71281961121743,71.12533399999998,61.5528628404694,74.59281483484052,67.00532922362308,benefit_under_all_stream_compositions
high_ambition_2030,0.735,299.82855,65.79026661076793,78.78119622922037,71.22223499999998,61.67026183439103,74.66119145284347,67.10223022362308,benefit_under_all_stream_compositions
high_ambition_2030,0.736,300.23648,65.90766560468956,78.84957284722331,71.31913599999997,61.78766082831265,74.72956807084641,67.19913122362307,benefit_under_all_stream_compositions
high_ambition_2030,0.737,300.64441000000005,66.02506459861121,78.91794946522626,71.416037,61.90505982223431,74.79794468884936,67.2960322236231,benefit_under_all_stream_compositions
high_ambition_2030,0.738,301.05234,66.14246359253283,78.9863260832292,71.51293799999999,62.02245881615593,74.8663213068523,67.39293322362309,benefit_under_all_stream_compositions
high_ambition_2030,0.739,301.46027000000004,66.25986258645446,79.05470270123215,71.609839,62.13985781007756,74.93469792485524,67.48983422362309,benefit_under_all_stream_compositions
high_ambition_2030,0.74,301.8682,66.37726158037609,79.12307931923507,71.70673999999998,62.257256803999184,75.00307454285817,67.58673522362308,benefit_under_all_stream_compositions
high_ambition_2030,0.741,302.27613,66.49466057429773,79.19145593723803,71.803641,62.37465579792082,75.07145116086113,67.6836362236231,benefit_under_all_stream_compositions
high_ambition_2030,0.742,302.68406,66.61205956821934,79.25983255524096,71.90054199999999,62.492054791842435,75.13982777886406,67.78053722362309,benefit_under_all_stream_compositions
high_ambition_2030,0.743,303.09199,66.72945856214098,79.3282091732439,71.99744299999999,62.609453785764074,75.208204396867,67.87743822362309,benefit_under_all_stream_compositions
high_ambition_2030,0.744,303.49992,66.8468575560626,79.39658579124685,72.09434399999998,62.7268527796857,75.27658101486995,67.97433922362308,benefit_under_all_stream_compositions
high_ambition_2030,0.745,303.90785,66.96425654998424,79.4649624092498,72.19124499999998,62.84425177360734,75.34495763287289,68.07124022362308,benefit_under_all_stream_compositions
high_ambition_2030,0.746,304.31578,67.08165554390587,79.53333902725274,72.288146,62.961650767528965,75.41333425087583,68.1681412236231,benefit_under_all_stream_compositions
high_ambition_2030,0.747,304.72371000000004,67.19905453782751,79.60171564525568,72.38504699999999,63.079049761450605,75.48171086887878,68.26504222362308,benefit_under_all_stream_compositions
high_ambition_2030,0.748,305.13164,67.31645353174913,79.67009226325862,72.48194799999999,63.19644875537223,75.55008748688172,68.36194322362309,benefit_under_all_stream_compositions
high_ambition_2030,0.749,305.53957,67.43385252567076,79.73846888126157,72.57884899999999,63.313847749293856,75.61846410488467,68.45884422362309,benefit_under_all_stream_compositions
high_ambition_2030,0.75,305.9475,67.55125151959238,79.8068454992645,72.67574999999998,63.43124674321548,75.6868407228876,68.55574522362308,benefit_under_all_stream_compositions
high_ambition_2030,0.751,306.35543,67.66865051351402,79.87522211726744,72.772651,63.54864573713712,75.75521734089054,68.6526462236231,benefit_under_all_stream_compositions
high_ambition_2030,0.752,306.76336,67.78604950743565,79.94359873527038,72.86955199999998,63.66604473105875,75.82359395889348,68.74954722362308,benefit_under_all_stream_compositions
high_ambition_2030,0.753,307.17129,67.90344850135727,80.01197535327333,72.96645299999999,63.78344372498037,75.89197057689643,68.84644822362309,benefit_under_all_stream_compositions
high_ambition_2030,0.754,307.57922,68.02084749527891,80.08035197127627,73.06335399999999,63.90084271890201,75.96034719489937,68.94334922362309,benefit_under_all_stream_compositions
high_ambition_2030,0.755,307.98715000000004,68.13824648920055,80.14872858927922,73.16025499999999,64.01824171282365,76.02872381290231,69.04025022362309,benefit_under_all_stream_compositions
high_ambition_2030,0.756,308.39508,68.25564548312217,80.21710520728216,73.25715599999998,64.13564070674526,76.09710043090526,69.13715122362308,benefit_under_all_stream_compositions
high_ambition_2030,0.757,308.80301000000003,68.3730444770438,80.2854818252851,73.354057,64.2530397006669,76.1654770489082,69.2340522236231,benefit_under_all_stream_compositions
high_ambition_2030,0.758,309.21094,68.49044347096543,80.35385844328803,73.45095799999999,64.37043869458853,76.23385366691113,69.33095322362308,benefit_under_all_stream_compositions
high_ambition_2030,0.759,309.61887,68.60784246488707,80.42223506129098,73.54785899999999,64.48783768851017,76.30223028491407,69.42785422362309,benefit_under_all_stream_compositions
high_ambition_2030,0.76,310.0268,68.72524145880868,80.49061167929392,73.64475999999998,64.60523668243178,76.37060690291702,69.52475522362307,benefit_under_all_stream_compositions
high_ambition_2030,0.761,310.43473,68.84264045273032,80.55898829729686,73.74166099999998,64.72263567635342,76.43898352091996,69.62165622362308,benefit_under_all_stream_compositions
high_ambition_2030,0.762,310.84266,68.96003944665196,80.62736491529981,73.838562,64.84003467027506,76.5073601389229,69.7185572236231,benefit_under_all_stream_compositions
high_ambition_2030,0.763,311.25059000000005,69.0774384405736,80.69574153330275,73.935463,64.9574336641967,76.57573675692585,69.8154582236231,benefit_under_all_stream_compositions
high_ambition_2030,0.764,311.65852,69.19483743449521,80.7641181513057,74.03236399999999,65.07483265811831,76.64411337492879,69.91235922362308,benefit_under_all_stream_compositions
high_ambition_2030,0.765,312.06645000000003,69.31223642841685,80.83249476930864,74.12926499999999,65.19223165203995,76.71248999293174,70.00926022362309,benefit_under_all_stream_compositions
high_ambition_2030,0.766,312.47438,69.42963542233848,80.90087138731157,74.22616599999998,65.30963064596158,76.78086661093467,70.10616122362308,benefit_under_all_stream_compositions
high_ambition_2030,0.767,312.88231,69.5470344162601,80.96924800531451,74.323067,65.4270296398832,76.84924322893761,70.20306222362309,benefit_under_all_stream_compositions
high_ambition_2030,0.768,313.29024,69.66443341018173,81.03762462331746,74.41996799999998,65.54442863380483,76.91761984694055,70.29996322362308,benefit_under_all_stream_compositions
high_ambition_2030,0.769,313.69817,69.78183240410337,81.1060012413204,74.51686899999999,65.66182762772647,76.9859964649435,70.39686422362308,benefit_under_all_stream_compositions
high_ambition_2030,0.77,314.10609999999997,69.89923139802498,81.17437785932333,74.61376999999997,65.77922662164808,77.05437308294643,70.49376522362307,benefit_under_all_stream_compositions
high_ambition_2030,0.771,314.51403000000005,70.01663039194663,81.24275447732629,74.710671,65.89662561556973,77.12274970094938,70.5906662236231,benefit_under_all_stream_compositions
high_ambition_2030,0.772,314.92196,70.13402938586826,81.31113109532923,74.807572,66.01402460949136,77.19112631895233,70.68756722362309,benefit_under_all_stream_compositions
high_ambition_2030,0.773,315.32989000000003,70.2514283797899,81.37950771333217,74.904473,66.131423603413,77.25950293695527,70.7844682236231,benefit_under_all_stream_compositions
high_ambition_2030,0.774,315.73782,70.36882737371151,81.4478843313351,75.00137399999998,66.24882259733461,77.3278795549582,70.88136922362308,benefit_under_all_stream_compositions
high_ambition_2030,0.775,316.14575,70.48622636763315,81.51626094933805,75.09827499999999,66.36622159125625,77.39625617296115,70.97827022362308,benefit_under_all_stream_compositions
high_ambition_2030,0.776,316.55368,70.60362536155478,81.58463756734099,75.19517599999998,66.48362058517787,77.46463279096409,71.07517122362307,benefit_under_all_stream_compositions
high_ambition_2030,0.777,316.96161,70.72102435547642,81.65301418534393,75.29207699999999,66.60101957909951,77.53300940896703,71.17207222362309,benefit_under_all_stream_compositions
high_ambition_2030,0.778,317.36954,70.83842334939803,81.72139080334688,75.38897799999998,66.71841857302113,77.60138602696998,71.26897322362308,benefit_under_all_stream_compositions
high_ambition_2030,0.779,317.77747000000005,70.95582234331968,81.78976742134982,75.485879,66.83581756694278,77.66976264497292,71.3658742236231,benefit_under_all_stream_compositions
high_ambition_2030,0.78,318.1854,71.0732213372413,81.85814403935277,75.58277999999999,66.9532165608644,77.73813926297586,71.46277522362308,benefit_under_all_stream_compositions
high_ambition_2030,0.781,318.59333000000004,71.19062033116295,81.92652065735571,75.67968099999999,67.07061555478604,77.80651588097881,71.55967622362309,benefit_under_all_stream_compositions
high_ambition_2030,0.782,319.00126,71.30801932508456,81.99489727535864,75.77658199999999,67.18801454870766,77.87489249898174,71.65657722362309,benefit_under_all_stream_compositions
high_ambition_2030,0.783,319.40919,71.4254183190062,82.06327389336158,75.873483,67.3054135426293,77.94326911698468,71.75347822362309,benefit_under_all_stream_compositions
high_ambition_2030,0.784,319.81712,71.54281731292782,82.13165051136453,75.97038399999998,67.42281253655092,78.01164573498762,71.85037922362308,benefit_under_all_stream_compositions
high_ambition_2030,0.785,320.22505,71.66021630684945,82.20002712936747,76.06728499999998,67.54021153047255,78.08002235299057,71.94728022362308,benefit_under_all_stream_compositions
high_ambition_2030,0.786,320.63298,71.77761530077107,82.2684037473704,76.16418599999999,67.65761052439417,78.1483989709935,72.04418122362308,benefit_under_all_stream_compositions
high_ambition_2030,0.787,321.04091000000005,71.89501429469273,82.33678036537336,76.261087,67.77500951831583,78.21677558899646,72.1410822236231,benefit_under_all_stream_compositions
high_ambition_2030,0.788,321.44884,72.01241328861435,82.4051569833763,76.35798799999999,67.89240851223745,78.2851522069994,72.23798322362309,benefit_under_all_stream_compositions
high_ambition_2030,0.789,321.85677000000004,72.12981228253598,82.47353360137924,76.454889,68.00980750615908,78.35352882500234,72.33488422362309,benefit_under_all_stream_compositions
high_ambition_2030,0.79,322.2647,72.2472112764576,82.54191021938217,76.55178999999998,68.1272065000807,78.42190544300527,72.43178522362308,benefit_under_all_stream_compositions
high_ambition_2030,0.791,322.67263,72.36461027037925,82.61028683738513,76.64869099999999,68.24460549400234,78.49028206100823,72.52868622362308,benefit_under_all_stream_compositions
high_ambition_2030,0.792,323.08056,72.48200926430086,82.67866345538806,76.74559199999997,68.36200448792395,78.55865867901116,72.62558722362307,benefit_under_all_stream_compositions
high_ambition_2030,0.793,323.48849,72.5994082582225,82.747040073391,76.84249299999999,68.4794034818456,78.6270352970141,72.72248822362309,benefit_under_all_stream_compositions
high_ambition_2030,0.794,323.89642,72.71680725214412,82.81541669139395,76.93939399999998,68.59680247576722,78.69541191501705,72.81938922362308,benefit_under_all_stream_compositions
high_ambition_2030,0.795,324.30435,72.83420624606576,82.88379330939689,77.03629499999998,68.71420146968886,78.76378853301999,72.91629022362308,benefit_under_all_stream_compositions
high_ambition_2030,0.796,324.71228,72.95160523998739,82.95216992739984,77.13319599999998,68.83160046361049,78.83216515102293,73.01319122362308,benefit_under_all_stream_compositions
high_ambition_2030,0.797,325.12021000000004,73.06900423390903,83.02054654540278,77.230097,68.94899945753212,78.90054176902588,73.1100922236231,benefit_under_all_stream_compositions
high_ambition_2030,0.798,325.52814,73.18640322783065,83.08892316340571,77.32699799999999,69.06639845145375,78.96891838702881,73.20699322362309,benefit_under_all_stream_compositions
high_ambition_2030,0.799,325.93607000000003,73.30380222175229,83.15729978140865,77.42389899999999,69.18379744537539,79.03729500503175,73.30389422362309,benefit_under_all_stream_compositions
high_ambition_2030,0.8,326.344,73.4212012156739,83.2256763994116,77.52079999999998,69.301196439297,79.1056716230347,73.40079522362308,benefit_under_all_stream_compositions
high_ambition_2030,0.801,326.75193,73.53860020959554,83.29405301741454,77.61770099999998,69.41859543321864,79.17404824103764,73.49769622362308,benefit_under_all_stream_compositions
high_ambition_2030,0.802,327.15986,73.65599920351717,83.36242963541747,77.71460199999999,69.53599442714027,79.24242485904057,73.59459722362308,benefit_under_all_stream_compositions
high_ambition_2030,0.803,327.56779,73.7733981974388,83.43080625342043,77.81150299999999,69.65339342106189,79.31080147704353,73.69149822362309,benefit_under_all_stream_compositions
high_ambition_2030,0.804,327.97572,73.89079719136043,83.49918287142337,77.90840399999999,69.77079241498353,79.37917809504647,73.78839922362309,benefit_under_all_stream_compositions
high_ambition_2030,0.805,328.38365000000005,74.00819618528207,83.56755948942632,78.00530499999999,69.88819140890517,79.44755471304941,73.88530022362309,benefit_under_all_stream_compositions
high_ambition_2030,0.806,328.79158,74.1255951792037,83.63593610742925,78.102206,70.0055904028268,79.51593133105234,73.9822012236231,benefit_under_all_stream_compositions
high_ambition_2030,0.807,329.19951000000003,74.24299417312533,83.7043127254322,78.199107,70.12298939674842,79.5843079490553,74.0791022236231,benefit_under_all_stream_compositions
high_ambition_2030,0.808,329.60744,74.36039316704695,83.77268934343513,78.29600799999999,70.24038839067005,79.65268456705823,74.17600322362308,benefit_under_all_stream_compositions
high_ambition_2030,0.809,330.01537,74.47779216096859,83.84106596143808,78.39290899999999,70.35778738459169,79.72106118506117,74.27290422362309,benefit_under_all_stream_compositions
high_ambition_2030,0.81,330.4233,74.5951911548902,83.90944257944102,78.48980999999998,70.4751863785133,79.78943780306412,74.36980522362308,benefit_under_all_stream_compositions
high_ambition_2030,0.811,330.83123,74.71259014881184,83.97781919744396,78.586711,70.59258537243494,79.85781442106706,74.46670622362309,benefit_under_all_stream_compositions
high_ambition_2030,0.812,331.23916,74.82998914273348,84.04619581544691,78.68361199999998,70.70998436635658,79.92619103907,74.56360722362308,benefit_under_all_stream_compositions
high_ambition_2030,0.813,331.64709000000005,74.94738813665512,84.11457243344985,78.780513,70.82738336027822,79.99456765707295,74.6605082236231,benefit_under_all_stream_compositions
high_ambition_2030,0.814,332.05502,75.06478713057673,84.1829490514528,78.87741399999999,70.94478235419983,80.06294427507589,74.75740922362309,benefit_under_all_stream_compositions
high_ambition_2030,0.815,332.46295000000003,75.18218612449837,84.25132566945574,78.97431499999999,71.06218134812147,80.13132089307884,74.85431022362309,benefit_under_all_stream_compositions
high_ambition_2030,0.816,332.87088,75.29958511842,84.31970228745867,79.07121599999999,71.1795803420431,80.19969751108177,74.95121122362309,benefit_under_all_stream_compositions
high_ambition_2030,0.817,333.27881,75.41698411234162,84.38807890546161,79.16811699999998,71.29697933596472,80.26807412908471,75.04811222362308,benefit_under_all_stream_compositions
high_ambition_2030,0.818,333.68674,75.53438310626325,84.45645552346456,79.26501799999998,71.41437832988635,80.33645074708765,75.14501322362308,benefit_under_all_stream_compositions
high_ambition_2030,0.819,334.09467,75.65178210018489,84.5248321414675,79.36191899999999,71.53177732380799,80.4048273650906,75.24191422362308,benefit_under_all_stream_compositions
high_ambition_2030,0.82,334.5026,75.7691810941065,84.59320875947043,79.45881999999997,71.6491763177296,80.47320398309353,75.33881522362307,benefit_under_all_stream_compositions
high_ambition_2030,0.821,334.91053000000005,75.88658008802815,84.66158537747339,79.55572099999999,71.76657531165125,80.54158060109648,75.43571622362309,benefit_under_all_stream_compositions
high_ambition_2030,0.822,335.31846,76.00397908194978,84.72996199547632,79.65262199999998,71.88397430557288,80.60995721909941,75.53261722362308,benefit_under_all_stream_compositions
high_ambition_2030,0.823,335.72639000000004,76.12137807587142,84.79833861347927,79.749523,72.00137329949452,80.67833383710237,75.6295182236231,benefit_under_all_stream_compositions
high_ambition_2030,0.824,336.13432,76.23877706979303,84.8667152314822,79.84642399999998,72.11877229341613,80.7467104551053,75.72641922362308,benefit_under_all_stream_compositions
high_ambition_2030,0.825,336.54225,76.35617606371467,84.93509184948515,79.94332499999999,72.23617128733777,80.81508707310824,75.82332022362309,benefit_under_all_stream_compositions
high_ambition_2030,0.826,336.95018,76.4735750576363,85.00346846748809,80.04022599999998,72.3535702812594,80.88346369111119,75.92022122362307,benefit_under_all_stream_compositions
high_ambition_2030,0.827,337.35811,76.59097405155794,85.07184508549103,80.13712699999999,72.47096927518103,80.95184030911413,76.01712222362309,benefit_under_all_stream_compositions
high_ambition_2030,0.828,337.76604,76.70837304547955,85.14022170349396,80.23402799999998,72.58836826910265,81.02021692711706,76.11402322362308,benefit_under_all_stream_compositions
high_ambition_2030,0.829,338.17397000000005,76.8257720394012,85.20859832149692,80.330929,72.7057672630243,81.08859354512002,76.2109242236231,benefit_under_all_stream_compositions
high_ambition_2030,0.83,338.5819,76.94317103332283,85.27697493949987,80.42782999999999,72.82316625694592,81.15697016312296,76.30782522362308,benefit_under_all_stream_compositions
high_ambition_2030,0.831,338.98983000000004,77.06057002724447,85.34535155750281,80.524731,72.94056525086756,81.22534678112591,76.4047262236231,benefit_under_all_stream_compositions
high_ambition_2030,0.832,339.39776,77.17796902116608,85.41372817550574,80.62163199999998,73.05796424478918,81.29372339912884,76.50162722362307,benefit_under_all_stream_compositions
high_ambition_2030,0.833,339.80569,77.29536801508772,85.48210479350868,80.718533,73.17536323871082,81.36210001713178,76.59852822362309,benefit_under_all_stream_compositions
high_ambition_2030,0.834,340.21362,77.41276700900934,85.55048141151163,80.81543399999997,73.29276223263244,81.43047663513472,76.69542922362307,benefit_under_all_stream_compositions
high_ambition_2030,0.835,340.62155,77.53016600293097,85.61885802951457,80.91233499999998,73.41016122655407,81.49885325313767,76.79233022362308,benefit_under_all_stream_compositions
high_ambition_2030,0.836,341.02948,77.6475649968526,85.6872346475175,81.00923599999999,73.52756022047569,81.5672298711406,76.88923122362309,benefit_under_all_stream_compositions
high_ambition_2030,0.837,341.43741000000006,77.76496399077425,85.75561126552046,81.106137,73.64495921439735,81.63560648914356,76.9861322236231,benefit_under_all_stream_compositions
high_ambition_2030,0.838,341.84534,77.88236298469587,85.82398788352339,81.20303799999998,73.76235820831897,81.70398310714648,77.08303322362308,benefit_under_all_stream_compositions
high_ambition_2030,0.839,342.25327000000004,77.9997619786175,85.89236450152634,81.299939,73.8797572022406,81.77235972514944,77.17993422362309,benefit_under_all_stream_compositions
high_ambition_2030,0.84,342.6612,78.11716097253912,85.96074111952927,81.39683999999998,73.99715619616222,81.84073634315237,77.27683522362308,benefit_under_all_stream_compositions
high_ambition_2030,0.841,343.06913000000003,78.23455996646076,86.02911773753222,81.493741,74.11455519008386,81.90911296115532,77.3737362236231,benefit_under_all_stream_compositions
high_ambition_2030,0.842,343.47706,78.35195896038238,86.09749435553516,81.59064199999997,74.23195418400547,81.97748957915826,77.47063722362307,benefit_under_all_stream_compositions
high_ambition_2030,0.843,343.88499,78.46935795430402,86.1658709735381,81.68754299999999,74.34935317792711,82.0458661971612,77.56753822362309,benefit_under_all_stream_compositions
high_ambition_2030,0.844,344.29292,78.58675694822564,86.23424759154103,81.78444399999997,74.46675217184874,82.11424281516413,77.66443922362306,benefit_under_all_stream_compositions
high_ambition_2030,0.845,344.70085,78.70415594214728,86.30262420954398,81.88134499999998,74.58415116577038,82.18261943316708,77.76134022362308,benefit_under_all_stream_compositions
high_ambition_2030,0.846,345.10878,78.8215549360689,86.37100082754694,81.97824599999998,74.701550159692,82.25099605117003,77.85824122362308,benefit_under_all_stream_compositions
high_ambition_2030,0.847,345.51671000000005,78.93895392999055,86.43937744554988,82.075147,74.81894915361364,82.31937266917298,77.9551422236231,benefit_under_all_stream_compositions
high_ambition_2030,0.848,345.92464,79.05635292391217,86.50775406355281,82.17204799999999,74.93634814753527,82.38774928717591,78.05204322362309,benefit_under_all_stream_compositions
high_ambition_2030,0.849,346.33257000000003,79.17375191783381,86.57613068155575,82.26894899999999,75.05374714145691,82.45612590517885,78.14894422362309,benefit_under_all_stream_compositions
high_ambition_2030,0.85,346.7405,79.29115091175542,86.6445072995587,82.36584999999998,75.17114613537852,82.5245025231818,78.24584522362308,benefit_under_all_stream_compositions
high_ambition_2030,0.851,347.14843,79.40854990567706,86.71288391756164,82.462751,75.28854512930016,82.59287914118474,78.3427462236231,benefit_under_all_stream_compositions
high_ambition_2030,0.852,347.55636,79.52594889959869,86.78126053556457,82.55965199999997,75.40594412322179,82.66125575918767,78.43964722362307,benefit_under_all_stream_compositions
high_ambition_2030,0.853,347.96429,79.64334789352031,86.84963715356753,82.65655299999999,75.52334311714341,82.72963237719063,78.53654822362309,benefit_under_all_stream_compositions
high_ambition_2030,0.854,348.37222,79.76074688744195,86.91801377157047,82.75345399999999,75.64074211106505,82.79800899519357,78.63344922362309,benefit_under_all_stream_compositions
high_ambition_2030,0.855,348.78015000000005,79.8781458813636,86.98639038957342,82.850355,75.75814110498669,82.86638561319651,78.73035022362309,benefit_under_all_stream_compositions
high_ambition_2030,0.856,349.18808,79.99554487528522,87.05476700757634,82.94725599999998,75.87554009890832,82.93476223119944,78.82725122362308,benefit_under_all_stream_compositions
high_ambition_2030,0.857,349.59601000000004,80.11294386920684,87.12314362557929,83.04415699999998,75.99293909282994,83.00313884920239,78.92415222362308,benefit_under_all_stream_compositions
high_ambition_2030,0.858,350.00394,80.23034286312847,87.19152024358223,83.14105799999999,76.11033808675157,83.07151546720533,79.02105322362308,benefit_under_all_stream_compositions
high_ambition_2030,0.859,350.41187,80.34774185705011,87.25989686158518,83.23795899999998,76.22773708067321,83.13989208520827,79.11795422362307,benefit_under_all_stream_compositions
high_ambition_2030,0.86,350.8198,80.46514085097172,87.32827347958812,83.33485999999998,76.34513607459482,83.20826870321122,79.21485522362308,benefit_under_all_stream_compositions
high_ambition_2030,0.861,351.22773,80.58253984489336,87.39665009759105,83.43176099999998,76.46253506851646,83.27664532121415,79.31175622362308,benefit_under_all_stream_compositions
high_ambition_2030,0.862,351.63566000000003,80.699938838815,87.465026715594,83.528662,76.5799340624381,83.3450219392171,79.4086572236231,benefit_under_all_stream_compositions
high_ambition_2030,0.863,352.04359000000005,80.81733783273664,87.53340333359695,83.62556299999999,76.69733305635974,83.41339855722005,79.50555822362308,benefit_under_all_stream_compositions
high_ambition_2030,0.864,352.45152,80.93473682665825,87.60177995159988,83.72246399999999,76.81473205028135,83.48177517522298,79.60245922362309,benefit_under_all_stream_compositions
high_ambition_2030,0.865,352.85945000000004,81.05213582057989,87.67015656960282,83.81936499999999,76.93213104420299,83.55015179322592,79.69936022362309,benefit_under_all_stream_compositions
high_ambition_2030,0.866,353.26738,81.16953481450152,87.73853318760577,83.91626599999998,77.04953003812462,83.61852841122887,79.79626122362308,benefit_under_all_stream_compositions
high_ambition_2030,0.867,353.67531,81.28693380842314,87.80690980560871,84.01316699999998,77.16692903204624,83.68690502923181,79.89316222362308,benefit_under_all_stream_compositions
high_ambition_2030,0.868,354.08324,81.40433280234477,87.87528642361164,84.11006799999998,77.28432802596787,83.75528164723474,79.99006322362308,benefit_under_all_stream_compositions
high_ambition_2030,0.869,354.49117,81.52173179626641,87.9436630416146,84.20696899999997,77.4017270198895,83.8236582652377,80.08696422362307,benefit_under_all_stream_compositions
high_ambition_2030,0.87,354.89910000000003,81.63913079018805,88.01203965961754,84.30386999999999,77.51912601381115,83.89203488324064,80.18386522362309,benefit_under_all_stream_compositions
high_ambition_2030,0.871,355.30703000000005,81.75652978410967,88.08041627762049,84.40077099999999,77.63652500773277,83.96041150124358,80.28076622362309,benefit_under_all_stream_compositions
high_ambition_2030,0.872,355.71496,81.8739287780313,88.14879289562342,84.497672,77.7539240016544,84.02878811924651,80.37766722362309,benefit_under_all_stream_compositions
high_ambition_2030,0.873,356.12289000000004,81.99132777195294,88.21716951362637,84.59457299999998,77.87132299557604,84.09716473724947,80.47456822362308,benefit_under_all_stream_compositions
high_ambition_2030,0.874,356.53082,82.10872676587455,88.2855461316293,84.69147399999999,77.98872198949765,84.1655413552524,80.57146922362308,benefit_under_all_stream_compositions
high_ambition_2030,0.875,356.93875,82.22612575979619,88.35392274963225,84.78837499999999,78.10612098341929,84.23391797325534,80.66837022362309,benefit_under_all_stream_compositions
high_ambition_2030,0.876,357.34668,82.34352475371782,88.42229936763519,84.88527599999999,78.22351997734091,84.30229459125829,80.76527122362309,benefit_under_all_stream_compositions
high_ambition_2030,0.877,357.75461,82.46092374763946,88.49067598563812,84.98217699999998,78.34091897126255,84.37067120926122,80.86217222362308,benefit_under_all_stream_compositions
high_ambition_2030,0.878,358.16254,82.57832274156107,88.55905260364106,85.07907799999998,78.45831796518416,84.43904782726416,80.95907322362308,benefit_under_all_stream_compositions
high_ambition_2030,0.879,358.57047000000006,82.69572173548272,88.62742922164402,85.175979,78.57571695910582,84.50742444526712,81.0559742236231,benefit_under_all_stream_compositions
high_ambition_2030,0.88,358.9784,82.81312072940435,88.69580583964695,85.27288,78.69311595302744,84.57580106327005,81.1528752236231,benefit_under_all_stream_compositions
high_ambition_2030,0.881,359.38633000000004,82.93051972332599,88.7641824576499,85.36978099999999,78.81051494694908,84.64417768127299,81.24977622362309,benefit_under_all_stream_compositions
high_ambition_2030,0.882,359.79426,83.0479187172476,88.83255907565284,85.46668199999999,78.9279139408707,84.71255429927594,81.34667722362309,benefit_under_all_stream_compositions
high_ambition_2030,0.883,360.20219000000003,83.16531771116924,88.90093569365578,85.563583,79.04531293479234,84.78093091727888,81.44357822362309,benefit_under_all_stream_compositions
high_ambition_2030,0.884,360.61012,83.28271670509086,88.96931231165871,85.66048399999998,79.16271192871396,84.84930753528181,81.54047922362308,benefit_under_all_stream_compositions
high_ambition_2030,0.885,361.01805,83.40011569901249,89.03768892966167,85.75738499999999,79.28011092263559,84.91768415328477,81.63738022362308,benefit_under_all_stream_compositions
high_ambition_2030,0.886,361.42598,83.51751469293411,89.1060655476646,85.85428599999999,79.39750991655721,84.9860607712877,81.73428122362309,benefit_under_all_stream_compositions
high_ambition_2030,0.887,361.83391000000006,83.63491368685577,89.17444216566756,85.951187,79.51490891047887,85.05443738929065,81.8311822236231,benefit_under_all_stream_compositions
high_ambition_2030,0.888,362.24184,83.7523126807774,89.24281878367049,86.04808799999998,79.63230790440049,85.12281400729358,81.92808322362308,benefit_under_all_stream_compositions
high_ambition_2030,0.889,362.64977000000005,83.86971167469902,89.31119540167344,86.144989,79.74970689832212,85.19119062529654,82.0249842236231,benefit_under_all_stream_compositions
high_ambition_2030,0.89,363.0577,83.98711066862064,89.37957201967637,86.24189,79.86710589224374,85.25956724329947,82.1218852236231,benefit_under_all_stream_compositions
high_ambition_2030,0.891,363.46563000000003,84.10450966254228,89.44794863767932,86.33879099999999,79.98450488616538,85.32794386130242,82.21878622362308,benefit_under_all_stream_compositions
high_ambition_2030,0.892,363.87356,84.2219086564639,89.51632525568226,86.43569199999999,80.101903880087,85.39632047930536,82.31568722362309,benefit_under_all_stream_compositions
high_ambition_2030,0.893,364.28148999999996,84.33930765038552,89.58470187368519,86.53259299999998,80.21930287400862,85.46469709730829,82.41258822362308,benefit_under_all_stream_compositions
high_ambition_2030,0.894,364.68942,84.45670664430716,89.65307849168813,86.62949399999998,80.33670186793026,85.53307371531123,82.50948922362308,benefit_under_all_stream_compositions
high_ambition_2030,0.895,365.09735000000006,84.57410563822881,89.72145510969109,86.726395,80.45410086185191,85.60145033331419,82.6063902236231,benefit_under_all_stream_compositions
high_ambition_2030,0.896,365.50528,84.69150463215043,89.78983172769404,86.82329599999998,80.57149985577352,85.66982695131713,82.70329122362308,benefit_under_all_stream_compositions
high_ambition_2030,0.897,365.91321000000005,84.80890362607207,89.85820834569697,86.920197,80.68889884969516,85.73820356932006,82.8001922236231,benefit_under_all_stream_compositions
high_ambition_2030,0.898,366.32114,84.92630261999369,89.92658496369991,87.01709799999998,80.80629784361679,85.80658018732301,82.89709322362307,benefit_under_all_stream_compositions
high_ambition_2030,0.899,366.72907,85.0437016139153,89.99496158170285,87.11399899999998,80.9236968375384,85.87495680532595,82.99399422362308,benefit_under_all_stream_compositions
high_ambition_2030,0.9,367.137,85.16110060783694,90.06333819970578,87.21089999999998,81.04109583146004,85.94333342332888,83.09089522362308,benefit_under_all_stream_compositions
high_ambition_2030,0.901,367.54492999999997,85.27849960175857,90.13171481770873,87.30780099999997,81.15849482538167,86.01171004133182,83.18779622362307,benefit_under_all_stream_compositions
high_ambition_2030,0.902,367.95286,85.39589859568021,90.20009143571167,87.40470199999997,81.2758938193033,86.08008665933477,83.28469722362307,benefit_under_all_stream_compositions
high_ambition_2030,0.903,368.36078999999995,85.51329758960182,90.26846805371461,87.50160299999997,81.39329281322492,86.14846327733771,83.38159822362307,benefit_under_all_stream_compositions
high_ambition_2030,0.904,368.76872000000003,85.63069658352347,90.33684467171756,87.59850399999999,81.51069180714657,86.21683989534066,83.47849922362309,benefit_under_all_stream_compositions
high_ambition_2030,0.905,369.17665,85.7480955774451,90.4052212897205,87.69540499999998,81.6280908010682,86.2852165133436,83.57540022362308,benefit_under_all_stream_compositions
high_ambition_2030,0.906,369.58458,85.86549457136674,90.47359790772344,87.79230599999998,81.74548979498984,86.35359313134654,83.67230122362308,benefit_under_all_stream_compositions
high_ambition_2030,0.907,369.99251,85.98289356528835,90.54197452572637,87.88920699999998,81.86288878891145,86.42196974934947,83.76920222362308,benefit_under_all_stream_compositions
high_ambition_2030,0.908,370.40044,86.10029255920999,90.61035114372933,87.98610799999997,81.98028778283309,86.49034636735243,83.86610322362307,benefit_under_all_stream_compositions
high_ambition_2030,0.909,370.80836999999997,86.21769155313162,90.67872776173226,88.08300899999998,82.09768677675471,86.55872298535536,83.96300422362307,benefit_under_all_stream_compositions
high_ambition_2030,0.91,371.2163,86.33509054705324,90.7471043797352,88.17990999999998,82.21508577067634,86.6270996033583,84.05990522362308,benefit_under_all_stream_compositions
high_ambition_2030,0.911,371.62422999999995,86.45248954097487,90.81548099773815,88.27681099999997,82.33248476459796,86.69547622136125,84.15680622362306,benefit_under_all_stream_compositions
high_ambition_2030,0.912,372.03216000000003,86.56988853489652,90.8838576157411,88.37371199999998,82.44988375851962,86.7638528393642,84.25370722362308,benefit_under_all_stream_compositions
high_ambition_2030,0.913,372.44009,86.68728752881815,90.95223423374404,88.47061299999999,82.56728275244124,86.83222945736713,84.35060822362308,benefit_under_all_stream_compositions
high_ambition_2030,0.914,372.84802,86.80468652273977,91.02061085174698,88.56751399999999,82.68468174636287,86.90060607537008,84.44750922362309,benefit_under_all_stream_compositions
high_ambition_2030,0.915,373.25595,86.9220855166614,91.08898746974992,88.66441499999998,82.8020807402845,86.96898269337302,84.54441022362307,benefit_under_all_stream_compositions
high_ambition_2030,0.916,373.66388,87.03948451058304,91.15736408775287,88.76131599999998,82.91947973420613,87.03735931137597,84.64131122362308,benefit_under_all_stream_compositions
high_ambition_2030,0.917,374.07180999999997,87.15688350450465,91.2257407057558,88.85821699999998,83.03687872812775,87.1057359293789,84.73821222362308,benefit_under_all_stream_compositions
high_ambition_2030,0.918,374.47974,87.27428249842629,91.29411732375874,88.95511799999998,83.15427772204939,87.17411254738184,84.83511322362308,benefit_under_all_stream_compositions
high_ambition_2030,0.919,374.88766999999996,87.39168149234791,91.36249394176168,89.05201899999997,83.27167671597101,87.24248916538478,84.93201422362307,benefit_under_all_stream_compositions
high_ambition_2030,0.92,375.29560000000004,87.50908048626957,91.43087055976463,89.14891999999999,83.38907570989267,87.31086578338773,85.02891522362309,benefit_under_all_stream_compositions
high_ambition_2030,0.921,375.70353,87.62647948019118,91.49924717776757,89.24582099999999,83.50647470381428,87.37924240139067,85.12581622362309,benefit_under_all_stream_compositions
high_ambition_2030,0.922,376.11146,87.74387847411282,91.56762379577052,89.342722,83.62387369773592,87.44761901939361,85.22271722362309,benefit_under_all_stream_compositions
high_ambition_2030,0.923,376.51939,87.86127746803444,91.63600041377344,89.43962299999998,83.74127269165754,87.51599563739654,85.31961822362308,benefit_under_all_stream_compositions
high_ambition_2030,0.924,376.92732,87.97867646195608,91.7043770317764,89.53652399999999,83.85867168557918,87.5843722553995,85.41651922362308,benefit_under_all_stream_compositions
high_ambition_2030,0.925,377.33525,88.0960754558777,91.77275364977933,89.63342499999999,83.9760706795008,87.65274887340243,85.51342022362309,benefit_under_all_stream_compositions
high_ambition_2030,0.926,377.74318,88.21347444979934,91.84113026778228,89.73032599999998,84.09346967342243,87.72112549140537,85.61032122362307,benefit_under_all_stream_compositions
high_ambition_2030,0.927,378.15110999999996,88.33087344372096,91.90950688578522,89.82722699999998,84.21086866734406,87.78950210940832,85.70722222362308,benefit_under_all_stream_compositions
high_ambition_2030,0.928,378.55904,88.44827243764259,91.97788350378816,89.92412799999998,84.32826766126568,87.85787872741126,85.80412322362308,benefit_under_all_stream_compositions
high_ambition_2030,0.929,378.96697,88.56567143156423,92.04626012179111,90.02102899999997,84.44566665518732,87.9262553454142,85.90102422362307,benefit_under_all_stream_compositions
high_ambition_2030,0.93,379.3749,88.68307042548587,92.11463673979405,90.11792999999999,84.56306564910896,87.99463196341715,85.99792522362308,benefit_under_all_stream_compositions
high_ambition_2030,0.931,379.78283,88.80046941940749,92.183013357797,90.21483099999998,84.68046464303059,88.06300858142009,86.09482622362307,benefit_under_all_stream_compositions
high_ambition_2030,0.932,380.19076,88.91786841332912,92.25138997579994,90.31173199999999,84.79786363695221,88.13138519942304,86.19172722362309,benefit_under_all_stream_compositions
high_ambition_2030,0.933,380.59869,89.03526740725074,92.31976659380287,90.40863299999997,84.91526263087384,88.19976181742597,86.28862822362306,benefit_under_all_stream_compositions
high_ambition_2030,0.934,381.00662,89.15266640117238,92.38814321180581,90.50553399999998,85.03266162479548,88.26813843542891,86.38552922362308,benefit_under_all_stream_compositions
high_ambition_2030,0.935,381.41454999999996,89.270065395094,92.45651982980876,90.60243499999996,85.15006061871709,88.33651505343185,86.48243022362306,benefit_under_all_stream_compositions
high_ambition_2030,0.936,381.82248,89.38746438901563,92.5248964478117,90.69933599999997,85.26745961263873,88.4048916714348,86.57933122362307,benefit_under_all_stream_compositions
high_ambition_2030,0.937,382.23041,89.50486338293727,92.59327306581464,90.79623699999998,85.38485860656037,88.47326828943774,86.67623222362307,benefit_under_all_stream_compositions
high_ambition_2030,0.938,382.63834,89.62226237685891,92.66164968381759,90.893138,85.50225760048201,88.54164490744068,86.77313322362309,benefit_under_all_stream_compositions
high_ambition_2030,0.939,383.04627,89.73966137078052,92.73002630182053,90.99003899999998,85.61965659440362,88.61002152544363,86.87003422362308,benefit_under_all_stream_compositions
high_ambition_2030,0.94,383.4542,89.85706036470216,92.79840291982347,91.08693999999998,85.73705558832526,88.67839814344657,86.96693522362308,benefit_under_all_stream_compositions
high_ambition_2030,0.941,383.86213,89.97445935862379,92.8667795378264,91.18384099999997,85.85445458224689,88.7467747614495,87.06383622362307,benefit_under_all_stream_compositions
high_ambition_2030,0.942,384.27006,90.09185835254542,92.93515615582935,91.28074199999999,85.97185357616851,88.81515137945244,87.16073722362309,benefit_under_all_stream_compositions
high_ambition_2030,0.943,384.67798999999997,90.20925734646704,93.00353277383229,91.37764299999996,86.08925257009014,88.88352799745539,87.25763822362306,benefit_under_all_stream_compositions
high_ambition_2030,0.944,385.08592,90.32665634038868,93.07190939183523,91.47454399999998,86.20665156401178,88.95190461545833,87.35453922362308,benefit_under_all_stream_compositions
high_ambition_2030,0.945,385.49385,90.44405533431032,93.14028600983818,91.57144499999998,86.32405055793342,89.02028123346128,87.45144022362308,benefit_under_all_stream_compositions
high_ambition_2030,0.946,385.90178000000003,90.56145432823195,93.20866262784112,91.668346,86.44144955185504,89.08865785146422,87.5483412236231,benefit_under_all_stream_compositions
high_ambition_2030,0.947,386.30971,90.67885332215357,93.27703924584407,91.76524699999997,86.55884854577667,89.15703446946716,87.64524222362307,benefit_under_all_stream_compositions
high_ambition_2030,0.948,386.71764,90.79625231607521,93.34541586384701,91.86214799999999,86.67624753969831,89.2254110874701,87.74214322362309,benefit_under_all_stream_compositions
high_ambition_2030,0.949,387.12557,90.91365130999682,93.41379248184994,91.95904899999998,86.79364653361992,89.29378770547304,87.83904422362308,benefit_under_all_stream_compositions
high_ambition_2030,0.95,387.5335,91.03105030391846,93.48216909985288,92.05595,86.91104552754156,89.36216432347598,87.9359452236231,benefit_under_all_stream_compositions
high_ambition_2030,0.951,387.94142999999997,91.14844929784009,93.55054571785583,92.15285099999997,87.02844452146319,89.43054094147892,88.03284622362307,benefit_under_all_stream_compositions
high_ambition_2030,0.952,388.34936,91.26584829176173,93.61892233585877,92.24975199999999,87.14584351538483,89.49891755948187,88.12974722362308,benefit_under_all_stream_compositions
high_ambition_2030,0.953,388.75728999999995,91.38324728568334,93.6872989538617,92.34665299999996,87.26324250930644,89.5672941774848,88.22664822362306,benefit_under_all_stream_compositions
high_ambition_2030,0.954,389.16522000000003,91.500646279605,93.75567557186466,92.44355399999998,87.38064150322809,89.63567079548775,88.32354922362308,benefit_under_all_stream_compositions
high_ambition_2030,0.955,389.57315,91.61804527352662,93.8240521898676,92.54045499999998,87.49804049714972,89.7040474134907,88.42045022362308,benefit_under_all_stream_compositions
high_ambition_2030,0.956,389.98108,91.73544426744826,93.89242880787054,92.63735599999998,87.61543949107136,89.77242403149364,88.51735122362308,benefit_under_all_stream_compositions
high_ambition_2030,0.957,390.38901,91.85284326136987,93.96080542587347,92.73425699999997,87.73283848499297,89.84080064949657,88.61425222362307,benefit_under_all_stream_compositions
high_ambition_2030,0.958,390.79694,91.97024225529151,94.02918204387643,92.83115799999997,87.85023747891461,89.90917726749953,88.71115322362307,benefit_under_all_stream_compositions
high_ambition_2030,0.959,391.20486999999997,92.08764124921314,94.09755866187936,92.92805899999998,87.96763647283623,89.97755388550246,88.80805422362307,benefit_under_all_stream_compositions
high_ambition_2030,0.96,391.6128,92.20504024313476,94.1659352798823,93.02495999999996,88.08503546675786,90.0459305035054,88.90495522362306,benefit_under_all_stream_compositions
high_ambition_2030,0.961,392.02072999999996,92.32243923705639,94.23431189788525,93.12186099999997,88.20243446067948,90.11430712150835,89.00185622362307,benefit_under_all_stream_compositions
high_ambition_2030,0.962,392.42866000000004,92.43983823097804,94.30268851588819,93.21876199999998,88.31983345460114,90.18268373951129,89.09875722362308,benefit_under_all_stream_compositions
high_ambition_2030,0.963,392.83659,92.55723722489967,94.37106513389114,93.31566299999999,88.43723244852276,90.25106035751423,89.19565822362308,benefit_under_all_stream_compositions
high_ambition_2030,0.964,393.24452,92.67463621882129,94.43944175189408,93.41256399999997,88.55463144244439,90.31943697551718,89.29255922362307,benefit_under_all_stream_compositions
high_ambition_2030,0.965,393.65245,92.79203521274292,94.50781836989701,93.50946499999998,88.67203043636601,90.38781359352011,89.38946022362308,benefit_under_all_stream_compositions
high_ambition_2030,0.966,394.06038,92.90943420666456,94.57619498789995,93.60636599999998,88.78942943028765,90.45619021152305,89.48636122362308,benefit_under_all_stream_compositions
high_ambition_2030,0.967,394.46831,93.02683320058617,94.6445716059029,93.70326699999998,88.90682842420927,90.524566829526,89.58326222362308,benefit_under_all_stream_compositions
high_ambition_2030,0.968,394.87624,93.14423219450781,94.71294822390584,93.80016799999997,89.0242274181309,90.59294344752894,89.68016322362307,benefit_under_all_stream_compositions
high_ambition_2030,0.969,395.28416999999996,93.26163118842943,94.78132484190877,93.89706899999997,89.14162641205253,90.66132006553187,89.77706422362307,benefit_under_all_stream_compositions
high_ambition_2030,0.97,395.69210000000004,93.37903018235107,94.84970145991173,93.99396999999999,89.25902540597417,90.72969668353483,89.87396522362309,benefit_under_all_stream_compositions
high_ambition_2030,0.971,396.10003,93.4964291762727,94.91807807791467,94.09087099999999,89.3764243998958,90.79807330153777,89.97086622362309,benefit_under_all_stream_compositions
high_ambition_2030,0.972,396.50796,93.61382817019434,94.98645469591762,94.18777199999998,89.49382339381744,90.86644991954071,90.06776722362308,benefit_under_all_stream_compositions
high_ambition_2030,0.973,396.91589,93.73122716411596,95.05483131392054,94.28467299999998,89.61122238773906,90.93482653754364,90.16466822362308,benefit_under_all_stream_compositions
high_ambition_2030,0.974,397.32382,93.84862615803759,95.1232079319235,94.38157399999999,89.72862138166069,91.0032031555466,90.26156922362308,benefit_under_all_stream_compositions
high_ambition_2030,0.975,397.73175,93.96602515195922,95.19158454992643,94.47847499999997,89.84602037558231,91.07157977354953,90.35847022362307,benefit_under_all_stream_compositions
high_ambition_2030,0.976,398.13968,94.08342414588085,95.25996116792938,94.57537599999998,89.96341936950395,91.13995639155247,90.45537122362308,benefit_under_all_stream_compositions
high_ambition_2030,0.977,398.54760999999996,94.20082313980247,95.32833778593232,94.67227699999998,90.08081836342556,91.20833300955542,90.55227222362308,benefit_under_all_stream_compositions
high_ambition_2030,0.978,398.95554,94.3182221337241,95.39671440393526,94.76917799999997,90.1982173573472,91.27670962755836,90.64917322362307,benefit_under_all_stream_compositions
high_ambition_2030,0.979,399.36347,94.43562112764575,95.4650910219382,94.86607899999998,90.31561635126884,91.3450862455613,90.74607422362308,benefit_under_all_stream_compositions
high_ambition_2030,0.98,399.7714,94.55302012156739,95.53346763994115,94.96297999999999,90.43301534519048,91.41346286356425,90.84297522362309,benefit_under_all_stream_compositions
high_ambition_2030,0.981,400.17933,94.670419115489,95.6018442579441,95.05988099999999,90.5504143391121,91.48183948156719,90.93987622362309,benefit_under_all_stream_compositions
high_ambition_2030,0.982,400.58726,94.78781810941064,95.67022087594702,95.15678199999998,90.66781333303373,91.55021609957012,91.03677722362308,benefit_under_all_stream_compositions
high_ambition_2030,0.983,400.99519,94.90521710333226,95.73859749394997,95.25368299999998,90.78521232695536,91.61859271757307,91.13367822362308,benefit_under_all_stream_compositions
high_ambition_2030,0.984,401.40312,95.02261609725389,95.80697411195291,95.35058399999998,90.90261132087699,91.68696933557601,91.23057922362308,benefit_under_all_stream_compositions
high_ambition_2030,0.985,401.81104999999997,95.14001509117551,95.87535072995584,95.44748499999997,91.02001031479861,91.75534595357894,91.32748022362307,benefit_under_all_stream_compositions
high_ambition_2030,0.986,402.21898,95.25741408509715,95.9437273479588,95.54438599999997,91.13740930872025,91.8237225715819,91.42438122362307,benefit_under_all_stream_compositions
high_ambition_2030,0.987,402.62691,95.3748130790188,96.01210396596174,95.64128699999998,91.25480830264189,91.89209918958484,91.52128222362307,benefit_under_all_stream_compositions
high_ambition_2030,0.988,403.03484000000003,95.49221207294042,96.08048058396469,95.738188,91.37220729656352,91.96047580758778,91.61818322362309,benefit_under_all_stream_compositions
high_ambition_2030,0.989,403.44277,95.60961106686204,96.14885720196762,95.83508899999997,91.48960629048514,92.02885242559071,91.71508422362307,benefit_under_all_stream_compositions
high_ambition_2030,0.99,403.8507,95.72701006078368,96.21723381997057,95.93198999999998,91.60700528440678,92.09722904359367,91.81198522362308,benefit_under_all_stream_compositions
high_ambition_2030,0.991,404.25863,95.8444090547053,96.2856104379735,96.02889099999997,91.7244042783284,92.1656056615966,91.90888622362307,benefit_under_all_stream_compositions
high_ambition_2030,0.992,404.66656,95.96180804862693,96.35398705597645,96.12579199999999,91.84180327225003,92.23398227959954,92.00578722362309,benefit_under_all_stream_compositions
high_ambition_2030,0.993,405.07448999999997,96.07920704254856,96.42236367397939,96.22269299999998,91.95920226617166,92.30235889760249,92.10268822362308,benefit_under_all_stream_compositions
high_ambition_2030,0.994,405.48242,96.1966060364702,96.49074029198233,96.31959399999998,92.0766012600933,92.37073551560543,92.19958922362308,benefit_under_all_stream_compositions
high_ambition_2030,0.995,405.89035,96.31400503039183,96.55911690998528,96.41649499999998,92.19400025401492,92.43911213360838,92.29649022362308,benefit_under_all_stream_compositions
high_ambition_2030,0.996,406.29828000000003,96.43140402431347,96.62749352798822,96.513396,92.31139924793656,92.50748875161132,92.3933912236231,benefit_under_all_stream_compositions
high_ambition_2030,0.997,406.70621,96.54880301823509,96.69587014599117,96.61029699999997,92.42879824185819,92.57586536961426,92.49029222362307,benefit_under_all_stream_compositions
high_ambition_2030,0.998,407.11414,96.66620201215673,96.7642467639941,96.70719799999999,92.54619723577983,92.64424198761719,92.58719322362309,benefit_under_all_stream_compositions
high_ambition_2030,0.999,407.52207,96.78360100607834,96.83262338199704,96.80409899999997,92.66359622970144,92.71261860562014,92.68409422362306,benefit_under_all_stream_compositions
high_ambition_2030,1.0,407.93,96.90099999999998,96.90099999999998,96.90099999999998,92.78099522362308,92.78099522362308,92.78099522362308,benefit_under_all_stream_compositions
worst_case_2030,0.0,0.0,0.0,0.0,0.0,-43.2049613812557,-43.2049613812557,-43.2049613812557,no_benefit_under_any_stream_composition
worst_case_2030,0.001,0.40793,0.06765912918315284,0.11192814583851371,0.09341769999999998,-43.137302252072544,-43.09303323541719,-43.1115436812557,no_benefit_under_any_stream_composition
worst_case_2030,0.002,0.81586,0.13531825836630568,0.22385629167702742,0.18683539999999996,-43.069643122889396,-42.98110508957867,-43.0181259812557,no_benefit_under_any_stream_composition
worst_case_2030,0.003,1.22379,0.2029773875494585,0.3357844375155411,0.2802530999999999,-43.00198399370624,-42.86917694374016,-42.9247082812557,no_benefit_under_any_stream_composition
worst_case_2030,0.004,1.63172,0.27063651673261135,0.44771258335405484,0.3736707999999999,-42.93432486452309,-42.757248797901646,-42.8312905812557,no_benefit_under_any_stream_composition
worst_case_2030,0.005,2.03965,0.33829564591576416,0.5596407291925685,0.4670884999999999,-42.866665735339936,-42.645320652063134,-42.7378728812557,no_benefit_under_any_stream_composition
worst_case_2030,0.006,2.44758,0.405954775098917,0.6715688750310822,0.5605061999999998,-42.79900660615678,-42.533392506224615,-42.6444551812557,no_benefit_under_any_stream_composition
worst_case_2030,0.007,2.85551,0.4736139042820699,0.7834970208695959,0.6539238999999999,-42.73134747697363,-42.4214643603861,-42.5510374812557,no_benefit_under_any_stream_composition
worst_case_2030,0.008,3.26344,0.5412730334652227,0.8954251667081097,0.7473415999999998,-42.663688347790476,-42.30953621454759,-42.4576197812557,no_benefit_under_any_stream_composition
worst_case_2030,0.009,3.67137,0.6089321626483756,1.0073533125466234,0.8407592999999999,-42.59602921860733,-42.19760806870907,-42.3642020812557,no_benefit_under_any_stream_composition
worst_case_2030,0.01,4.0793,0.6765912918315283,1.119281458385137,0.9341769999999998,-42.52837008942417,-42.08567992287056,-42.2707843812557,no_benefit_under_any_stream_composition
worst_case_2030,0.011,4.48723,0.7442504210146812,1.2312096042236509,1.0275946999999999,-42.460710960241016,-41.97375177703205,-42.1773666812557,no_benefit_under_any_stream_composition
worst_case_2030,0.012,4.89516,0.811909550197834,1.3431377500621644,1.1210123999999997,-42.39305183105787,-41.86182363119354,-42.0839489812557,no_benefit_under_any_stream_composition
worst_case_2030,0.013,5.30309,0.8795686793809869,1.4550658959006781,1.2144300999999997,-42.32539270187471,-41.74989548535502,-41.9905312812557,no_benefit_under_any_stream_composition
worst_case_2030,0.014,5.71102,0.9472278085641398,1.5669940417391919,1.3078477999999998,-42.25773357269156,-41.63796733951651,-41.8971135812557,no_benefit_under_any_stream_composition
worst_case_2030,0.015,6.11895,1.0148869377472924,1.6789221875777056,1.4012654999999996,-42.19007444350841,-41.526039193677995,-41.8036958812557,no_benefit_under_any_stream_composition
worst_case_2030,0.016,6.52688,1.0825460669304454,1.7908503334162194,1.4946831999999997,-42.12241531432525,-41.414111047839484,-41.7102781812557,no_benefit_under_any_stream_composition
worst_case_2030,0.017,6.934810000000001,1.1502051961135984,1.902778479254733,1.5881009,-42.054756185142104,-41.302182902000965,-41.6168604812557,no_benefit_under_any_stream_composition
worst_case_2030,0.018,7.34274,1.2178643252967511,2.014706625093247,1.6815185999999998,-41.98709705595895,-41.19025475616245,-41.5234427812557,no_benefit_under_any_stream_composition
worst_case_2030,0.019,7.75067,1.285523454479904,2.1266347709317603,1.7749362999999996,-41.9194379267758,-41.07832661032394,-41.4300250812557,no_benefit_under_any_stream_composition
worst_case_2030,0.02,8.1586,1.3531825836630567,2.238562916770274,1.8683539999999996,-41.851778797592644,-40.96639846448542,-41.3366073812557,no_benefit_under_any_stream_composition
worst_case_2030,0.021,8.56653,1.4208417128462096,2.350491062608788,1.9617716999999997,-41.78411966840949,-40.85447031864691,-41.2431896812557,no_benefit_under_any_stream_composition
worst_case_2030,0.022,8.97446,1.4885008420293624,2.4624192084473018,2.0551893999999997,-41.71646053922634,-40.7425421728084,-41.1497719812557,no_benefit_under_any_stream_composition
worst_case_2030,0.023,9.38239,1.5561599712125151,2.574347354285815,2.1486070999999995,-41.648801410043184,-40.63061402696989,-41.0563542812557,no_benefit_under_any_stream_composition
worst_case_2030,0.024,9.79032,1.623819100395668,2.686275500124329,2.2420247999999994,-41.581142280860035,-40.51868588113137,-40.962936581255704,no_benefit_under_any_stream_composition
worst_case_2030,0.025,10.19825,1.6914782295788209,2.7982036459628428,2.3354424999999996,-41.51348315167688,-40.40675773529286,-40.8695188812557,no_benefit_under_any_stream_composition
worst_case_2030,0.026,10.60618,1.7591373587619739,2.9101317918013563,2.4288601999999995,-41.445824022493724,-40.294829589454345,-40.7761011812557,no_benefit_under_any_stream_composition
worst_case_2030,0.027,11.01411,1.8267964879451266,3.0220599376398702,2.5222778999999997,-41.378164893310576,-40.18290144361583,-40.6826834812557,no_benefit_under_any_stream_composition
worst_case_2030,0.028,11.42204,1.8944556171282796,3.1339880834783838,2.6156955999999996,-41.31050576412742,-40.070973297777314,-40.5892657812557,no_benefit_under_any_stream_composition
worst_case_2030,0.029,11.82997,1.9621147463114321,3.2459162293168973,2.709113299999999,-41.242846634944264,-39.9590451519388,-40.4958480812557,no_benefit_under_any_stream_composition
worst_case_2030,0.03,12.2379,2.029773875494585,3.3578443751554112,2.802530999999999,-41.175187505761116,-39.84711700610029,-40.4024303812557,no_benefit_under_any_stream_composition
worst_case_2030,0.031,12.64583,2.097433004677738,3.4697725209939247,2.8959486999999995,-41.10752837657796,-39.73518886026177,-40.3090126812557,no_benefit_under_any_stream_composition
worst_case_2030,0.032,13.05376,2.165092133860891,3.5817006668324387,2.9893663999999993,-41.03986924739481,-39.62326071442326,-40.2155949812557,no_benefit_under_any_stream_composition
worst_case_2030,0.033,13.46169,2.232751263044044,3.6936288126709527,3.0827840999999996,-40.972210118211656,-39.51133256858475,-40.1221772812557,no_benefit_under_any_stream_composition
worst_case_2030,0.034,13.869620000000001,2.300410392227197,3.805556958509466,3.1762018,-40.9045509890285,-39.39940442274624,-40.0287595812557,no_benefit_under_any_stream_composition
worst_case_2030,0.035,14.277550000000002,2.3680695214103493,3.91748510434798,3.2696194999999992,-40.83689185984535,-39.28747627690772,-39.9353418812557,no_benefit_under_any_stream_composition
worst_case_2030,0.036,14.68548,2.4357286505935023,4.029413250186494,3.3630371999999995,-40.769232730662196,-39.175548131069206,-39.8419241812557,no_benefit_under_any_stream_composition
worst_case_2030,0.037,15.09341,2.503387779776655,4.141341396025007,3.4564548999999993,-40.70157360147905,-39.063619985230694,-39.7485064812557,no_benefit_under_any_stream_composition
worst_case_2030,0.038,15.50134,2.571046908959808,4.253269541863521,3.549872599999999,-40.63391447229589,-38.95169183939218,-39.6550887812557,no_benefit_under_any_stream_composition
worst_case_2030,0.039,15.909270000000001,2.638706038142961,4.365197687702035,3.6432902999999994,-40.566255343112736,-38.839763693553664,-39.5616710812557,no_benefit_under_any_stream_composition
worst_case_2030,0.04,16.3172,2.7063651673261133,4.477125833540548,3.7367079999999993,-40.49859621392959,-38.72783554771515,-39.4682533812557,no_benefit_under_any_stream_composition
worst_case_2030,0.041,16.72513,2.7740242965092663,4.589053979379062,3.830125699999999,-40.43093708474643,-38.61590740187664,-39.3748356812557,no_benefit_under_any_stream_composition
worst_case_2030,0.042,17.13306,2.8416834256924193,4.700982125217576,3.9235433999999993,-40.363277955563284,-38.50397925603812,-39.2814179812557,no_benefit_under_any_stream_composition
worst_case_2030,0.043,17.54099,2.9093425548755723,4.812910271056089,4.0169611,-40.29561882638013,-38.39205111019961,-39.1880002812557,no_benefit_under_any_stream_composition
worst_case_2030,0.044,17.94892,2.977001684058725,4.9248384168946036,4.110378799999999,-40.22795969719697,-38.2801229643611,-39.0945825812557,no_benefit_under_any_stream_composition
worst_case_2030,0.045,18.356849999999998,3.0446608132418773,5.036766562733116,4.203796499999998,-40.160300568013824,-38.168194818522586,-39.001164881255704,no_benefit_under_any_stream_composition
worst_case_2030,0.046,18.76478,3.1123199424250303,5.14869470857163,4.297214199999999,-40.09264143883067,-38.05626667268407,-38.9077471812557,no_benefit_under_any_stream_composition
worst_case_2030,0.047,19.17271,3.179979071608183,5.260622854410144,4.390631899999999,-40.02498230964752,-37.944338526845556,-38.8143294812557,no_benefit_under_any_stream_composition
worst_case_2030,0.048,19.58064,3.247638200791336,5.372551000248658,4.484049599999999,-39.957323180464364,-37.832410381007044,-38.7209117812557,no_benefit_under_any_stream_composition
worst_case_2030,0.049,19.98857,3.315297329974489,5.484479146087171,4.577467299999999,-39.88966405128121,-37.72048223516853,-38.627494081255705,no_benefit_under_any_stream_composition
worst_case_2030,0.05,20.3965,3.3829564591576418,5.5964072919256855,4.670884999999999,-39.82200492209806,-37.60855408933001,-38.5340763812557,no_benefit_under_any_stream_composition
worst_case_2030,0.051,20.80443,3.4506155883407947,5.708335437764199,4.764302699999999,-39.754345792914904,-37.4966259434915,-38.4406586812557,no_benefit_under_any_stream_composition
worst_case_2030,0.052,21.21236,3.5182747175239477,5.820263583602713,4.857720399999999,-39.68668666373175,-37.38469779765299,-38.3472409812557,no_benefit_under_any_stream_composition
worst_case_2030,0.053,21.62029,3.5859338467071002,5.932191729441227,4.951138099999999,-39.6190275345486,-37.27276965181447,-38.2538232812557,no_benefit_under_any_stream_composition
worst_case_2030,0.054,22.02822,3.6535929758902532,6.0441198752797405,5.0445557999999995,-39.551368405365444,-37.16084150597596,-38.1604055812557,no_benefit_under_any_stream_composition
worst_case_2030,0.055,22.43615,3.721252105073406,6.156048021118254,5.137973499999998,-39.483709276182296,-37.04891336013745,-38.0669878812557,no_benefit_under_any_stream_composition
worst_case_2030,0.056,22.84408,3.788911234256559,6.2679761669567675,5.231391199999999,-39.41605014699914,-36.93698521429893,-37.9735701812557,no_benefit_under_any_stream_composition
worst_case_2030,0.057,23.252010000000002,3.856570363439712,6.379904312795282,5.324808899999999,-39.348391017815985,-36.82505706846042,-37.8801524812557,no_benefit_under_any_stream_composition
worst_case_2030,0.058,23.65994,3.9242294926228642,6.4918324586337945,5.418226599999998,-39.280731888632836,-36.713128922621905,-37.7867347812557,no_benefit_under_any_stream_composition
worst_case_2030,0.059,24.06787,3.9918886218060172,6.603760604472308,5.511644299999999,-39.21307275944968,-36.601200776783394,-37.6933170812557,no_benefit_under_any_stream_composition
worst_case_2030,0.06,24.4758,4.05954775098917,6.7156887503108225,5.605061999999998,-39.14541363026653,-36.489272630944875,-37.5998993812557,no_benefit_under_any_stream_composition
worst_case_2030,0.061,24.88373,4.127206880172323,6.827616896149336,5.698479699999998,-39.077754501083376,-36.37734448510636,-37.5064816812557,no_benefit_under_any_stream_composition
worst_case_2030,0.062,25.29166,4.194866009355476,6.9395450419878495,5.791897399999999,-39.01009537190022,-36.26541633926785,-37.4130639812557,no_benefit_under_any_stream_composition
worst_case_2030,0.063,25.69959,4.262525138538629,7.051473187826364,5.885315099999999,-38.94243624271707,-36.15348819342934,-37.3196462812557,no_benefit_under_any_stream_composition
worst_case_2030,0.064,26.10752,4.330184267721782,7.163401333664877,5.978732799999999,-38.874777113533916,-36.04156004759082,-37.226228581255704,no_benefit_under_any_stream_composition
worst_case_2030,0.065,26.51545,4.397843396904935,7.275329479503391,6.072150499999999,-38.80711798435077,-35.92963190175231,-37.1328108812557,no_benefit_under_any_stream_composition
worst_case_2030,0.066,26.92338,4.465502526088088,7.387257625341905,6.165568199999999,-38.73945885516761,-35.8177037559138,-37.039393181255704,no_benefit_under_any_stream_composition
worst_case_2030,0.067,27.331310000000002,4.533161655271241,7.499185771180419,6.2589859,-38.67179972598446,-35.70577561007528,-36.9459754812557,no_benefit_under_any_stream_composition
worst_case_2030,0.068,27.739240000000002,4.600820784454394,7.611113917018932,6.3524036,-38.60414059680131,-35.59384746423677,-36.8525577812557,no_benefit_under_any_stream_composition
worst_case_2030,0.069,28.147170000000003,4.6684799136375466,7.723042062857447,6.4458212999999995,-38.53648146761815,-35.481919318398255,-36.7591400812557,no_benefit_under_any_stream_composition
worst_case_2030,0.07,28.555100000000003,4.736139042820699,7.83497020869596,6.5392389999999985,-38.468822338435004,-35.369991172559736,-36.665722381255705,no_benefit_under_any_stream_composition
worst_case_2030,0.071,28.96303,4.803798172003852,7.946898354534473,6.632656699999999,-38.40116320925185,-35.258063026721224,-36.5723046812557,no_benefit_under_any_stream_composition
worst_case_2030,0.072,29.37096,4.871457301187005,8.058826500372987,6.726074399999999,-38.33350408006869,-35.14613488088271,-36.4788869812557,no_benefit_under_any_stream_composition
worst_case_2030,0.073,29.77889,4.939116430370157,8.1707546462115,6.819492099999998,-38.265844950885544,-35.0342067350442,-36.3854692812557,no_benefit_under_any_stream_composition
worst_case_2030,0.074,30.18682,5.00677555955331,8.282682792050014,6.912909799999999,-38.19818582170239,-34.92227858920569,-36.2920515812557,no_benefit_under_any_stream_composition
worst_case_2030,0.075,30.59475,5.074434688736463,8.394610937888528,7.0063274999999985,-38.13052669251924,-34.81035044336717,-36.1986338812557,no_benefit_under_any_stream_composition
worst_case_2030,0.076,31.00268,5.142093817919616,8.506539083727041,7.099745199999998,-38.062867563336084,-34.69842229752866,-36.1052161812557,no_benefit_under_any_stream_composition
worst_case_2030,0.077,31.410610000000002,5.209752947102769,8.618467229565557,7.193162899999999,-37.99520843415293,-34.58649415169015,-36.0117984812557,no_benefit_under_any_stream_composition
worst_case_2030,0.078,31.818540000000002,5.277412076285922,8.73039537540407,7.286580599999999,-37.92754930496978,-34.47456600585163,-35.9183807812557,no_benefit_under_any_stream_composition
worst_case_2030,0.079,32.22647,5.345071205469074,8.842323521242582,7.379998299999998,-37.859890175786624,-34.362637860013116,-35.8249630812557,no_benefit_under_any_stream_composition
worst_case_2030,0.08,32.6344,5.412730334652227,8.954251667081095,7.4734159999999985,-37.792231046603476,-34.250709714174604,-35.7315453812557,no_benefit_under_any_stream_composition
worst_case_2030,0.081,33.04233,5.48038946383538,9.06617981291961,7.566833699999998,-37.72457191742032,-34.138781568336086,-35.6381276812557,no_benefit_under_any_stream_composition
worst_case_2030,0.082,33.45026,5.548048593018533,9.178107958758124,7.660251399999998,-37.656912788237165,-34.026853422497574,-35.5447099812557,no_benefit_under_any_stream_composition
worst_case_2030,0.083,33.85819,5.615707722201686,9.290036104596638,7.753669099999999,-37.589253659054016,-33.91492527665906,-35.451292281255704,no_benefit_under_any_stream_composition
worst_case_2030,0.084,34.26612,5.6833668513848385,9.401964250435151,7.847086799999999,-37.52159452987086,-33.80299713082055,-35.3578745812557,no_benefit_under_any_stream_composition
worst_case_2030,0.085,34.67405,5.7510259805679915,9.513892396273665,7.940504499999999,-37.45393540068771,-33.69106898498204,-35.2644568812557,no_benefit_under_any_stream_composition
worst_case_2030,0.086,35.08198,5.8186851097511445,9.625820542112178,8.0339222,-37.386276271504556,-33.57914083914352,-35.1710391812557,no_benefit_under_any_stream_composition
worst_case_2030,0.087,35.48991,5.886344238934297,9.737748687950694,8.127339899999999,-37.3186171423214,-33.46721269330501,-35.077621481255704,no_benefit_under_any_stream_composition
worst_case_2030,0.088,35.89784,5.95400336811745,9.849676833789207,8.220757599999999,-37.25095801313825,-33.355284547466496,-34.9842037812557,no_benefit_under_any_stream_composition
worst_case_2030,0.089,36.30577,6.0216624973006025,9.96160497962772,8.314175299999999,-37.183298883955096,-33.24335640162798,-34.8907860812557,no_benefit_under_any_stream_composition
worst_case_2030,0.09,36.713699999999996,6.089321626483755,10.073533125466232,8.407592999999997,-37.11563975477195,-33.131428255789466,-34.7973683812557,no_benefit_under_any_stream_composition
worst_case_2030,0.091,37.121629999999996,6.156980755666908,10.185461271304746,8.501010699999998,-37.04798062558879,-33.019500109950954,-34.703950681255705,no_benefit_under_any_stream_composition
worst_case_2030,0.092,37.52956,6.224639884850061,10.29738941714326,8.594428399999998,-36.98032149640564,-32.90757196411244,-34.6105329812557,no_benefit_under_any_stream_composition
worst_case_2030,0.093,37.93749,6.292299014033214,10.409317562981773,8.687846099999996,-36.91266236722249,-32.79564381827393,-34.517115281255705,no_benefit_under_any_stream_composition
worst_case_2030,0.094,38.34542,6.359958143216366,10.521245708820288,8.781263799999998,-36.84500323803933,-32.68371567243541,-34.4236975812557,no_benefit_under_any_stream_composition
worst_case_2030,0.095,38.75335,6.427617272399519,10.633173854658802,8.874681499999998,-36.777344108856184,-32.5717875265969,-34.330279881255706,no_benefit_under_any_stream_composition
worst_case_2030,0.096,39.16128,6.495276401582672,10.745102000497315,8.968099199999997,-36.70968497967303,-32.45985938075839,-34.2368621812557,no_benefit_under_any_stream_composition
worst_case_2030,0.097,39.56921,6.562935530765825,10.857030146335829,9.061516899999997,-36.64202585048987,-32.34793123491987,-34.1434444812557,no_benefit_under_any_stream_composition
worst_case_2030,0.098,39.97714,6.630594659948978,10.968958292174342,9.154934599999997,-36.574366721306724,-32.23600308908136,-34.0500267812557,no_benefit_under_any_stream_composition
worst_case_2030,0.099,40.38507,6.6982537891321305,11.080886438012856,9.248352299999999,-36.50670759212357,-32.124074943242846,-33.9566090812557,no_benefit_under_any_stream_composition
worst_case_2030,0.1,40.793,6.7659129183152835,11.192814583851371,9.341769999999999,-36.43904846294042,-32.01214679740433,-33.8631913812557,no_benefit_under_any_stream_composition
worst_case_2030,0.101,41.20093,6.8335720474984365,11.304742729689885,9.435187699999998,-36.371389333757264,-31.900218651565815,-33.7697736812557,no_benefit_under_any_stream_composition
worst_case_2030,0.102,41.60886,6.9012311766815895,11.416670875528398,9.528605399999998,-36.30373020457411,-31.788290505727304,-33.6763559812557,no_benefit_under_any_stream_composition
worst_case_2030,0.103,42.01679,6.9688903058647425,11.528599021366912,9.622023099999998,-36.23607107539096,-31.67636235988879,-33.5829382812557,no_benefit_under_any_stream_composition
worst_case_2030,0.104,42.42472,7.036549435047895,11.640527167205425,9.715440799999998,-36.168411946207804,-31.564434214050273,-33.489520581255704,no_benefit_under_any_stream_composition
worst_case_2030,0.105,42.83265,7.1042085642310475,11.752455313043939,9.808858499999998,-36.100752817024656,-31.45250606821176,-33.3961028812557,no_benefit_under_any_stream_composition
worst_case_2030,0.106,43.24058,7.1718676934142005,11.864383458882454,9.902276199999998,-36.0330936878415,-31.340577922373246,-33.302685181255704,no_benefit_under_any_stream_composition
worst_case_2030,0.107,43.64851,7.2395268225973535,11.976311604720967,9.995693899999997,-35.965434558658345,-31.22864977653473,-33.2092674812557,no_benefit_under_any_stream_composition
worst_case_2030,0.108,44.05644,7.3071859517805064,12.088239750559481,10.089111599999999,-35.897775429475196,-31.11672163069622,-33.115849781255704,no_benefit_under_any_stream_composition
worst_case_2030,0.109,44.46437,7.374845080963659,12.200167896397994,10.182529299999999,-35.83011630029204,-31.004793484857707,-33.0224320812557,no_benefit_under_any_stream_composition
worst_case_2030,0.11,44.8723,7.442504210146812,12.312096042236508,10.275946999999997,-35.762457171108885,-30.892865339019192,-32.929014381255705,no_benefit_under_any_stream_composition
worst_case_2030,0.111,45.28023,7.510163339329965,12.424024188075022,10.369364699999998,-35.694798041925736,-30.780937193180677,-32.8355966812557,no_benefit_under_any_stream_composition
worst_case_2030,0.112,45.68816,7.577822468513118,12.535952333913535,10.462782399999998,-35.62713891274258,-30.669009047342165,-32.742178981255705,no_benefit_under_any_stream_composition
worst_case_2030,0.113,46.096090000000004,7.645481597696271,12.64788047975205,10.5562001,-35.559479783559425,-30.55708090150365,-32.6487612812557,no_benefit_under_any_stream_composition
worst_case_2030,0.114,46.504020000000004,7.713140726879424,12.759808625590564,10.649617799999998,-35.491820654376276,-30.445152755665134,-32.5553435812557,no_benefit_under_any_stream_composition
worst_case_2030,0.115,46.911950000000004,7.780799856062577,12.871736771429077,10.7430355,-35.42416152519312,-30.333224609826622,-32.4619258812557,no_benefit_under_any_stream_composition
worst_case_2030,0.116,47.31988,7.8484589852457285,12.983664917267589,10.836453199999996,-35.35650239600997,-30.22129646398811,-32.368508181255706,no_benefit_under_any_stream_composition
worst_case_2030,0.117,47.72781,7.9161181144288815,13.095593063106103,10.929870899999997,-35.28884326682682,-30.1093683181496,-32.2750904812557,no_benefit_under_any_stream_composition
worst_case_2030,0.118,48.13574,7.9837772436120344,13.207521208944616,11.023288599999997,-35.22118413764367,-29.997440172311084,-32.1816727812557,no_benefit_under_any_stream_composition
worst_case_2030,0.119,48.54367,8.051436372795187,13.319449354783131,11.116706299999997,-35.15352500846051,-29.88551202647257,-32.0882550812557,no_benefit_under_any_stream_composition
worst_case_2030,0.12,48.9516,8.11909550197834,13.431377500621645,11.210123999999997,-35.085865879277364,-29.773583880634057,-31.994837381255703,no_benefit_under_any_stream_composition
worst_case_2030,0.121,49.35953,8.186754631161493,13.543305646460158,11.303541699999998,-35.01820675009421,-29.66165573479554,-31.901419681255703,no_benefit_under_any_stream_composition
worst_case_2030,0.122,49.76746,8.254413760344645,13.655233792298672,11.396959399999997,-34.95054762091105,-29.549727588957026,-31.808001981255703,no_benefit_under_any_stream_composition
worst_case_2030,0.123,50.17539,8.3220728895278,13.767161938137185,11.490377099999998,-34.8828884917279,-29.437799443118514,-31.714584281255704,no_benefit_under_any_stream_composition
worst_case_2030,0.124,50.58332,8.389732018710951,13.879090083975699,11.583794799999998,-34.81522936254475,-29.325871297280003,-31.6211665812557,no_benefit_under_any_stream_composition
worst_case_2030,0.125,50.99125,8.457391147894105,13.991018229814213,11.6772125,-34.74757023336159,-29.213943151441487,-31.5277488812557,no_benefit_under_any_stream_composition
worst_case_2030,0.126,51.39918,8.525050277077257,14.102946375652728,11.770630199999998,-34.679911104178444,-29.102015005602972,-31.4343311812557,no_benefit_under_any_stream_composition
worst_case_2030,0.127,51.80711,8.592709406260411,14.214874521491241,11.8640479,-34.61225197499529,-28.99008685976446,-31.3409134812557,no_benefit_under_any_stream_composition
worst_case_2030,0.128,52.21504,8.660368535443563,14.326802667329755,11.957465599999997,-34.54459284581213,-28.878158713925945,-31.2474957812557,no_benefit_under_any_stream_composition
worst_case_2030,0.129,52.62297,8.728027664626715,14.438730813168268,12.050883299999997,-34.476933716628984,-28.76623056808743,-31.154078081255705,no_benefit_under_any_stream_composition
worst_case_2030,0.13,53.0309,8.79568679380987,14.550658959006782,12.144300999999999,-34.40927458744583,-28.654302422248918,-31.0606603812557,no_benefit_under_any_stream_composition
worst_case_2030,0.131,53.43883,8.863345922993021,14.662587104845295,12.237718699999997,-34.34161545826268,-28.542374276410406,-30.967242681255705,no_benefit_under_any_stream_composition
worst_case_2030,0.132,53.84676,8.931005052176175,14.77451525068381,12.331136399999998,-34.273956329079525,-28.430446130571887,-30.8738249812557,no_benefit_under_any_stream_composition
worst_case_2030,0.133,54.254690000000004,8.998664181359327,14.886443396522324,12.424554099999998,-34.20629719989637,-28.318517984733376,-30.7804072812557,no_benefit_under_any_stream_composition
worst_case_2030,0.134,54.662620000000004,9.066323310542481,14.998371542360838,12.5179718,-34.13863807071322,-28.206589838894864,-30.686989581255702,no_benefit_under_any_stream_composition
worst_case_2030,0.135,55.070550000000004,9.133982439725633,15.110299688199351,12.611389499999998,-34.070978941530065,-28.09466169305635,-30.593571881255702,no_benefit_under_any_stream_composition
worst_case_2030,0.136,55.478480000000005,9.201641568908787,15.222227834037865,12.7048072,-34.003319812346916,-27.982733547217833,-30.500154181255702,no_benefit_under_any_stream_composition
worst_case_2030,0.137,55.886410000000005,9.26930069809194,15.334155979876378,12.7982249,-33.93566068316376,-27.87080540137932,-30.4067364812557,no_benefit_under_any_stream_composition
worst_case_2030,0.138,56.294340000000005,9.336959827275093,15.446084125714894,12.891642599999999,-33.868001553980605,-27.758877255540806,-30.313318781255703,no_benefit_under_any_stream_composition
worst_case_2030,0.139,56.702270000000006,9.404618956458245,15.558012271553407,12.985060299999999,-33.800342424797456,-27.64694910970229,-30.2199010812557,no_benefit_under_any_stream_composition
worst_case_2030,0.14,57.110200000000006,9.472278085641397,15.66994041739192,13.078477999999997,-33.7326832956143,-27.53502096386378,-30.126483381255703,no_benefit_under_any_stream_composition
worst_case_2030,0.141,57.51813,9.53993721482455,15.781868563230432,13.171895699999997,-33.66502416643115,-27.423092818025268,-30.033065681255703,no_benefit_under_any_stream_composition
worst_case_2030,0.142,57.92606,9.607596344007703,15.893796709068946,13.265313399999998,-33.597365037248,-27.311164672186756,-29.939647981255703,no_benefit_under_any_stream_composition
worst_case_2030,0.143,58.33399,9.675255473190855,16.00572485490746,13.358731099999996,-33.52970590806484,-27.19923652634824,-29.846230281255703,no_benefit_under_any_stream_composition
worst_case_2030,0.144,58.74192,9.74291460237401,16.117653000745975,13.452148799999998,-33.46204677888169,-27.087308380509725,-29.752812581255704,no_benefit_under_any_stream_composition
worst_case_2030,0.145,59.14985,9.810573731557161,16.229581146584486,13.545566499999998,-33.39438764969854,-26.975380234671213,-29.6593948812557,no_benefit_under_any_stream_composition
worst_case_2030,0.146,59.55778,9.878232860740313,16.341509292423,13.638984199999996,-33.32672852051539,-26.863452088832698,-29.565977181255704,no_benefit_under_any_stream_composition
worst_case_2030,0.147,59.96571,9.945891989923467,16.453437438261513,13.732401899999997,-33.25906939133223,-26.751523942994186,-29.4725594812557,no_benefit_under_any_stream_composition
worst_case_2030,0.148,60.37364,10.01355111910662,16.56536558410003,13.825819599999997,-33.19141026214908,-26.63959579715567,-29.379141781255704,no_benefit_under_any_stream_composition
worst_case_2030,0.149,60.78157,10.081210248289773,16.677293729938544,13.919237299999997,-33.12375113296593,-26.527667651317156,-29.2857240812557,no_benefit_under_any_stream_composition
worst_case_2030,0.15,61.1895,10.148869377472925,16.789221875777056,14.012654999999997,-33.05609200378277,-26.415739505478644,-29.192306381255705,no_benefit_under_any_stream_composition
worst_case_2030,0.151,61.59743,10.21652850665608,16.90115002161557,14.106072699999999,-32.988432874599624,-26.30381135964013,-29.0988886812557,no_benefit_under_any_stream_composition
worst_case_2030,0.152,62.00536,10.284187635839231,17.013078167454083,14.199490399999997,-32.92077374541647,-26.191883213801617,-29.005470981255705,no_benefit_under_any_stream_composition
worst_case_2030,0.153,62.41329,10.351846765022385,17.125006313292598,14.292908099999998,-32.85311461623331,-26.079955067963102,-28.9120532812557,no_benefit_under_any_stream_composition
worst_case_2030,0.154,62.821220000000004,10.419505894205537,17.236934459131113,14.386325799999998,-32.785455487050164,-25.968026922124587,-28.818635581255702,no_benefit_under_any_stream_composition
worst_case_2030,0.155,63.229150000000004,10.487165023388691,17.348862604969625,14.4797435,-32.71779635786701,-25.856098776286075,-28.725217881255702,no_benefit_under_any_stream_composition
worst_case_2030,0.156,63.637080000000005,10.554824152571843,17.46079075080814,14.573161199999998,-32.65013722868386,-25.74417063044756,-28.631800181255702,no_benefit_under_any_stream_composition
worst_case_2030,0.157,64.04501,10.622483281754995,17.572718896646652,14.666578899999998,-32.582478099500705,-25.632242484609048,-28.538382481255702,no_benefit_under_any_stream_composition
worst_case_2030,0.158,64.45294,10.690142410938147,17.684647042485164,14.759996599999996,-32.51481897031755,-25.520314338770536,-28.444964781255706,no_benefit_under_any_stream_composition
worst_case_2030,0.159,64.86087,10.757801540121301,17.79657518832368,14.853414299999997,-32.4471598411344,-25.40838619293202,-28.351547081255703,no_benefit_under_any_stream_composition
worst_case_2030,0.16,65.2688,10.825460669304453,17.90850333416219,14.946831999999997,-32.379500711951245,-25.29645804709351,-28.258129381255703,no_benefit_under_any_stream_composition
worst_case_2030,0.161,65.67672999999999,10.893119798487605,18.020431480000703,15.040249699999995,-32.311841582768096,-25.184529901254997,-28.164711681255703,no_benefit_under_any_stream_composition
worst_case_2030,0.162,66.08466,10.96077892767076,18.13235962583922,15.133667399999997,-32.24418245358494,-25.07260175541648,-28.071293981255703,no_benefit_under_any_stream_composition
worst_case_2030,0.163,66.49258999999999,11.028438056853911,18.244287771677733,15.227085099999996,-32.176523324401785,-24.960673609577967,-27.977876281255703,no_benefit_under_any_stream_composition
worst_case_2030,0.164,66.90052,11.096097186037065,18.35621591751625,15.320502799999996,-32.108864195218636,-24.84874546373945,-27.884458581255704,no_benefit_under_any_stream_composition
worst_case_2030,0.165,67.30845,11.163756315220217,18.46814406335476,15.413920499999996,-32.04120506603548,-24.73681731790094,-27.791040881255704,no_benefit_under_any_stream_composition
worst_case_2030,0.166,67.71638,11.231415444403371,18.580072209193276,15.507338199999998,-31.97354593685233,-24.624889172062424,-27.6976231812557,no_benefit_under_any_stream_composition
worst_case_2030,0.167,68.12431,11.299074573586523,18.692000355031787,15.600755899999996,-31.905886807669177,-24.512961026223913,-27.604205481255704,no_benefit_under_any_stream_composition
worst_case_2030,0.168,68.53224,11.366733702769677,18.803928500870303,15.694173599999997,-31.83822767848602,-24.401032880385397,-27.5107877812557,no_benefit_under_any_stream_composition
worst_case_2030,0.169,68.94017,11.43439283195283,18.915856646708814,15.787591299999994,-31.770568549302872,-24.289104734546886,-27.417370081255704,no_benefit_under_any_stream_composition
worst_case_2030,0.17,69.3481,11.502051961135983,19.02778479254733,15.881008999999999,-31.702909420119717,-24.17717658870837,-27.3239523812557,no_benefit_under_any_stream_composition
worst_case_2030,0.171,69.75603,11.569711090319133,19.13971293838584,15.974426699999995,-31.63525029093657,-24.06524844286986,-27.230534681255705,no_benefit_under_any_stream_composition
worst_case_2030,0.172,70.16396,11.637370219502289,19.251641084224357,16.0678444,-31.567591161753413,-23.953320297031343,-27.1371169812557,no_benefit_under_any_stream_composition
worst_case_2030,0.173,70.57189,11.70502934868544,19.36356923006287,16.161262099999995,-31.49993203257026,-23.84139215119283,-27.043699281255705,no_benefit_under_any_stream_composition
worst_case_2030,0.174,70.97982,11.772688477868593,19.475497375901387,16.254679799999998,-31.43227290338711,-23.729464005354313,-26.9502815812557,no_benefit_under_any_stream_composition
worst_case_2030,0.175,71.38775,11.840347607051745,19.5874255217399,16.348097499999994,-31.364613774203953,-23.6175358595158,-26.856863881255705,no_benefit_under_any_stream_composition
worst_case_2030,0.176,71.79568,11.9080067362349,19.699353667578414,16.441515199999998,-31.2969546450208,-23.505607713677286,-26.763446181255702,no_benefit_under_any_stream_composition
worst_case_2030,0.177,72.20361,11.975665865418051,19.811281813416926,16.534932899999994,-31.22929551583765,-23.393679567838774,-26.670028481255706,no_benefit_under_any_stream_composition
worst_case_2030,0.178,72.61154,12.043324994601205,19.92320995925544,16.628350599999997,-31.161636386654493,-23.28175142200026,-26.576610781255702,no_benefit_under_any_stream_composition
worst_case_2030,0.179,73.01947,12.110984123784357,20.035138105093953,16.721768299999997,-31.093977257471344,-23.169823276161747,-26.483193081255703,no_benefit_under_any_stream_composition
worst_case_2030,0.18,73.42739999999999,12.17864325296751,20.147066250932465,16.815185999999994,-31.02631812828819,-23.057895130323235,-26.389775381255706,no_benefit_under_any_stream_composition
worst_case_2030,0.181,73.83533,12.246302382150663,20.25899439677098,16.908603699999997,-30.958658999105037,-22.94596698448472,-26.296357681255703,no_benefit_under_any_stream_composition
worst_case_2030,0.182,74.24325999999999,12.313961511333815,20.37092254260949,17.002021399999997,-30.890999869921885,-22.834038838646208,-26.202939981255703,no_benefit_under_any_stream_composition
worst_case_2030,0.183,74.65119,12.381620640516969,20.482850688448007,17.095439099999997,-30.82334074073873,-22.722110692807693,-26.109522281255703,no_benefit_under_any_stream_composition
worst_case_2030,0.184,75.05912,12.449279769700121,20.59477883428652,17.188856799999996,-30.75568161155558,-22.61018254696918,-26.016104581255703,no_benefit_under_any_stream_composition
worst_case_2030,0.185,75.46705,12.516938898883275,20.706706980125034,17.282274499999996,-30.688022482372425,-22.498254401130666,-25.922686881255704,no_benefit_under_any_stream_composition
worst_case_2030,0.186,75.87498,12.584598028066427,20.818635125963546,17.375692199999992,-30.620363353189273,-22.386326255292154,-25.829269181255707,no_benefit_under_any_stream_composition
worst_case_2030,0.187,76.28291,12.652257157249581,20.930563271802065,17.469109899999996,-30.55270422400612,-22.274398109453635,-25.735851481255704,no_benefit_under_any_stream_composition
worst_case_2030,0.188,76.69084,12.719916286432731,21.042491417640576,17.562527599999996,-30.48504509482297,-22.162469963615123,-25.642433781255704,no_benefit_under_any_stream_composition
worst_case_2030,0.189,77.09877,12.787575415615887,21.15441956347909,17.6559453,-30.417385965639813,-22.050541817776608,-25.5490160812557,no_benefit_under_any_stream_composition
worst_case_2030,0.19,77.5067,12.855234544799037,21.266347709317603,17.749362999999995,-30.34972683645666,-21.938613671938096,-25.455598381255705,no_benefit_under_any_stream_composition
worst_case_2030,0.191,77.91463,12.922893673982193,21.37827585515612,17.842780699999995,-30.282067707273505,-21.82668552609958,-25.362180681255705,no_benefit_under_any_stream_composition
worst_case_2030,0.192,78.32256,12.990552803165343,21.49020400099463,17.936198399999995,-30.214408578090357,-21.71475738026107,-25.268762981255705,no_benefit_under_any_stream_composition
worst_case_2030,0.193,78.73049,13.058211932348497,21.602132146833146,18.029616099999995,-30.1467494489072,-21.602829234422554,-25.175345281255705,no_benefit_under_any_stream_composition
worst_case_2030,0.194,79.13842,13.12587106153165,21.714060292671657,18.123033799999995,-30.079090319724052,-21.490901088584042,-25.081927581255705,no_benefit_under_any_stream_composition
worst_case_2030,0.195,79.54635,13.193530190714803,21.825988438510173,18.216451499999998,-30.011431190540897,-21.378972942745527,-24.988509881255702,no_benefit_under_any_stream_composition
worst_case_2030,0.196,79.95428,13.261189319897955,21.937916584348685,18.309869199999994,-29.943772061357745,-21.267044796907015,-24.895092181255706,no_benefit_under_any_stream_composition
worst_case_2030,0.197,80.36221,13.328848449081109,22.0498447301872,18.403286899999998,-29.876112932174593,-21.1551166510685,-24.801674481255702,no_benefit_under_any_stream_composition
worst_case_2030,0.198,80.77014,13.396507578264261,22.16177287602571,18.496704599999997,-29.808453802991437,-21.04318850522999,-24.708256781255702,no_benefit_under_any_stream_composition
worst_case_2030,0.199,81.17807,13.464166707447415,22.27370102186423,18.590122299999997,-29.740794673808285,-20.93126035939147,-24.614839081255703,no_benefit_under_any_stream_composition
worst_case_2030,0.2,81.586,13.531825836630567,22.385629167702742,18.683539999999997,-29.673135544625133,-20.819332213552958,-24.521421381255703,no_benefit_under_any_stream_composition
worst_case_2030,0.201,81.99393,13.599484965813721,22.497557313541257,18.776957699999997,-29.605476415441977,-20.707404067714442,-24.428003681255703,no_benefit_under_any_stream_composition
worst_case_2030,0.202,82.40186,13.667144094996873,22.60948545937977,18.870375399999997,-29.53781728625883,-20.59547592187593,-24.334585981255703,no_benefit_under_any_stream_composition
worst_case_2030,0.203,82.80979,13.734803224180027,22.721413605218284,18.963793099999997,-29.470158157075673,-20.483547776037415,-24.241168281255703,no_benefit_under_any_stream_composition
worst_case_2030,0.204,83.21772,13.802462353363179,22.833341751056796,19.057210799999996,-29.40249902789252,-20.371619630198904,-24.147750581255703,no_benefit_under_any_stream_composition
worst_case_2030,0.205,83.62565,13.870121482546331,22.945269896895308,19.150628499999993,-29.33483989870937,-20.259691484360392,-24.054332881255707,no_benefit_under_any_stream_composition
worst_case_2030,0.206,84.03358,13.937780611729485,23.057198042733823,19.244046199999996,-29.267180769526213,-20.147763338521877,-23.960915181255704,no_benefit_under_any_stream_composition
worst_case_2030,0.207,84.44151,14.005439740912635,23.169126188572335,19.337463899999992,-29.199521640343065,-20.035835192683365,-23.867497481255707,no_benefit_under_any_stream_composition
worst_case_2030,0.208,84.84944,14.07309887009579,23.28105433441085,19.430881599999996,-29.13186251115991,-19.92390704684485,-23.774079781255704,no_benefit_under_any_stream_composition
worst_case_2030,0.209,85.25737,14.140757999278941,23.392982480249362,19.524299299999996,-29.06420338197676,-19.811978901006338,-23.680662081255704,no_benefit_under_any_stream_composition
worst_case_2030,0.21,85.6653,14.208417128462095,23.504910626087877,19.617716999999995,-28.996544252793605,-19.700050755167823,-23.587244381255704,no_benefit_under_any_stream_composition
worst_case_2030,0.211,86.07323,14.276076257645247,23.61683877192639,19.711134699999995,-28.928885123610453,-19.58812260932931,-23.493826681255705,no_benefit_under_any_stream_composition
worst_case_2030,0.212,86.48116,14.343735386828401,23.728766917764908,19.804552399999995,-28.8612259944273,-19.476194463490792,-23.400408981255705,no_benefit_under_any_stream_composition
worst_case_2030,0.213,86.88909,14.411394516011553,23.84069506360342,19.897970099999995,-28.793566865244145,-19.36426631765228,-23.306991281255705,no_benefit_under_any_stream_composition
worst_case_2030,0.214,87.29702,14.479053645194707,23.952623209441935,19.991387799999995,-28.725907736060993,-19.252338171813765,-23.213573581255705,no_benefit_under_any_stream_composition
worst_case_2030,0.215,87.70495,14.546712774377859,24.064551355280447,20.084805499999995,-28.65824860687784,-19.140410025975253,-23.120155881255705,no_benefit_under_any_stream_composition
worst_case_2030,0.216,88.11288,14.614371903561013,24.176479501118962,20.178223199999998,-28.590589477694685,-19.028481880136738,-23.026738181255702,no_benefit_under_any_stream_composition
worst_case_2030,0.217,88.52081,14.682031032744165,24.288407646957474,20.271640899999994,-28.522930348511537,-18.916553734298226,-22.933320481255706,no_benefit_under_any_stream_composition
worst_case_2030,0.218,88.92874,14.749690161927319,24.40033579279599,20.365058599999998,-28.45527121932838,-18.80462558845971,-22.839902781255702,no_benefit_under_any_stream_composition
worst_case_2030,0.219,89.33667,14.817349291110471,24.5122639386345,20.458476299999994,-28.38761209014523,-18.6926974426212,-22.746485081255706,no_benefit_under_any_stream_composition
worst_case_2030,0.22,89.7446,14.885008420293625,24.624192084473016,20.551893999999994,-28.319952960962077,-18.580769296782684,-22.653067381255706,no_benefit_under_any_stream_composition
worst_case_2030,0.221,90.15253,14.952667549476777,24.736120230311528,20.645311699999997,-28.25229383177892,-18.468841150944172,-22.559649681255703,no_benefit_under_any_stream_composition
worst_case_2030,0.222,90.56046,15.02032667865993,24.848048376150043,20.738729399999997,-28.18463470259577,-18.356913005105657,-22.466231981255703,no_benefit_under_any_stream_composition
worst_case_2030,0.223,90.96839,15.087985807843083,24.959976521988555,20.832147099999993,-28.116975573412617,-18.244984859267145,-22.372814281255707,no_benefit_under_any_stream_composition
worst_case_2030,0.224,91.37632,15.155644937026237,25.07190466782707,20.925564799999997,-28.04931644422946,-18.13305671342863,-22.279396581255703,no_benefit_under_any_stream_composition
worst_case_2030,0.225,91.78425,15.223304066209389,25.183832813665585,21.018982499999996,-27.981657315046313,-18.021128567590114,-22.185978881255703,no_benefit_under_any_stream_composition
worst_case_2030,0.226,92.19218000000001,15.290963195392543,25.2957609595041,21.1124002,-27.913998185863157,-17.9092004217516,-22.0925611812557,no_benefit_under_any_stream_composition
worst_case_2030,0.227,92.60011,15.358622324575693,25.407689105342612,21.205817899999996,-27.84633905668001,-17.797272275913087,-21.999143481255704,no_benefit_under_any_stream_composition
worst_case_2030,0.228,93.00804000000001,15.426281453758849,25.519617251181128,21.299235599999996,-27.778679927496853,-17.685344130074572,-21.905725781255704,no_benefit_under_any_stream_composition
worst_case_2030,0.229,93.41597,15.493940582941999,25.63154539701964,21.392653299999996,-27.7110207983137,-17.57341598423606,-21.812308081255704,no_benefit_under_any_stream_composition
worst_case_2030,0.23,93.82390000000001,15.561599712125155,25.743473542858155,21.486071,-27.643361669130545,-17.461487838397545,-21.7188903812557,no_benefit_under_any_stream_composition
worst_case_2030,0.231,94.23183,15.629258841308305,25.855401688696666,21.579488699999995,-27.575702539947393,-17.349559692559033,-21.625472681255705,no_benefit_under_any_stream_composition
worst_case_2030,0.232,94.63976,15.696917970491457,25.967329834535178,21.67290639999999,-27.508043410764245,-17.23763154672052,-21.53205498125571,no_benefit_under_any_stream_composition
worst_case_2030,0.233,95.04769,15.76457709967461,26.079257980373693,21.7663241,-27.44038428158109,-17.125703400882006,-21.4386372812557,no_benefit_under_any_stream_composition
worst_case_2030,0.234,95.45562,15.832236228857763,26.191186126212205,21.859741799999995,-27.372725152397937,-17.013775255043495,-21.345219581255705,no_benefit_under_any_stream_composition
worst_case_2030,0.235,95.86355,15.899895358040917,26.30311427205072,21.953159499999995,-27.305066023214785,-16.90184710920498,-21.251801881255705,no_benefit_under_any_stream_composition
worst_case_2030,0.236,96.27148,15.967554487224069,26.415042417889232,22.046577199999994,-27.23740689403163,-16.789918963366468,-21.158384181255705,no_benefit_under_any_stream_composition
worst_case_2030,0.237,96.67941,16.035213616407223,26.526970563727748,22.139994899999994,-27.169747764848477,-16.677990817527952,-21.064966481255706,no_benefit_under_any_stream_composition
worst_case_2030,0.238,97.08734,16.102872745590375,26.638898709566263,22.233412599999994,-27.102088635665325,-16.566062671689437,-20.971548781255706,no_benefit_under_any_stream_composition
worst_case_2030,0.239,97.49527,16.170531874773527,26.750826855404778,22.326830299999997,-27.034429506482173,-16.45413452585092,-20.878131081255702,no_benefit_under_any_stream_composition
worst_case_2030,0.24,97.9032,16.23819100395668,26.86275500124329,22.420247999999994,-26.96677037729902,-16.34220638001241,-20.784713381255706,no_benefit_under_any_stream_composition
worst_case_2030,0.241,98.31113,16.305850133139835,26.974683147081805,22.513665699999994,-26.899111248115865,-16.230278234173895,-20.691295681255706,no_benefit_under_any_stream_composition
worst_case_2030,0.242,98.71906,16.373509262322987,27.086611292920317,22.607083399999997,-26.831452118932713,-16.118350088335383,-20.597877981255703,no_benefit_under_any_stream_composition
worst_case_2030,0.243,99.12699,16.44116839150614,27.198539438758832,22.700501099999997,-26.76379298974956,-16.006421942496868,-20.504460281255703,no_benefit_under_any_stream_composition
worst_case_2030,0.244,99.53492,16.50882752068929,27.310467584597344,22.793918799999993,-26.69613386056641,-15.894493796658356,-20.411042581255707,no_benefit_under_any_stream_composition
worst_case_2030,0.245,99.94285,16.576486649872447,27.42239573043586,22.887336499999996,-26.628474731383253,-15.78256565081984,-20.317624881255703,no_benefit_under_any_stream_composition
worst_case_2030,0.246,100.35078,16.6441457790556,27.53432387627437,22.980754199999996,-26.5608156022001,-15.670637504981329,-20.224207181255704,no_benefit_under_any_stream_composition
worst_case_2030,0.247,100.75871000000001,16.71180490823875,27.646252022112886,23.0741719,-26.49315647301695,-15.558709359142814,-20.1307894812557,no_benefit_under_any_stream_composition
worst_case_2030,0.248,101.16664,16.779464037421903,27.758180167951398,23.167589599999996,-26.425497343833797,-15.446781213304302,-20.037371781255704,no_benefit_under_any_stream_composition
worst_case_2030,0.249,101.57457000000001,16.84712316660506,27.870108313789913,23.261007299999996,-26.35783821465064,-15.334853067465787,-19.943954081255704,no_benefit_under_any_stream_composition
worst_case_2030,0.25,101.9825,16.91478229578821,27.982036459628425,23.354425,-26.29017908546749,-15.222924921627275,-19.8505363812557,no_benefit_under_any_stream_composition
worst_case_2030,0.251,102.39043000000001,16.982441424971363,28.093964605466944,23.4478427,-26.222519956284337,-15.110996775788756,-19.7571186812557,no_benefit_under_any_stream_composition
worst_case_2030,0.252,102.79836,17.050100554154515,28.205892751305456,23.541260399999995,-26.154860827101185,-14.999068629950244,-19.663700981255705,no_benefit_under_any_stream_composition
worst_case_2030,0.253,103.20629000000001,17.11775968333767,28.31782089714397,23.634678099999995,-26.08720169791803,-14.887140484111729,-19.570283281255705,no_benefit_under_any_stream_composition
worst_case_2030,0.254,103.61422,17.185418812520822,28.429749042982483,23.7280958,-26.019542568734877,-14.775212338273217,-19.4768655812557,no_benefit_under_any_stream_composition
worst_case_2030,0.255,104.02215000000001,17.253077941703975,28.541677188820998,23.8215135,-25.951883439551725,-14.663284192434702,-19.3834478812557,no_benefit_under_any_stream_composition
worst_case_2030,0.256,104.43008,17.320737070887127,28.65360533465951,23.914931199999995,-25.884224310368573,-14.55135604659619,-19.290030181255705,no_benefit_under_any_stream_composition
worst_case_2030,0.257,104.83801,17.38839620007028,28.76553348049802,24.008348899999994,-25.81656518118542,-14.439427900757678,-19.196612481255706,no_benefit_under_any_stream_composition
worst_case_2030,0.258,105.24594,17.45605532925343,28.877461626336537,24.101766599999994,-25.74890605200227,-14.327499754919163,-19.103194781255706,no_benefit_under_any_stream_composition
worst_case_2030,0.259,105.65387,17.523714458436583,28.98938977217505,24.195184299999994,-25.681246922819117,-14.215571609080651,-19.009777081255706,no_benefit_under_any_stream_composition
worst_case_2030,0.26,106.0618,17.59137358761974,29.101317918013564,24.288601999999997,-25.61358779363596,-14.103643463242136,-18.916359381255702,no_benefit_under_any_stream_composition
worst_case_2030,0.261,106.46973,17.65903271680289,29.213246063852075,24.382019699999994,-25.54592866445281,-13.991715317403624,-18.822941681255706,no_benefit_under_any_stream_composition
worst_case_2030,0.262,106.87766,17.726691845986043,29.32517420969059,24.475437399999993,-25.478269535269657,-13.879787171565109,-18.729523981255706,no_benefit_under_any_stream_composition
worst_case_2030,0.263,107.28559,17.794350975169195,29.437102355529102,24.568855099999997,-25.410610406086505,-13.767859025726597,-18.636106281255703,no_benefit_under_any_stream_composition
worst_case_2030,0.264,107.69352,17.86201010435235,29.54903050136762,24.662272799999997,-25.34295127690335,-13.655930879888079,-18.542688581255703,no_benefit_under_any_stream_composition
worst_case_2030,0.265,108.10145,17.929669233535503,29.660958647206133,24.755690499999993,-25.275292147720197,-13.544002734049567,-18.449270881255707,no_benefit_under_any_stream_composition
worst_case_2030,0.266,108.50938000000001,17.997328362718655,29.77288679304465,24.849108199999996,-25.207633018537045,-13.432074588211051,-18.355853181255704,no_benefit_under_any_stream_composition
worst_case_2030,0.267,108.91731,18.064987491901807,29.88481493888316,24.942525899999996,-25.139973889353893,-13.32014644237254,-18.262435481255704,no_benefit_under_any_stream_composition
worst_case_2030,0.268,109.32524000000001,18.132646621084962,29.996743084721675,25.0359436,-25.072314760170737,-13.208218296534024,-18.1690177812557,no_benefit_under_any_stream_composition
worst_case_2030,0.269,109.73317,18.200305750268114,30.108671230560187,25.129361299999996,-25.004655630987585,-13.096290150695513,-18.075600081255704,no_benefit_under_any_stream_composition
worst_case_2030,0.27,110.14110000000001,18.267964879451267,30.220599376398702,25.222778999999996,-24.936996501804433,-12.984362004856997,-17.982182381255704,no_benefit_under_any_stream_composition
worst_case_2030,0.271,110.54903,18.33562400863442,30.332527522237214,25.3161967,-24.86933737262128,-12.872433859018486,-17.8887646812557,no_benefit_under_any_stream_composition
worst_case_2030,0.272,110.95696000000001,18.403283137817574,30.44445566807573,25.4096144,-24.801678243438126,-12.76050571317997,-17.7953469812557,no_benefit_under_any_stream_composition
worst_case_2030,0.273,111.36489,18.470942267000723,30.55638381391424,25.503032099999995,-24.734019114254977,-12.648577567341459,-17.701929281255705,no_benefit_under_any_stream_composition
worst_case_2030,0.274,111.77282000000001,18.53860139618388,30.668311959752756,25.5964498,-24.66635998507182,-12.536649421502943,-17.6085115812557,no_benefit_under_any_stream_composition
worst_case_2030,0.275,112.18075,18.60626052536703,30.780240105591268,25.689867499999995,-24.59870085588867,-12.424721275664432,-17.515093881255705,no_benefit_under_any_stream_composition
worst_case_2030,0.276,112.58868000000001,18.673919654550186,30.892168251429787,25.783285199999998,-24.531041726705514,-12.312793129825913,-17.4216761812557,no_benefit_under_any_stream_composition
worst_case_2030,0.277,112.99661,18.741578783733335,31.0040963972683,25.876702899999994,-24.463382597522365,-12.200864983987401,-17.328258481255705,no_benefit_under_any_stream_composition
worst_case_2030,0.278,113.40454000000001,18.80923791291649,31.116024543106814,25.970120599999998,-24.39572346833921,-12.088936838148886,-17.234840781255702,no_benefit_under_any_stream_composition
worst_case_2030,0.279,113.81247,18.876897042099642,31.227952688945326,26.063538299999994,-24.328064339156057,-11.977008692310374,-17.141423081255706,no_benefit_under_any_stream_composition
worst_case_2030,0.28,114.22040000000001,18.944556171282795,31.33988083478384,26.156955999999994,-24.260405209972905,-11.865080546471859,-17.048005381255706,no_benefit_under_any_stream_composition
worst_case_2030,0.281,114.62833,19.012215300465947,31.451808980622353,26.250373699999997,-24.192746080789753,-11.753152400633347,-16.954587681255703,no_benefit_under_any_stream_composition
worst_case_2030,0.282,115.03626,19.0798744296491,31.563737126460865,26.343791399999994,-24.1250869516066,-11.641224254794835,-16.861169981255706,no_benefit_under_any_stream_composition
worst_case_2030,0.283,115.44419,19.147533558832254,31.67566527229938,26.437209099999993,-24.057427822423445,-11.52929610895632,-16.767752281255706,no_benefit_under_any_stream_composition
worst_case_2030,0.284,115.85212,19.215192688015406,31.78759341813789,26.530626799999997,-23.989768693240293,-11.417367963117808,-16.674334581255703,no_benefit_under_any_stream_composition
worst_case_2030,0.285,116.26005,19.28285181719856,31.899521563976407,26.624044499999997,-23.92210956405714,-11.305439817279293,-16.580916881255703,no_benefit_under_any_stream_composition
worst_case_2030,0.286,116.66798,19.35051094638171,32.01144970981492,26.717462199999993,-23.85445043487399,-11.193511671440781,-16.487499181255707,no_benefit_under_any_stream_composition
worst_case_2030,0.287,117.07591000000001,19.418170075564866,32.12337785565344,26.810879899999996,-23.786791305690834,-11.081583525602262,-16.394081481255704,no_benefit_under_any_stream_composition
worst_case_2030,0.288,117.48384,19.48582920474802,32.23530600149195,26.904297599999996,-23.71913217650768,-10.96965537976375,-16.300663781255704,no_benefit_under_any_stream_composition
worst_case_2030,0.289,117.89177000000001,19.55348833393117,32.34723414733046,26.9977153,-23.65147304732453,-10.857727233925239,-16.2072460812557,no_benefit_under_any_stream_composition
worst_case_2030,0.29,118.2997,19.621147463114323,32.45916229316897,27.091132999999996,-23.583813918141377,-10.745799088086727,-16.113828381255704,no_benefit_under_any_stream_composition
worst_case_2030,0.291,118.70763000000001,19.688806592297478,32.57109043900749,27.184550699999996,-23.51615478895822,-10.633870942248208,-16.020410681255704,no_benefit_under_any_stream_composition
worst_case_2030,0.292,119.11556,19.756465721480627,32.683018584846,27.277968399999992,-23.448495659775073,-10.521942796409697,-15.926992981255708,no_benefit_under_any_stream_composition
worst_case_2030,0.293,119.52349000000001,19.824124850663782,32.794946730684515,27.3713861,-23.380836530591917,-10.410014650571185,-15.833575281255701,no_benefit_under_any_stream_composition
worst_case_2030,0.294,119.93142,19.891783979846934,32.90687487652303,27.464803799999995,-23.313177401408765,-10.298086504732673,-15.740157581255705,no_benefit_under_any_stream_composition
worst_case_2030,0.295,120.33935000000001,19.959443109030087,33.018803022361546,27.5582215,-23.245518272225613,-10.186158358894154,-15.646739881255701,no_benefit_under_any_stream_composition
worst_case_2030,0.296,120.74728,20.02710223821324,33.13073116820006,27.651639199999995,-23.17785914304246,-10.074230213055642,-15.553322181255705,no_benefit_under_any_stream_composition
worst_case_2030,0.297,121.15521000000001,20.094761367396394,33.242659314038576,27.745056899999994,-23.110200013859306,-9.962302067217124,-15.459904481255705,no_benefit_under_any_stream_composition
worst_case_2030,0.298,121.56314,20.162420496579546,33.35458745987709,27.838474599999994,-23.042540884676153,-9.850373921378612,-15.366486781255706,no_benefit_under_any_stream_composition
worst_case_2030,0.299,121.97107000000001,20.2300796257627,33.4665156057156,27.931892299999998,-22.974881755493,-9.7384457755401,-15.273069081255702,no_benefit_under_any_stream_composition
worst_case_2030,0.3,122.379,20.29773875494585,33.57844375155411,28.025309999999994,-22.90722262630985,-9.626517629701588,-15.179651381255706,no_benefit_under_any_stream_composition
worst_case_2030,0.301,122.78693000000001,20.365397884129006,33.69037189739263,28.118727699999994,-22.839563497126694,-9.51458948386307,-15.086233681255706,no_benefit_under_any_stream_composition
worst_case_2030,0.302,123.19486,20.43305701331216,33.80230004323114,28.212145399999997,-22.77190436794354,-9.402661338024558,-14.992815981255703,no_benefit_under_any_stream_composition
worst_case_2030,0.303,123.60279000000001,20.50071614249531,33.914228189069654,28.305563099999997,-22.70424523876039,-9.290733192186046,-14.899398281255703,no_benefit_under_any_stream_composition
worst_case_2030,0.304,124.01072,20.568375271678462,34.026156334908165,28.398980799999993,-22.636586109577237,-9.178805046347534,-14.805980581255707,no_benefit_under_any_stream_composition
worst_case_2030,0.305,124.41865000000001,20.636034400861618,34.138084480746684,28.492398499999997,-22.56892698039408,-9.066876900509016,-14.712562881255703,no_benefit_under_any_stream_composition
worst_case_2030,0.306,124.82658,20.70369353004477,34.250012626585196,28.585816199999996,-22.50126785121093,-8.954948754670504,-14.619145181255703,no_benefit_under_any_stream_composition
worst_case_2030,0.307,125.23451000000001,20.771352659227922,34.36194077242371,28.6792339,-22.433608722027778,-8.843020608831992,-14.5257274812557,no_benefit_under_any_stream_composition
worst_case_2030,0.308,125.64244000000001,20.839011788411074,34.47386891826223,28.772651599999996,-22.365949592844625,-8.731092462993473,-14.432309781255704,no_benefit_under_any_stream_composition
worst_case_2030,0.309,126.05037,20.906670917594226,34.58579706410074,28.866069299999992,-22.298290463661473,-8.619164317154961,-14.338892081255707,no_benefit_under_any_stream_composition
worst_case_2030,0.31,126.45830000000001,20.974330046777382,34.69772520993925,28.959487,-22.230631334478318,-8.50723617131645,-14.2454743812557,no_benefit_under_any_stream_composition
worst_case_2030,0.311,126.86623,21.04198917596053,34.80965335577776,29.052904699999996,-22.16297220529517,-8.395308025477938,-14.152056681255704,no_benefit_under_any_stream_composition
worst_case_2030,0.312,127.27416000000001,21.109648305143686,34.92158150161628,29.146322399999995,-22.095313076112014,-8.28337987963942,-14.058638981255704,no_benefit_under_any_stream_composition
worst_case_2030,0.313,127.68209,21.17730743432684,35.03350964745479,29.23974009999999,-22.02765394692886,-8.171451733800907,-13.965221281255708,no_benefit_under_any_stream_composition
worst_case_2030,0.314,128.09002,21.24496656350999,35.145437793293304,29.333157799999995,-21.95999481774571,-8.059523587962396,-13.871803581255705,no_benefit_under_any_stream_composition
worst_case_2030,0.315,128.49795,21.312625692693143,35.257365939131816,29.426575499999995,-21.892335688562557,-7.947595442123884,-13.778385881255705,no_benefit_under_any_stream_composition
worst_case_2030,0.316,128.90588,21.380284821876295,35.36929408497033,29.51999319999999,-21.824676559379405,-7.835667296285372,-13.684968181255709,no_benefit_under_any_stream_composition
worst_case_2030,0.317,129.31381,21.447943951059447,35.48122223080884,29.613410899999995,-21.757017430196253,-7.72373915044686,-13.591550481255705,no_benefit_under_any_stream_composition
worst_case_2030,0.318,129.72174,21.515603080242602,35.59315037664736,29.706828599999994,-21.689358301013097,-7.611811004608342,-13.498132781255705,no_benefit_under_any_stream_composition
worst_case_2030,0.319,130.12967,21.583262209425754,35.70507852248587,29.800246299999998,-21.621699171829945,-7.49988285876983,-13.404715081255702,no_benefit_under_any_stream_composition
worst_case_2030,0.32,130.5376,21.650921338608907,35.81700666832438,29.893663999999994,-21.554040042646793,-7.387954712931318,-13.311297381255706,no_benefit_under_any_stream_composition
worst_case_2030,0.321,130.94553,21.71858046779206,35.92893481416289,29.98708169999999,-21.48638091346364,-7.276026567092806,-13.21787968125571,no_benefit_under_any_stream_composition
worst_case_2030,0.322,131.35345999999998,21.78623959697521,36.040862960001405,30.08049939999999,-21.41872178428049,-7.164098421254295,-13.12446198125571,no_benefit_under_any_stream_composition
worst_case_2030,0.323,131.76139,21.853898726158366,36.15279110583993,30.173917099999997,-21.351062655097333,-7.052170275415769,-13.031044281255703,no_benefit_under_any_stream_composition
worst_case_2030,0.324,132.16932,21.92155785534152,36.26471925167844,30.267334799999993,-21.28340352591418,-6.940242129577257,-12.937626581255707,no_benefit_under_any_stream_composition
worst_case_2030,0.325,132.57725,21.98921698452467,36.376647397516955,30.36075249999999,-21.21574439673103,-6.828313983738745,-12.84420888125571,no_benefit_under_any_stream_composition
worst_case_2030,0.326,132.98517999999999,22.056876113707823,36.488575543355466,30.454170199999993,-21.148085267547877,-6.7163858379002335,-12.750791181255707,no_benefit_under_any_stream_composition
worst_case_2030,0.327,133.39311,22.12453524289098,36.600503689193985,30.547587899999996,-21.08042613836472,-6.604457692061715,-12.657373481255703,no_benefit_under_any_stream_composition
worst_case_2030,0.328,133.80104,22.19219437207413,36.7124318350325,30.641005599999993,-21.01276700918157,-6.492529546223203,-12.563955781255707,no_benefit_under_any_stream_composition
worst_case_2030,0.329,134.20897,22.259853501257282,36.82435998087101,30.734423299999992,-20.945107879998417,-6.380601400384691,-12.470538081255707,no_benefit_under_any_stream_composition
worst_case_2030,0.33,134.6169,22.327512630440435,36.93628812670952,30.827840999999992,-20.877448750815265,-6.268673254546179,-12.377120381255708,no_benefit_under_any_stream_composition
worst_case_2030,0.331,135.02483,22.39517175962359,37.04821627254804,30.921258699999992,-20.80978962163211,-6.156745108707661,-12.283702681255708,no_benefit_under_any_stream_composition
worst_case_2030,0.332,135.43276,22.462830888806742,37.16014441838655,31.014676399999995,-20.742130492448958,-6.044816962869149,-12.190284981255704,no_benefit_under_any_stream_composition
worst_case_2030,0.333,135.84069,22.530490017989894,37.27207256422506,31.10809409999999,-20.674471363265805,-5.932888817030637,-12.096867281255708,no_benefit_under_any_stream_composition
worst_case_2030,0.334,136.24862,22.598149147173046,37.384000710063575,31.20151179999999,-20.606812234082653,-5.820960671192125,-12.003449581255708,no_benefit_under_any_stream_composition
worst_case_2030,0.335,136.65654999999998,22.6658082763562,37.495928855902086,31.29492949999999,-20.5391531048995,-5.709032525353614,-11.910031881255708,no_benefit_under_any_stream_composition
worst_case_2030,0.336,137.06448,22.733467405539354,37.607857001740605,31.388347199999995,-20.471493975716346,-5.597104379515095,-11.816614181255705,no_benefit_under_any_stream_composition
worst_case_2030,0.337,137.47241,22.801126534722506,37.71978514757912,31.48176489999999,-20.403834846533194,-5.485176233676583,-11.723196481255709,no_benefit_under_any_stream_composition
worst_case_2030,0.338,137.88034,22.86878566390566,37.83171329341763,31.575182599999987,-20.33617571735004,-5.373248087838071,-11.629778781255713,no_benefit_under_any_stream_composition
worst_case_2030,0.339,138.28826999999998,22.936444793088807,37.94364143925614,31.66860029999999,-20.268516588166893,-5.2613199419995595,-11.53636108125571,no_benefit_under_any_stream_composition
worst_case_2030,0.34,138.6962,23.004103922271966,38.05556958509466,31.762017999999998,-20.200857458983734,-5.149391796161041,-11.442943381255702,no_benefit_under_any_stream_composition
worst_case_2030,0.341,139.10413,23.071763051455118,38.16749773093317,31.855435699999994,-20.13319832980058,-5.037463650322529,-11.349525681255706,no_benefit_under_any_stream_composition
worst_case_2030,0.342,139.51206,23.139422180638267,38.27942587677168,31.94885339999999,-20.065539200617433,-4.925535504484017,-11.25610798125571,no_benefit_under_any_stream_composition
worst_case_2030,0.343,139.91998999999998,23.20708130982142,38.391354022610194,32.042271099999994,-19.99788007143428,-4.8136073586455055,-11.162690281255706,no_benefit_under_any_stream_composition
worst_case_2030,0.344,140.32792,23.274740439004578,38.50328216844871,32.1356888,-19.930220942251122,-4.701679212806987,-11.069272581255703,no_benefit_under_any_stream_composition
worst_case_2030,0.345,140.73585,23.342399568187727,38.615210314287225,32.22910649999999,-19.862561813067973,-4.589751066968475,-10.975854881255707,no_benefit_under_any_stream_composition
worst_case_2030,0.346,141.14378,23.41005869737088,38.72713846012574,32.32252419999999,-19.79490268388482,-4.477822921129963,-10.88243718125571,no_benefit_under_any_stream_composition
worst_case_2030,0.347,141.55170999999999,23.47771782655403,38.83906660596425,32.41594189999999,-19.72724355470167,-4.365894775291451,-10.789019481255707,no_benefit_under_any_stream_composition
worst_case_2030,0.348,141.95964,23.545376955737186,38.950994751802774,32.509359599999996,-19.659584425518513,-4.2539666294529255,-10.695601781255704,no_benefit_under_any_stream_composition
worst_case_2030,0.349,142.36757,23.61303608492034,39.062922897641286,32.60277729999999,-19.59192529633536,-4.142038483614414,-10.602184081255707,no_benefit_under_any_stream_composition
worst_case_2030,0.35,142.7755,23.68069521410349,39.1748510434798,32.69619499999999,-19.52426616715221,-4.030110337775902,-10.508766381255711,no_benefit_under_any_stream_composition
worst_case_2030,0.351,143.18343,23.748354343286643,39.28677918931831,32.78961269999999,-19.456607037969057,-3.9181821919373903,-10.415348681255708,no_benefit_under_any_stream_composition
worst_case_2030,0.352,143.59136,23.8160134724698,39.39870733515683,32.883030399999996,-19.3889479087859,-3.8062540460988714,-10.321930981255704,no_benefit_under_any_stream_composition
worst_case_2030,0.353,143.99929,23.88367260165295,39.51063548099534,32.97644809999999,-19.32128877960275,-3.6943259002603597,-10.228513281255708,no_benefit_under_any_stream_composition
worst_case_2030,0.354,144.40722,23.951331730836102,39.62256362683385,33.06986579999999,-19.253629650419597,-3.582397754421848,-10.135095581255712,no_benefit_under_any_stream_composition
worst_case_2030,0.355,144.81515,24.018990860019255,39.734491772672364,33.16328349999999,-19.185970521236445,-3.470469608583336,-10.041677881255708,no_benefit_under_any_stream_composition
worst_case_2030,0.356,145.22308,24.08664998920241,39.84641991851088,33.256701199999995,-19.11831139205329,-3.3585414627448174,-9.948260181255705,no_benefit_under_any_stream_composition
worst_case_2030,0.357,145.63101,24.154309118385562,39.958348064349394,33.3501189,-19.050652262870138,-3.2466133169063056,-9.854842481255702,no_benefit_under_any_stream_composition
worst_case_2030,0.358,146.03894,24.221968247568714,40.070276210187906,33.443536599999995,-18.982993133686985,-3.134685171067794,-9.761424781255705,no_benefit_under_any_stream_composition
worst_case_2030,0.359,146.44687,24.289627376751866,40.18220435602642,33.53695429999999,-18.915334004503833,-3.022757025229282,-9.668007081255709,no_benefit_under_any_stream_composition
worst_case_2030,0.36,146.85479999999998,24.35728650593502,40.29413250186493,33.63037199999999,-18.84767487532068,-2.9108288793907704,-9.574589381255713,no_benefit_under_any_stream_composition
worst_case_2030,0.361,147.26273,24.424945635118174,40.40606064770345,33.7237897,-18.780015746137526,-2.7989007335522516,-9.481171681255702,no_benefit_under_any_stream_composition
worst_case_2030,0.362,147.67066,24.492604764301326,40.51798879354196,33.817207399999994,-18.712356616954374,-2.68697258771374,-9.387753981255706,no_benefit_under_any_stream_composition
worst_case_2030,0.363,148.07859,24.56026389348448,40.62991693938047,33.91062509999999,-18.64469748777122,-2.575044441875228,-9.29433628125571,no_benefit_under_any_stream_composition
worst_case_2030,0.364,148.48651999999998,24.62792302266763,40.74184508521898,34.00404279999999,-18.57703835858807,-2.4631162960367163,-9.200918581255706,no_benefit_under_any_stream_composition
worst_case_2030,0.365,148.89445,24.695582151850786,40.8537732310575,34.09746049999999,-18.509379229404914,-2.3511881501981975,-9.10750088125571,no_benefit_under_any_stream_composition
worst_case_2030,0.366,149.30238,24.763241281033938,40.965701376896014,34.19087819999999,-18.44172010022176,-2.2392600043596858,-9.014083181255707,no_benefit_under_any_stream_composition
worst_case_2030,0.367,149.71031,24.83090041021709,41.077629522734526,34.28429589999999,-18.37406097103861,-2.127331858521174,-8.92066548125571,no_benefit_under_any_stream_composition
worst_case_2030,0.368,150.11824,24.898559539400242,41.18955766857304,34.37771359999999,-18.306401841855457,-2.0154037126826623,-8.827247781255707,no_benefit_under_any_stream_composition
worst_case_2030,0.369,150.52617,24.966218668583398,41.301485814411556,34.471131299999996,-18.238742712672302,-1.9034755668441434,-8.733830081255704,no_benefit_under_any_stream_composition
worst_case_2030,0.37,150.9341,25.03387779776655,41.41341396025007,34.56454899999999,-18.17108358348915,-1.7915474210056317,-8.640412381255707,no_benefit_under_any_stream_composition
worst_case_2030,0.371,151.34203,25.101536926949702,41.52534210608858,34.65796669999999,-18.103424454305998,-1.67961927516712,-8.546994681255711,no_benefit_under_any_stream_composition
worst_case_2030,0.372,151.74996,25.169196056132854,41.63727025192709,34.751384399999985,-18.035765325122846,-1.5676911293286082,-8.453576981255715,no_benefit_under_any_stream_composition
worst_case_2030,0.373,152.15789,25.23685518531601,41.74919839776562,34.844802099999995,-17.96810619593969,-1.4557629834900823,-8.360159281255704,no_benefit_under_any_stream_composition
worst_case_2030,0.374,152.56582,25.304514314499162,41.86112654360413,34.93821979999999,-17.900447066756538,-1.3438348376515705,-8.266741581255708,no_benefit_under_any_stream_composition
worst_case_2030,0.375,152.97375,25.372173443682314,41.97305468944264,35.031637499999995,-17.832787937573386,-1.2319066918130588,-8.173323881255705,no_benefit_under_any_stream_composition
worst_case_2030,0.376,153.38168,25.439832572865463,42.08498283528115,35.12505519999999,-17.765128808390237,-1.119978545974547,-8.079906181255708,no_benefit_under_any_stream_composition
worst_case_2030,0.377,153.78961,25.507491702048622,42.19691098111967,35.218472899999995,-17.697469679207078,-1.0080504001360282,-7.986488481255705,no_benefit_under_any_stream_composition
worst_case_2030,0.378,154.19754,25.575150831231774,42.30883912695818,35.3118906,-17.629810550023926,-0.8961222542975165,-7.893070781255702,no_benefit_under_any_stream_composition
worst_case_2030,0.379,154.60547,25.642809960414926,42.420767272796695,35.405308299999994,-17.562151420840774,-0.7841941084590047,-7.7996530812557054,no_benefit_under_any_stream_composition
worst_case_2030,0.38,155.0134,25.710469089598075,42.53269541863521,35.49872599999999,-17.494492291657625,-0.672265962620493,-7.706235381255709,no_benefit_under_any_stream_composition
worst_case_2030,0.381,155.42133,25.778128218781234,42.644623564473726,35.592143699999994,-17.426833162474466,-0.5603378167819741,-7.612817681255706,no_benefit_under_any_stream_composition
worst_case_2030,0.382,155.82926,25.845787347964386,42.75655171031224,35.68556139999999,-17.359174033291314,-0.4484096709434624,-7.5193999812557095,no_benefit_under_any_stream_composition
worst_case_2030,0.383,156.23719,25.913446477147534,42.86847985615075,35.778979099999994,-17.291514904108165,-0.33648152510495066,-7.425982281255706,no_benefit_under_any_stream_composition
worst_case_2030,0.384,156.64512,25.981105606330686,42.98040800198926,35.87239679999999,-17.223855774925013,-0.22455337926643892,-7.33256458125571,no_benefit_under_any_stream_composition
worst_case_2030,0.385,157.05304999999998,26.04876473551384,43.09233614782777,35.96581449999999,-17.15619664574186,-0.11262523342792718,-7.2391468812557065,no_benefit_under_any_stream_composition
worst_case_2030,0.386,157.46098,26.116423864696994,43.20426429366629,36.05923219999999,-17.088537516558706,-0.0006970875894083406,-7.14572918125571,no_benefit_under_any_stream_composition
worst_case_2030,0.387,157.86891,26.184082993880146,43.3161924395048,36.15264989999999,-17.020878387375554,0.1112310582491034,-7.052311481255707,composition_changes_sign
worst_case_2030,0.388,158.27684,26.2517421230633,43.428120585343315,36.24606759999999,-16.9532192581924,0.22315920408761514,-6.958893781255711,composition_changes_sign
worst_case_2030,0.389,158.68477,26.31940125224645,43.54004873118183,36.339485299999986,-16.88556012900925,0.3350873499261269,-6.865476081255714,composition_changes_sign
worst_case_2030,0.39,159.0927,26.387060381429606,43.651976877020346,36.432902999999996,-16.817900999826094,0.4470154957646457,-6.772058381255704,composition_changes_sign
worst_case_2030,0.391,159.50063,26.454719510612758,43.76390502285886,36.52632069999999,-16.75024187064294,0.5589436416031575,-6.6786406812557075,composition_changes_sign
worst_case_2030,0.392,159.90856,26.52237863979591,43.87583316869737,36.61973839999999,-16.68258274145979,0.6708717874416692,-6.585222981255711,composition_changes_sign
worst_case_2030,0.393,160.31649,26.590037768979062,43.98776131453588,36.713156099999985,-16.614923612276637,0.7827999332801809,-6.491805281255715,composition_changes_sign
worst_case_2030,0.394,160.72442,26.657696898162218,44.0996894603744,36.806573799999995,-16.547264483093482,0.8947280791186998,-6.3983875812557045,composition_changes_sign
worst_case_2030,0.395,161.13235,26.72535602734537,44.21161760621291,36.89999149999999,-16.47960535391033,1.0066562249572115,-6.304969881255708,composition_changes_sign
worst_case_2030,0.396,161.54028,26.793015156528522,44.32354575205142,36.993409199999995,-16.411946224727178,1.1185843707957233,-6.211552181255705,composition_changes_sign
worst_case_2030,0.397,161.94821,26.860674285711674,44.435473897889935,37.08682689999999,-16.344287095544026,1.230512516634235,-6.118134481255709,composition_changes_sign
worst_case_2030,0.398,162.35614,26.92833341489483,44.54740204372846,37.180244599999995,-16.27662796636087,1.342440662472761,-6.024716781255705,composition_changes_sign
worst_case_2030,0.399,162.76407,26.995992544077982,44.65933018956697,37.27366229999999,-16.208968837177718,1.4543688083112727,-5.931299081255709,composition_changes_sign
worst_case_2030,0.4,163.172,27.063651673261134,44.771258335405484,37.367079999999994,-16.141309707994566,1.5662969541497844,-5.8378813812557055,composition_changes_sign
worst_case_2030,0.401,163.57993,27.131310802444286,44.883186481243996,37.46049769999999,-16.073650578811414,1.6782250999882962,-5.744463681255709,composition_changes_sign
worst_case_2030,0.402,163.98786,27.198969931627442,44.995114627082515,37.553915399999994,-16.005991449628258,1.790153245826815,-5.651045981255706,composition_changes_sign
worst_case_2030,0.403,164.39579,27.266629060810594,45.10704277292103,37.64733309999999,-15.938332320445106,1.9020813916653267,-5.55762828125571,composition_changes_sign
worst_case_2030,0.404,164.80372,27.334288189993746,45.21897091875954,37.740750799999994,-15.870673191261954,2.0140095375038385,-5.464210581255706,composition_changes_sign
worst_case_2030,0.405,165.21165,27.401947319176898,45.33089906459805,37.83416849999999,-15.803014062078802,2.1259376833423502,-5.37079288125571,composition_changes_sign
worst_case_2030,0.406,165.61958,27.469606448360054,45.44282721043657,37.92758619999999,-15.735354932895646,2.237865829180869,-5.277375181255707,composition_changes_sign
worst_case_2030,0.407,166.02751,27.537265577543206,45.55475535627508,38.02100389999999,-15.667695803712494,2.349793975019381,-5.18395748125571,composition_changes_sign
worst_case_2030,0.408,166.43544,27.604924706726358,45.66668350211359,38.11442159999999,-15.600036674529342,2.4617221208578925,-5.090539781255707,composition_changes_sign
worst_case_2030,0.409,166.84337,27.67258383590951,45.778611647952104,38.20783929999999,-15.53237754534619,2.5736502666964043,-4.997122081255711,composition_changes_sign
worst_case_2030,0.41,167.2513,27.740242965092662,45.890539793790616,38.301256999999985,-15.464718416163038,2.685578412534916,-4.903704381255714,composition_changes_sign
worst_case_2030,0.411,167.65923,27.807902094275818,46.002467939629135,38.394674699999996,-15.397059286979882,2.797506558373435,-4.810286681255704,composition_changes_sign
worst_case_2030,0.412,168.06716,27.87556122345897,46.11439608546765,38.48809239999999,-15.32940015779673,2.9094347042119466,-4.716868981255708,composition_changes_sign
worst_case_2030,0.413,168.47509,27.943220352642122,46.22632423130616,38.58151009999999,-15.261741028613578,3.0213628500504583,-4.623451281255711,composition_changes_sign
worst_case_2030,0.414,168.88302,28.01087948182527,46.33825237714467,38.674927799999985,-15.19408189943043,3.13329099588897,-4.530033581255715,composition_changes_sign
worst_case_2030,0.415,169.29095,28.07853861100843,46.45018052298319,38.768345499999995,-15.12642277024727,3.245219141727489,-4.436615881255705,composition_changes_sign
worst_case_2030,0.416,169.69888,28.14619774019158,46.5621086688217,38.86176319999999,-15.058763641064118,3.3571472875660007,-4.343198181255708,composition_changes_sign
worst_case_2030,0.417,170.10681,28.21385686937473,46.67403681466021,38.955180899999995,-14.99110451188097,3.4690754334045124,-4.249780481255705,composition_changes_sign
worst_case_2030,0.418,170.51474,28.281515998557882,46.785964960498724,39.04859859999999,-14.923445382697818,3.581003579243024,-4.156362781255709,composition_changes_sign
worst_case_2030,0.419,170.92267,28.38744726782352,46.89789310633724,39.142016299999995,-14.817514113432178,3.692931725081543,-4.062945081255705,composition_changes_sign
worst_case_2030,0.42,171.3306,28.499375413662033,47.009821252175755,39.23543399999999,-14.705585967593667,3.8048598709200547,-3.969527381255709,composition_changes_sign
worst_case_2030,0.421,171.73853,28.611303559500545,47.121749398014266,39.328851699999994,-14.593657821755155,3.9167880167585665,-3.8761096812557057,composition_changes_sign
worst_case_2030,0.422,172.14646,28.723231705339057,47.23367754385278,39.42226939999999,-14.481729675916643,4.028716162597078,-3.7826919812557094,composition_changes_sign
worst_case_2030,0.423,172.55439,28.835159851177576,47.345605689691304,39.515687099999994,-14.369801530078124,4.140644308435604,-3.689274281255706,composition_changes_sign
worst_case_2030,0.424,172.96232,28.947087997016087,47.457533835529816,39.60910479999999,-14.257873384239613,4.252572454274116,-3.5958565812557097,composition_changes_sign
worst_case_2030,0.425,173.37025,29.0590161428546,47.56946198136833,39.70252249999999,-14.1459452384011,4.364500600112628,-3.5024388812557063,composition_changes_sign
worst_case_2030,0.426,173.77818,29.17094428869311,47.68139012720684,39.79594019999999,-14.03401709256259,4.476428745951139,-3.40902118125571,composition_changes_sign
worst_case_2030,0.427,174.18611,29.28287243453163,47.79331827304536,39.88935789999999,-13.92208894672407,4.588356891789658,-3.3156034812557067,composition_changes_sign
worst_case_2030,0.428,174.59404,29.39480058037014,47.90524641888387,39.98277559999999,-13.810160800885559,4.70028503762817,-3.2221857812557104,composition_changes_sign
worst_case_2030,0.429,175.00197,29.506728726208653,48.01717456472238,40.07619329999999,-13.698232655047047,4.812213183466682,-3.128768081255707,composition_changes_sign
worst_case_2030,0.43,175.4099,29.61865687204717,48.12910271056089,40.16961099999999,-13.586304509208531,4.924141329305193,-3.0353503812557108,composition_changes_sign
worst_case_2030,0.431,175.81783000000001,29.730585017885687,48.24103085639941,40.26302869999999,-13.474376363370013,5.036069475143712,-2.9419326812557074,composition_changes_sign
worst_case_2030,0.432,176.22576,29.8425131637242,48.352959002237924,40.356446399999996,-13.362448217531501,5.147997620982224,-2.848514981255704,composition_changes_sign
worst_case_2030,0.433,176.63369,29.95444130956271,48.464887148076436,40.44986409999999,-13.25052007169299,5.259925766820736,-2.7550972812557077,composition_changes_sign
worst_case_2030,0.434,177.04162,30.066369455401222,48.57681529391495,40.54328179999999,-13.138591925854477,5.3718539126592475,-2.6616795812557115,composition_changes_sign
worst_case_2030,0.435,177.44955000000002,30.17829760123974,48.688743439753466,40.63669949999999,-13.026663780015959,5.483782058497766,-2.568261881255708,composition_changes_sign
worst_case_2030,0.436,177.85748,30.290225747078253,48.80067158559198,40.730117199999995,-12.914735634177447,5.595710204336278,-2.4748441812557047,composition_changes_sign
worst_case_2030,0.437,178.26541,30.402153892916765,48.91259973143049,40.82353489999999,-12.802807488338935,5.70763835017479,-2.3814264812557084,composition_changes_sign
worst_case_2030,0.438,178.67334,30.514082038755276,49.024527877269,40.91695259999999,-12.690879342500423,5.819566496013302,-2.288008781255712,composition_changes_sign
worst_case_2030,0.439,179.08127,30.626010184593788,49.13645602310751,41.01037029999999,-12.578951196661912,5.931494641851813,-2.194591081255709,composition_changes_sign
worst_case_2030,0.44,179.4892,30.737938330432307,49.24838416894603,41.10378799999999,-12.467023050823393,6.043422787690332,-2.1011733812557125,composition_changes_sign
worst_case_2030,0.441,179.89713,30.84986647627082,49.360312314784544,41.19720569999999,-12.355094904984881,6.155350933528844,-2.007755681255709,composition_changes_sign
worst_case_2030,0.442,180.30506,30.96179462210933,49.472240460623055,41.290623399999994,-12.24316675914637,6.267279079367356,-1.9143379812557058,composition_changes_sign
worst_case_2030,0.443,180.71299,31.073722767947842,49.58416860646157,41.38404109999999,-12.131238613307858,6.379207225205867,-1.8209202812557095,composition_changes_sign
worst_case_2030,0.444,181.12092,31.185650913786365,49.696096752300086,41.477458799999994,-12.019310467469335,6.491135371044386,-1.727502581255706,composition_changes_sign
worst_case_2030,0.445,181.52885,31.297579059624876,49.8080248981386,41.5708765,-11.907382321630823,6.603063516882898,-1.6340848812557027,composition_changes_sign
worst_case_2030,0.446,181.93678,31.409507205463388,49.91995304397711,41.664294199999986,-11.795454175792312,6.71499166272141,-1.5406671812557136,composition_changes_sign
worst_case_2030,0.447,182.34471,31.5214353513019,50.03188118981562,41.75771189999999,-11.6835260299538,6.826919808559921,-1.4472494812557102,composition_changes_sign
worst_case_2030,0.448,182.75264,31.63336349714042,50.14380933565414,41.85112959999999,-11.571597884115281,6.93884795439844,-1.3538317812557068,composition_changes_sign
worst_case_2030,0.449,183.16057,31.74529164297893,50.25573748149265,41.94454729999999,-11.45966973827677,7.050776100236952,-1.2604140812557105,composition_changes_sign
worst_case_2030,0.45,183.5685,31.857219788817442,50.36766562733117,42.03796499999999,-11.347741592438258,7.162704246075471,-1.1669963812557071,composition_changes_sign
worst_case_2030,0.451,183.97643,31.969147934655954,50.47959377316968,42.13138269999999,-11.235813446599746,7.274632391913983,-1.0735786812557109,composition_changes_sign
worst_case_2030,0.452,184.38436000000002,32.081076080494476,50.5915219190082,42.2248004,-11.123885300761224,7.386560537752501,-0.9801609812557004,composition_changes_sign
worst_case_2030,0.453,184.79229,32.19300422633299,50.70345006484671,42.318218099999996,-11.011957154922712,7.498488683591013,-0.8867432812557041,composition_changes_sign
worst_case_2030,0.454,185.20022,32.3049323721715,50.815378210685225,42.41163579999999,-10.9000290090842,7.610416829429525,-0.7933255812557078,composition_changes_sign
worst_case_2030,0.455,185.60815,32.41686051801001,50.92730635652374,42.50505349999999,-10.788100863245688,7.722344975268037,-0.6999078812557116,composition_changes_sign
worst_case_2030,0.456,186.01608000000002,32.52878866384853,51.039234502362255,42.59847119999999,-10.67617271740717,7.8342731211065555,-0.6064901812557082,composition_changes_sign
worst_case_2030,0.457,186.42401,32.64071680968704,51.15116264820077,42.691888899999995,-10.564244571568658,7.946201266945067,-0.5130724812557048,composition_changes_sign
worst_case_2030,0.458,186.83194,32.752644955525554,51.26309079403928,42.78530659999999,-10.452316425730146,8.058129412783579,-0.41965478125570854,composition_changes_sign
worst_case_2030,0.459,187.23987,32.864573101364066,51.37501893987779,42.87872429999999,-10.340388279891634,8.17005755862209,-0.32623708125571227,composition_changes_sign
worst_case_2030,0.46,187.64780000000002,32.976501247202584,51.48694708571631,42.972142,-10.228460134053115,8.28198570446061,-0.23281938125570178,composition_changes_sign
worst_case_2030,0.461,188.05573,33.088429393041096,51.59887523155482,43.06555969999999,-10.116531988214604,8.393913850299121,-0.13940168125571262,composition_changes_sign
worst_case_2030,0.462,188.46366,33.20035753887961,51.71080337739333,43.15897739999999,-10.004603842376092,8.505841996137633,-0.04598398125570924,composition_changes_sign
worst_case_2030,0.463,188.87159,33.31228568471812,51.822731523231845,43.252395099999994,-9.89267569653758,8.617770141976145,0.04743371874429414,composition_changes_sign
worst_case_2030,0.464,189.27952,33.42421383055663,51.934659669070356,43.34581279999998,-9.780747550699068,8.729698287814657,0.1408514187442833,composition_changes_sign
worst_case_2030,0.465,189.68745,33.53614197639515,52.046587814908875,43.439230499999994,-9.66881940486055,8.841626433653175,0.2342691187442938,composition_changes_sign
worst_case_2030,0.466,190.09538,33.64807012223366,52.15851596074739,43.5326482,-9.556891259022038,8.953554579491687,0.32768681874429717,composition_changes_sign
worst_case_2030,0.467,190.50331,33.759998268072174,52.2704441065859,43.626065899999986,-9.444963113183526,9.065482725330199,0.42110451874428634,composition_changes_sign
worst_case_2030,0.468,190.91124,33.871926413910685,52.38237225242441,43.71948359999999,-9.333034967345014,9.17741087116871,0.5145222187442897,composition_changes_sign
worst_case_2030,0.469,191.31917,33.983854559749204,52.49430039826293,43.81290129999999,-9.221106821506496,9.28933901700723,0.6079399187442931,composition_changes_sign
worst_case_2030,0.47,191.7271,34.095782705587716,52.60622854410144,43.90631899999999,-9.109178675667984,9.401267162845741,0.7013576187442894,composition_changes_sign
worst_case_2030,0.471,192.13503,34.20771085142623,52.71815668993995,43.99973669999999,-8.997250529829472,9.513195308684253,0.7947753187442927,composition_changes_sign
worst_case_2030,0.472,192.54296,34.31963899726474,52.830084835778464,44.09315439999999,-8.88532238399096,9.625123454522765,0.888193018744289,composition_changes_sign
worst_case_2030,0.473,192.95089000000002,34.431567143103265,52.94201298161698,44.1865721,-8.773394238152434,9.737051600361283,0.9816107187442995,composition_changes_sign
worst_case_2030,0.474,193.35882,34.54349528894177,53.053941127455495,44.27998979999999,-8.66146609231393,9.848979746199795,1.0750284187442887,composition_changes_sign
worst_case_2030,0.475,193.76675,34.65542343478029,53.16586927329401,44.37340749999999,-8.54953794647541,9.960907892038307,1.168446118744292,composition_changes_sign
worst_case_2030,0.476,194.17468,34.767351580618794,53.277797419132526,44.46682519999999,-8.437609800636906,10.072836037876826,1.2618638187442883,composition_changes_sign
worst_case_2030,0.477,194.58261000000002,34.87927972645732,53.389725564971044,44.56024289999999,-8.32568165479838,10.184764183715345,1.3552815187442917,composition_changes_sign
worst_case_2030,0.478,194.99054,34.99120787229583,53.501653710809556,44.653660599999995,-8.213753508959869,10.296692329553856,1.448699218744295,composition_changes_sign
worst_case_2030,0.479,195.39847,35.10313601813434,53.61358185664807,44.74707829999999,-8.101825363121357,10.408620475392368,1.5421169187442914,composition_changes_sign
worst_case_2030,0.48,195.8064,35.215064163972855,53.72551000248658,44.84049599999999,-7.989897217282845,10.52054862123088,1.6355346187442876,composition_changes_sign
worst_case_2030,0.481,196.21433000000002,35.326992309811374,53.8374381483251,44.9339137,-7.877969071444326,10.632476767069399,1.7289523187442981,composition_changes_sign
worst_case_2030,0.482,196.62226,35.438920455649885,53.94936629416361,45.02733139999999,-7.7660409256058145,10.74440491290791,1.8223700187442873,composition_changes_sign
worst_case_2030,0.483,197.03019,35.5508486014884,54.06129444000212,45.12074909999999,-7.654112779767303,10.856333058746422,1.9157877187442907,composition_changes_sign
worst_case_2030,0.484,197.43812,35.66277674732691,54.173222585840634,45.214166799999994,-7.542184633928791,10.968261204584934,2.009205418744294,composition_changes_sign
worst_case_2030,0.485,197.84605000000002,35.77470489316543,54.28515073167915,45.30758449999999,-7.430256488090272,11.080189350423453,2.1026231187442903,composition_changes_sign
worst_case_2030,0.486,198.25398,35.88663303900394,54.397078877517664,45.40100219999999,-7.31832834225176,11.192117496261965,2.1960408187442937,composition_changes_sign
worst_case_2030,0.487,198.66191,35.99856118484245,54.509007023356176,45.4944199,-7.206400196413249,11.304045642100476,2.289458518744297,composition_changes_sign
worst_case_2030,0.488,199.06984,36.11048933068096,54.62093516919469,45.587837599999986,-7.094472050574737,11.415973787938988,2.3828762187442862,composition_changes_sign
worst_case_2030,0.489,199.47777,36.222417476519475,54.7328633150332,45.68125529999999,-6.982543904736225,11.5279019337775,2.4762939187442896,composition_changes_sign
worst_case_2030,0.49,199.8857,36.33434562235799,54.84479146087172,45.77467299999999,-6.870615758897706,11.639830079616019,2.569711618744293,composition_changes_sign
worst_case_2030,0.491,200.29363,36.446273768196505,54.95671960671023,45.86809069999999,-6.758687613059195,11.75175822545453,2.6631293187442893,composition_changes_sign
worst_case_2030,0.492,200.70156,36.55820191403502,55.06864775254874,45.96150839999999,-6.646759467220683,11.863686371293042,2.7565470187442926,composition_changes_sign
worst_case_2030,0.493,201.10949,36.67013005987353,55.180575898387254,46.05492609999999,-6.534831321382171,11.975614517131554,2.849964718744289,composition_changes_sign
worst_case_2030,0.494,201.51742000000002,36.78205820571205,55.29250404422577,46.1483438,-6.422903175543652,12.087542662970073,2.9433824187442994,composition_changes_sign
worst_case_2030,0.495,201.92535,36.89398635155056,55.404432190064284,46.24176149999999,-6.310975029705141,12.199470808808584,3.0368001187442886,composition_changes_sign
worst_case_2030,0.496,202.33328,37.00591449738907,55.516360335902796,46.33517919999999,-6.199046883866629,12.311398954647096,3.130217818744292,composition_changes_sign
worst_case_2030,0.497,202.74121,37.11784264322758,55.62828848174131,46.42859689999999,-6.087118738028117,12.423327100485608,3.223635518744288,composition_changes_sign
worst_case_2030,0.498,203.14914000000002,37.22977078906611,55.74021662757983,46.52201459999999,-5.975190592189591,12.535255246324127,3.3170532187442916,composition_changes_sign
worst_case_2030,0.499,203.55707,37.34169893490461,55.85214477341834,46.615432299999995,-5.8632624463510865,12.647183392162638,3.410470918744295,composition_changes_sign
worst_case_2030,0.5,203.965,37.45362708074313,55.96407291925685,46.70885,-5.751334300512568,12.75911153800115,3.5038886187442984,composition_changes_sign
worst_case_2030,0.501,204.37293,37.56555522658164,56.07600106509536,46.80226769999999,-5.639406154674063,12.871039683839662,3.5973063187442875,composition_changes_sign
worst_case_2030,0.502,204.78086000000002,37.67748337242016,56.18792921093389,46.8956854,-5.527478008835537,12.982967829678188,3.690724018744298,composition_changes_sign
worst_case_2030,0.503,205.18879,37.789411518258675,56.2998573567724,46.98910309999999,-5.415549862997025,13.0948959755167,3.784141718744287,composition_changes_sign
worst_case_2030,0.504,205.59672,37.901339664097186,56.41178550261091,47.08252079999999,-5.303621717158514,13.206824121355211,3.8775594187442906,composition_changes_sign
worst_case_2030,0.505,206.00465,38.0132678099357,56.52371364844942,47.175938499999994,-5.191693571320002,13.318752267193723,3.970977118744294,composition_changes_sign
worst_case_2030,0.506,206.41258000000002,38.12519595577422,56.63564179428794,47.26935619999999,-5.079765425481483,13.430680413032242,4.06439481874429,composition_changes_sign
worst_case_2030,0.507,206.82051,38.23712410161273,56.74756994012645,47.36277389999999,-4.967837279642971,13.542608558870754,4.157812518744294,composition_changes_sign
worst_case_2030,0.508,207.22844,38.34905224745124,56.859498085964965,47.4561916,-4.8559091338044595,13.654536704709265,4.251230218744297,composition_changes_sign
worst_case_2030,0.509,207.63637,38.46098039328975,56.97142623180348,47.549609299999986,-4.743980987965948,13.766464850547777,4.344647918744286,composition_changes_sign
worst_case_2030,0.51,208.04430000000002,38.57290853912827,57.083354377641996,47.643027,-4.632052842127429,13.878392996386296,4.438065618744297,composition_changes_sign
worst_case_2030,0.511,208.45223000000001,38.68483668496678,57.19528252348051,47.73644469999999,-4.520124696288917,13.990321142224808,4.531483318744293,composition_changes_sign
worst_case_2030,0.512,208.86016,38.796764830805294,57.30721066931902,47.82986239999999,-4.4081965504504055,14.10224928806332,4.624901018744289,composition_changes_sign
worst_case_2030,0.513,209.26809,38.908692976643806,57.41913881515753,47.92328009999999,-4.296268404611894,14.214177433901831,4.7183187187442925,composition_changes_sign
worst_case_2030,0.514,209.67602,39.02062112248232,57.53106696099604,48.01669779999999,-4.184340258773382,14.326105579740343,4.811736418744289,composition_changes_sign
worst_case_2030,0.515,210.08395000000002,39.13254926832084,57.64299510683456,48.1101155,-4.072412112934863,14.438033725578862,4.905154118744299,composition_changes_sign
worst_case_2030,0.516,210.49188,39.24447741415935,57.75492325267307,48.20353319999999,-3.9604839670963514,14.549961871417374,4.9985718187442885,composition_changes_sign
worst_case_2030,0.517,210.89981,39.35640555999786,57.866851398511585,48.29695089999999,-3.8485558212578397,14.661890017255885,5.091989518744292,composition_changes_sign
worst_case_2030,0.518,211.30774,39.46833370583637,57.9787795443501,48.39036859999999,-3.736627675419328,14.773818163094397,5.185407218744288,composition_changes_sign
worst_case_2030,0.519,211.71567000000002,39.58026185167489,58.090707690188616,48.48378629999999,-3.624699529580809,14.885746308932916,5.2788249187442915,composition_changes_sign
worst_case_2030,0.52,212.1236,39.6921899975134,58.20263583602713,48.577203999999995,-3.5127713837422974,14.997674454771428,5.372242618744295,composition_changes_sign
worst_case_2030,0.521,212.53153,39.804118143351914,58.31456398186564,48.6706217,-3.4008432379037856,15.10960260060994,5.465660318744298,composition_changes_sign
worst_case_2030,0.522,212.93946,39.916046289190426,58.42649212770415,48.76403939999999,-3.288915092065274,15.221530746448451,5.559078018744287,composition_changes_sign
worst_case_2030,0.523,213.34739000000002,40.02797443502895,58.53842027354267,48.8574571,-3.176986946226748,15.33345889228697,5.652495718744298,composition_changes_sign
worst_case_2030,0.524,213.75532,40.13990258086746,58.65034841938118,48.95087479999999,-3.0650588003882433,15.445387038125482,5.745913418744287,composition_changes_sign
worst_case_2030,0.525,214.16325,40.251830726705975,58.76227656521969,49.04429249999999,-2.9531306545497245,15.557315183963993,5.8393311187442904,composition_changes_sign
worst_case_2030,0.526,214.57118,40.36375887254448,58.874204711058205,49.137710199999994,-2.84120250871122,15.669243329802505,5.932748818744294,composition_changes_sign
worst_case_2030,0.527,214.97911000000002,40.475687018383,58.98613285689673,49.23112789999999,-2.729274362872701,15.781171475641031,6.02616651874429,composition_changes_sign
worst_case_2030,0.528,215.38704,40.58761516422152,59.09806100273524,49.32454559999999,-2.617346217034182,15.893099621479543,6.1195842187442935,composition_changes_sign
worst_case_2030,0.529,215.79497,40.69954331006003,59.209989148573754,49.41796329999999,-2.5054180711956704,16.005027767318055,6.21300191874429,composition_changes_sign
worst_case_2030,0.53,216.2029,40.81147145589854,59.321917294412266,49.511380999999986,-2.3934899253571587,16.116955913156566,6.306419618744286,composition_changes_sign
worst_case_2030,0.531,216.61083000000002,40.92339960173706,59.433845440250785,49.604798699999996,-2.28156177951864,16.228884058995085,6.3998373187442965,composition_changes_sign
worst_case_2030,0.532,217.01876000000001,41.03532774757557,59.5457735860893,49.69821639999999,-2.169633633680128,16.340812204833597,6.493255018744293,composition_changes_sign
worst_case_2030,0.533,217.42669,41.14725589341408,59.65770173192781,49.79163409999999,-2.0577054878416163,16.45274035067211,6.586672718744289,composition_changes_sign
worst_case_2030,0.534,217.83462,41.259184039252595,59.76962987776632,49.88505179999999,-1.9457773420031046,16.56466849651062,6.680090418744292,composition_changes_sign
worst_case_2030,0.535,218.24255000000002,41.371112185091114,59.88155802360484,49.978469499999996,-1.8338491961645857,16.67659664234914,6.773508118744296,composition_changes_sign
worst_case_2030,0.536,218.65048000000002,41.483040330929626,59.99348616944335,50.0718872,-1.721921050326074,16.78852478818765,6.866925818744299,composition_changes_sign
worst_case_2030,0.537,219.05841,41.59496847676814,60.10541431528186,50.16530489999999,-1.6099929044875623,16.900452934026163,6.960343518744288,composition_changes_sign
worst_case_2030,0.538,219.46634,41.70689662260665,60.217342461120374,50.25872259999999,-1.4980647586490505,17.012381079864674,7.053761218744292,composition_changes_sign
worst_case_2030,0.539,219.87427,41.81882476844516,60.329270606958886,50.35214029999999,-1.3861366128105388,17.124309225703186,7.147178918744288,composition_changes_sign
worst_case_2030,0.54,220.28220000000002,41.93075291428368,60.441198752797405,50.44555799999999,-1.27420846697202,17.236237371541705,7.240596618744291,composition_changes_sign
worst_case_2030,0.541,220.69013,42.04268106012219,60.55312689863592,50.538975699999995,-1.1622803211335082,17.348165517380217,7.334014318744295,composition_changes_sign
worst_case_2030,0.542,221.09806,42.1546092059607,60.66505504447443,50.6323934,-1.0503521752949965,17.46009366321873,7.427432018744298,composition_changes_sign
worst_case_2030,0.543,221.50599,42.266537351799215,60.77698319031294,50.72581109999999,-0.9384240294564847,17.57202180905724,7.520849718744287,composition_changes_sign
worst_case_2030,0.544,221.91392000000002,42.378465497637734,60.88891133615146,50.8192288,-0.8264958836179659,17.68394995489576,7.614267418744298,composition_changes_sign
worst_case_2030,0.545,222.32185,42.490393643476246,61.00083948198997,50.91264649999999,-0.7145677377794541,17.79587810073427,7.707685118744287,composition_changes_sign
worst_case_2030,0.546,222.72978,42.60232178931476,61.11276762782848,51.00606419999999,-0.6026395919409424,17.907806246572783,7.80110281874429,composition_changes_sign
worst_case_2030,0.547,223.13771,42.71424993515327,61.224695773666994,51.099481899999994,-0.49071144610243067,18.019734392411294,7.894520518744294,composition_changes_sign
worst_case_2030,0.548,223.54564000000002,42.826178080991795,61.33662391950551,51.1928996,-0.3787833002639047,18.131662538249813,7.987938218744297,composition_changes_sign
worst_case_2030,0.549,223.95357,42.9381062268303,61.448552065344025,51.28631729999999,-0.2668551544254001,18.243590684088325,8.081355918744293,composition_changes_sign
worst_case_2030,0.55,224.3615,43.05003437266882,61.560480211182536,51.37973499999999,-0.15492700858688124,18.355518829926837,8.17477361874429,composition_changes_sign
worst_case_2030,0.551,224.76943,43.16196251850732,61.67240835702105,51.473152699999986,-0.04299886274837661,18.46744697576535,8.268191318744286,composition_changes_sign
worst_case_2030,0.552,225.17736000000002,43.27389066434584,61.784336502859574,51.566570399999996,0.06892928309014223,18.579375121603874,8.361609018744296,benefit_under_all_stream_compositions
worst_case_2030,0.553,225.58529000000001,43.38581881018436,61.896264648698086,51.65998809999999,0.18085742892866108,18.691303267442386,8.455026718744293,benefit_under_all_stream_compositions
worst_case_2030,0.554,225.99322,43.497746956022866,62.0081927945366,51.75340579999999,0.2927855747671657,18.803231413280898,8.548444418744289,benefit_under_all_stream_compositions
worst_case_2030,0.555,226.40115,43.609675101861384,62.12012094037511,51.84682349999999,0.40471372060568456,18.91515955911941,8.641862118744292,benefit_under_all_stream_compositions
worst_case_2030,0.556,226.80908000000002,43.7216032476999,62.23204908621363,51.940241199999996,0.5166418664442034,19.02708770495793,8.735279818744296,benefit_under_all_stream_compositions
worst_case_2030,0.557,227.21701000000002,43.833531393538415,62.34397723205214,52.0336589,0.6285700122827151,19.13901585079644,8.828697518744299,benefit_under_all_stream_compositions
worst_case_2030,0.558,227.62494,43.94545953937693,62.45590537789065,52.12707659999999,0.7404981581212269,19.250943996634952,8.922115218744288,benefit_under_all_stream_compositions
worst_case_2030,0.559,228.03287,44.05738768521544,62.56783352372916,52.22049429999999,0.8524263039597386,19.362872142473464,9.015532918744292,benefit_under_all_stream_compositions
worst_case_2030,0.56,228.44080000000002,44.16931583105396,62.67976166956768,52.31391199999999,0.9643544497982575,19.474800288311982,9.108950618744288,benefit_under_all_stream_compositions
worst_case_2030,0.561,228.84873000000002,44.28124397689247,62.791689815406194,52.40732969999999,1.0762825956367692,19.586728434150494,9.202368318744291,benefit_under_all_stream_compositions
worst_case_2030,0.562,229.25666,44.39317212273098,62.903617961244706,52.500747399999995,1.188210741475281,19.698656579989006,9.295786018744295,benefit_under_all_stream_compositions
worst_case_2030,0.563,229.66459,44.50510026856949,63.01554610708322,52.594165099999984,1.3001388873137927,19.810584725827518,9.389203718744284,benefit_under_all_stream_compositions
worst_case_2030,0.564,230.07252,44.617028414408004,63.12747425292173,52.68758279999999,1.4120670331523044,19.92251287166603,9.482621418744287,benefit_under_all_stream_compositions
worst_case_2030,0.565,230.48045000000002,44.72895656024652,63.23940239876025,52.7810005,1.5239951789908233,20.034441017504548,9.576039118744298,benefit_under_all_stream_compositions
worst_case_2030,0.566,230.88838,44.840884706085035,63.35133054459876,52.87441819999999,1.635923324829335,20.14636916334306,9.669456818744287,benefit_under_all_stream_compositions
worst_case_2030,0.567,231.29631,44.95281285192355,63.46325869043727,52.96783589999999,1.7478514706678467,20.25829730918157,9.76287451874429,benefit_under_all_stream_compositions
worst_case_2030,0.568,231.70424,45.06474099776206,63.57518683627578,53.06125359999999,1.8597796165063585,20.370225455020083,9.856292218744294,benefit_under_all_stream_compositions
worst_case_2030,0.569,232.11217000000002,45.17666914360058,63.6871149821143,53.1546713,1.9717077623448773,20.482153600858602,9.949709918744297,benefit_under_all_stream_compositions
worst_case_2030,0.57,232.5201,45.288597289439096,63.799043127952814,53.24808899999999,2.083635908183396,20.594081746697114,10.043127618744293,benefit_under_all_stream_compositions
worst_case_2030,0.571,232.92803,45.4005254352776,63.910971273791326,53.34150669999999,2.195564054021901,20.706009892535626,10.13654531874429,benefit_under_all_stream_compositions
worst_case_2030,0.572,233.33596,45.51245358111612,64.02289941962984,53.434924399999986,2.3074921998604196,20.817938038374137,10.229963018744286,benefit_under_all_stream_compositions
worst_case_2030,0.573,233.74389000000002,45.62438172695464,64.13482756546836,53.52834209999999,2.4194203456989385,20.929866184212656,10.32338071874429,benefit_under_all_stream_compositions
worst_case_2030,0.574,234.15182000000001,45.73630987279314,64.24675571130688,53.62175979999999,2.531348491537443,21.041794330051175,10.416798418744293,benefit_under_all_stream_compositions
worst_case_2030,0.575,234.55975,45.84823801863166,64.35868385714538,53.71517749999999,2.643276637375962,21.15372247588968,10.510216118744289,benefit_under_all_stream_compositions
worst_case_2030,0.576,234.96768,45.96016616447017,64.4706120029839,53.80859519999999,2.7552047832144666,21.2656506217282,10.603633818744292,benefit_under_all_stream_compositions
worst_case_2030,0.577,235.37561000000002,46.072094310308685,64.58254014882242,53.902012899999995,2.8671329290529854,21.377578767566717,10.697051518744296,benefit_under_all_stream_compositions
worst_case_2030,0.578,235.78354000000002,46.184022456147204,64.69446829466092,53.9954306,2.9790610748915043,21.489506913405222,10.790469218744299,benefit_under_all_stream_compositions
worst_case_2030,0.579,236.19147,46.29595060198571,64.80639644049944,54.08884829999999,3.090989220730009,21.60143505924374,10.883886918744288,benefit_under_all_stream_compositions
worst_case_2030,0.58,236.5994,46.40787874782423,64.91832458633795,54.18226599999999,3.2029173665685278,21.713363205082246,10.977304618744292,benefit_under_all_stream_compositions
worst_case_2030,0.581,237.00733000000002,46.51980689366275,65.03025273217646,54.27568369999999,3.3148455124070466,21.825291350920764,11.070722318744288,benefit_under_all_stream_compositions
worst_case_2030,0.582,237.41526000000002,46.63173503950125,65.1361840014421,54.36910139999999,3.4267736582455512,21.931222620186404,11.164140018744291,benefit_under_all_stream_compositions
worst_case_2030,0.583,237.82319,46.74366318533977,65.20384313062524,54.462519099999994,3.53870180408407,21.998881749369545,11.257557718744295,benefit_under_all_stream_compositions
worst_case_2030,0.584,238.23112,46.85559133117828,65.2715022598084,54.555936799999984,3.650629949922582,22.0665408785527,11.350975418744284,benefit_under_all_stream_compositions
worst_case_2030,0.585,238.63905000000003,46.9675194770168,65.33916138899156,54.649354499999994,3.7625580957611007,22.134200007735856,11.444393118744294,benefit_under_all_stream_compositions
worst_case_2030,0.586,239.04698000000002,47.07944762285531,65.40682051817471,54.7427722,3.8744862415996124,22.201859136919012,11.537810818744298,benefit_under_all_stream_compositions
worst_case_2030,0.587,239.45491,47.191375768693824,65.47447964735787,54.83618989999999,3.986414387438124,22.269518266102168,11.631228518744287,benefit_under_all_stream_compositions
worst_case_2030,0.588,239.86284,47.303303914532336,65.54213877654101,54.92960759999999,4.098342533276636,22.33717739528531,11.72464621874429,benefit_under_all_stream_compositions
worst_case_2030,0.589,240.27077,47.41523206037085,65.60979790572416,55.02302529999999,4.210270679115148,22.404836524468465,11.818063918744294,benefit_under_all_stream_compositions
worst_case_2030,0.59,240.67870000000002,47.527160206209366,65.67745703490732,55.116443,4.3221988249536665,22.47249565365162,11.911481618744297,benefit_under_all_stream_compositions
worst_case_2030,0.591,241.08663,47.63908835204788,65.74511616409048,55.20986069999999,4.434126970792178,22.540154782834776,12.004899318744293,benefit_under_all_stream_compositions
worst_case_2030,0.592,241.49456,47.75101649788639,65.81277529327363,55.30327839999999,4.54605511663069,22.60781391201793,12.09831701874429,benefit_under_all_stream_compositions
worst_case_2030,0.593,241.90249,47.8629446437249,65.88043442245677,55.396696099999986,4.657983262469202,22.675473041201073,12.191734718744286,benefit_under_all_stream_compositions
worst_case_2030,0.594,242.31042000000002,47.97487278956342,65.94809355163993,55.49011379999999,4.7699114083077205,22.74313217038423,12.285152418744289,benefit_under_all_stream_compositions
worst_case_2030,0.595,242.71835000000002,48.08680093540193,66.01575268082308,55.58353149999999,4.881839554146232,22.810791299567384,12.378570118744292,benefit_under_all_stream_compositions
worst_case_2030,0.596,243.12628,48.198729081240444,66.08341181000624,55.67694919999999,4.993767699984744,22.87845042875054,12.471987818744289,benefit_under_all_stream_compositions
worst_case_2030,0.597,243.53421,48.31065722707896,66.1510709391894,55.770366899999985,5.105695845823263,22.946109557933696,12.565405518744285,benefit_under_all_stream_compositions
worst_case_2030,0.598,243.94214000000002,48.42258537291748,66.21873006837255,55.863784599999995,5.217623991661782,23.01376868711685,12.658823218744296,benefit_under_all_stream_compositions
worst_case_2030,0.599,244.35007000000002,48.534513518755986,66.28638919755569,55.9572023,5.329552137500286,23.081427816299993,12.752240918744299,benefit_under_all_stream_compositions
worst_case_2030,0.6,244.758,48.646441664594505,66.35404832673885,56.05061999999999,5.441480283338805,23.14908694548315,12.845658618744288,benefit_under_all_stream_compositions
worst_case_2030,0.601,245.16593,48.75836981043301,66.421707455922,56.14403769999999,5.55340842917731,23.216746074666304,12.939076318744291,benefit_under_all_stream_compositions
worst_case_2030,0.602,245.57386000000002,48.87029795627153,66.48936658510516,56.23745539999999,5.665336575015829,23.28440520384946,13.032494018744288,benefit_under_all_stream_compositions
worst_case_2030,0.603,245.98179000000002,48.98222610211005,66.55702571428832,56.33087309999999,5.7772647208543475,23.352064333032615,13.125911718744291,benefit_under_all_stream_compositions
worst_case_2030,0.604,246.38972,49.09415424794855,66.62468484347146,56.424290799999994,5.889192866692852,23.419723462215757,13.219329418744294,benefit_under_all_stream_compositions
worst_case_2030,0.605,246.79765,49.20608239378707,66.69234397265461,56.51770849999998,6.001121012531371,23.487382591398912,13.312747118744284,benefit_under_all_stream_compositions
worst_case_2030,0.606,247.20558000000003,49.31801053962559,66.76000310183777,56.611126199999994,6.11304915836989,23.555041720582068,13.406164818744294,benefit_under_all_stream_compositions
worst_case_2030,0.607,247.61351000000002,49.429938685464094,66.82766223102092,56.70454389999999,6.2249773042083945,23.622700849765224,13.49958251874429,benefit_under_all_stream_compositions
worst_case_2030,0.608,248.02144,49.54186683130261,66.89532136020408,56.79796159999999,6.336905450046913,23.69035997894838,13.593000218744287,benefit_under_all_stream_compositions
worst_case_2030,0.609,248.42937,49.653794977141125,66.96298048938722,56.89137929999999,6.448833595885425,23.75801910813152,13.68641791874429,benefit_under_all_stream_compositions
worst_case_2030,0.61,248.83730000000003,49.765723122979644,67.03063961857038,56.98479699999999,6.560761741723944,23.825678237314676,13.779835618744293,benefit_under_all_stream_compositions
worst_case_2030,0.611,249.24523000000002,49.877651268818155,67.09829874775353,57.0782147,6.672689887562456,23.893337366497832,13.873253318744297,benefit_under_all_stream_compositions
worst_case_2030,0.612,249.65316,49.98957941465667,67.16595787693669,57.17163239999999,6.784618033400967,23.960996495680988,13.966671018744293,benefit_under_all_stream_compositions
worst_case_2030,0.613,250.06109,50.10150756049518,67.23361700611984,57.26505009999999,6.896546179239479,24.028655624864143,14.06008871874429,benefit_under_all_stream_compositions
worst_case_2030,0.614,250.46902000000003,50.2134357063337,67.301276135303,57.3584678,7.008474325077998,24.0963147540473,14.1535064187443,benefit_under_all_stream_compositions
worst_case_2030,0.615,250.87695000000002,50.32536385217221,67.36893526448614,57.45188549999999,7.12040247091651,24.16397388323044,14.246924118744289,benefit_under_all_stream_compositions
worst_case_2030,0.616,251.28488000000002,50.43729199801072,67.4365943936693,57.54530319999999,7.232330616755021,24.231633012413596,14.340341818744292,benefit_under_all_stream_compositions
worst_case_2030,0.617,251.69281,50.54922014384923,67.50425352285245,57.638720899999996,7.344258762593533,24.29929214159675,14.433759518744296,benefit_under_all_stream_compositions
worst_case_2030,0.618,252.10074,50.661148289687745,67.57191265203559,57.732138599999985,7.456186908432045,24.366951270779893,14.527177218744285,benefit_under_all_stream_compositions
worst_case_2030,0.619,252.50867000000002,50.773076435526264,67.63957178121876,57.825556299999995,7.568115054270564,24.434610399963063,14.620594918744295,benefit_under_all_stream_compositions
worst_case_2030,0.62,252.91660000000002,50.885004581364775,67.7072309104019,57.918974,7.6800432001090755,24.502269529146204,14.714012618744299,benefit_under_all_stream_compositions
worst_case_2030,0.621,253.32453,50.99693272720329,67.77489003958506,58.01239169999999,7.791971345947587,24.56992865832936,14.807430318744288,benefit_under_all_stream_compositions
worst_case_2030,0.622,253.73246,51.108860873041806,67.84254916876822,58.10580939999999,7.903899491786106,24.637587787512516,14.900848018744291,benefit_under_all_stream_compositions
worst_case_2030,0.623,254.14039000000002,51.220789018880325,67.91020829795137,58.19922709999999,8.015827637624625,24.70524691669567,14.994265718744288,benefit_under_all_stream_compositions
worst_case_2030,0.624,254.54832000000002,51.33271716471883,67.97786742713451,58.29264479999999,8.12775578346313,24.772906045878813,15.087683418744291,benefit_under_all_stream_compositions
worst_case_2030,0.625,254.95625,51.44464531055735,68.04552655631767,58.386062499999994,8.239683929301648,24.84056517506197,15.181101118744294,benefit_under_all_stream_compositions
worst_case_2030,0.626,255.36418,51.55657345639585,68.11318568550082,58.47948019999998,8.351612075140153,24.908224304245124,15.274518818744284,benefit_under_all_stream_compositions
worst_case_2030,0.627,255.77211000000003,51.66850160223437,68.18084481468398,58.572897899999994,8.463540220978672,24.97588343342828,15.367936518744294,benefit_under_all_stream_compositions
worst_case_2030,0.628,256.18004,51.78042974807289,68.24850394386714,58.66631559999999,8.57546836681719,25.043542562611435,15.46135421874429,benefit_under_all_stream_compositions
worst_case_2030,0.629,256.58797,51.892357893911395,68.31616307305028,58.75973329999998,8.687396512655695,25.111201691794577,15.55477191874428,benefit_under_all_stream_compositions
worst_case_2030,0.63,256.9959,52.004286039749914,68.38382220223343,58.85315099999999,8.799324658494214,25.178860820977732,15.64818961874429,benefit_under_all_stream_compositions
worst_case_2030,0.631,257.40383,52.11621418558843,68.45148133141659,58.94656869999999,8.911252804332733,25.246519950160888,15.741607318744293,benefit_under_all_stream_compositions
worst_case_2030,0.632,257.81176,52.22814233142694,68.51914046059974,59.03998639999998,9.023180950171238,25.314179079344044,15.835025018744282,benefit_under_all_stream_compositions
worst_case_2030,0.633,258.21969,52.340070477265456,68.5867995897829,59.13340409999999,9.135109096009757,25.3818382085272,15.928442718744293,benefit_under_all_stream_compositions
worst_case_2030,0.634,258.62762,52.45199862310396,68.65445871896604,59.22682179999999,9.247037241848261,25.44949733771034,16.02186041874429,benefit_under_all_stream_compositions
worst_case_2030,0.635,259.03555,52.56392676894248,68.7221178481492,59.320239499999985,9.35896538768678,25.517156466893496,16.115278118744286,benefit_under_all_stream_compositions
worst_case_2030,0.636,259.44348,52.675854914781,68.78977697733235,59.41365719999999,9.470893533525299,25.584815596076652,16.20869581874429,benefit_under_all_stream_compositions
worst_case_2030,0.637,259.85141,52.7877830606195,68.85743610651551,59.507074899999985,9.582821679363803,25.652474725259808,16.302113518744285,benefit_under_all_stream_compositions
worst_case_2030,0.638,260.25934,52.89971120645802,68.92509523569866,59.600492599999995,9.694749825202322,25.720133854442963,16.395531218744296,benefit_under_all_stream_compositions
worst_case_2030,0.639,260.66727000000003,53.01163935229654,68.99275436488182,59.69391029999999,9.806677971040841,25.78779298362612,16.488948918744292,benefit_under_all_stream_compositions
worst_case_2030,0.64,261.0752,53.123567498135046,69.06041349406496,59.78732799999999,9.918606116879346,25.85545211280926,16.582366618744288,benefit_under_all_stream_compositions
worst_case_2030,0.641,261.48313,53.235495643973564,69.12807262324812,59.8807457,10.030534262717865,25.923111241992416,16.6757843187443,benefit_under_all_stream_compositions
worst_case_2030,0.642,261.89106,53.34742378981207,69.19573175243127,59.97416339999998,10.14246240855637,25.99077037117557,16.76920201874428,benefit_under_all_stream_compositions
worst_case_2030,0.643,262.29899,53.45935193565059,69.26339088161443,60.06758109999999,10.254390554394888,26.058429500358727,16.86261971874429,benefit_under_all_stream_compositions
worst_case_2030,0.644,262.70691999999997,53.57128008148909,69.33105001079757,60.16099879999998,10.366318700233393,26.12608862954187,16.95603741874428,benefit_under_all_stream_compositions
worst_case_2030,0.645,263.11485,53.68320822732761,69.39870913998072,60.254416499999984,10.478246846071912,26.193747758725024,17.049455118744284,benefit_under_all_stream_compositions
worst_case_2030,0.646,263.52278,53.79513637316613,69.46636826916388,60.347834199999994,10.59017499191043,26.26140688790818,17.142872818744294,benefit_under_all_stream_compositions
worst_case_2030,0.647,263.93071000000003,53.90706451900465,69.53402739834704,60.4412519,10.70210313774895,26.329066017091336,17.236290518744298,benefit_under_all_stream_compositions
worst_case_2030,0.648,264.33864,54.018992664843154,69.60168652753018,60.53466959999999,10.814031283587454,26.396725146274477,17.329708218744287,benefit_under_all_stream_compositions
worst_case_2030,0.649,264.74657,54.13092081068167,69.66934565671335,60.62808729999999,10.925959429425973,26.464384275457647,17.42312591874429,benefit_under_all_stream_compositions
worst_case_2030,0.65,265.1545,54.24284895652018,69.73700478589649,60.72150499999998,11.037887575264477,26.53204340464079,17.51654361874428,benefit_under_all_stream_compositions
worst_case_2030,0.651,265.56243,54.354777102358696,69.80466391507964,60.81492269999999,11.149815721102996,26.599702533823944,17.60996131874429,benefit_under_all_stream_compositions
worst_case_2030,0.652,265.97035999999997,54.4667052481972,69.87232304426279,60.908340399999986,11.2617438669415,26.667361663007085,17.703379018744286,benefit_under_all_stream_compositions
worst_case_2030,0.653,266.37829,54.57863339403572,69.93998217344594,61.00175809999998,11.37367201278002,26.73502079219024,17.796796718744282,benefit_under_all_stream_compositions
worst_case_2030,0.654,266.78622,54.69056153987424,70.00764130262911,61.09517579999999,11.485600158618539,26.80267992137341,17.890214418744293,benefit_under_all_stream_compositions
worst_case_2030,0.655,267.19415000000004,54.80248968571276,70.07530043181227,61.188593499999996,11.597528304457057,26.870339050556566,17.983632118744296,benefit_under_all_stream_compositions
worst_case_2030,0.656,267.60208,54.91441783155126,70.14295956099541,61.282011199999985,11.709456450295562,26.937998179739708,18.077049818744285,benefit_under_all_stream_compositions
worst_case_2030,0.657,268.01001,55.02634597738978,70.21061869017856,61.37542889999999,11.82138459613408,27.005657308922864,18.17046751874429,benefit_under_all_stream_compositions
worst_case_2030,0.658,268.41794,55.138274123228285,70.2782778193617,61.468846599999985,11.933312741972586,27.073316438106005,18.263885218744285,benefit_under_all_stream_compositions
worst_case_2030,0.659,268.82587,55.250202269066804,70.34593694854486,61.562264299999995,12.045240887811104,27.14097556728916,18.357302918744296,benefit_under_all_stream_compositions
worst_case_2030,0.66,269.2338,55.36213041490531,70.41359607772802,61.655681999999985,12.157169033649609,27.208634696472316,18.450720618744285,benefit_under_all_stream_compositions
worst_case_2030,0.661,269.64173,55.47405856074383,70.48125520691117,61.74909969999999,12.269097179488128,27.276293825655472,18.544138318744288,benefit_under_all_stream_compositions
worst_case_2030,0.662,270.04966,55.585986706582354,70.54891433609433,61.842517399999984,12.381025325326654,27.343952954838628,18.637556018744284,benefit_under_all_stream_compositions
worst_case_2030,0.663,270.45759000000004,55.69791485242087,70.61657346527748,61.935935099999995,12.492953471165173,27.411612084021783,18.730973718744295,benefit_under_all_stream_compositions
worst_case_2030,0.664,270.86552,55.80984299825938,70.68423259446062,62.02935279999999,12.604881617003677,27.479271213204925,18.82439141874429,benefit_under_all_stream_compositions
worst_case_2030,0.665,271.27345,55.921771144097896,70.75189172364378,62.122770499999994,12.716809762842196,27.54693034238808,18.917809118744294,benefit_under_all_stream_compositions
worst_case_2030,0.666,271.68138,56.0336992899364,70.81955085282694,62.21618819999998,12.8287379086807,27.614589471571236,19.011226818744284,benefit_under_all_stream_compositions
worst_case_2030,0.667,272.08931,56.14562743577492,70.88720998201009,62.309605899999994,12.94066605451922,27.68224860075439,19.104644518744294,benefit_under_all_stream_compositions
worst_case_2030,0.668,272.49724,56.257555581613424,70.95486911119323,62.40302359999998,13.052594200357724,27.749907729937533,19.198062218744283,benefit_under_all_stream_compositions
worst_case_2030,0.669,272.90517,56.36948372745194,71.02252824037639,62.49644129999999,13.164522346196243,27.81756685912069,19.291479918744287,benefit_under_all_stream_compositions
worst_case_2030,0.67,273.31309999999996,56.48141187329045,71.09018736955954,62.58985899999998,13.276450492034748,27.885225988303844,19.384897618744283,benefit_under_all_stream_compositions
worst_case_2030,0.671,273.72103000000004,56.59334001912899,71.15784649874271,62.6832767,13.388378637873288,27.952885117487014,19.4783153187443,benefit_under_all_stream_compositions
worst_case_2030,0.672,274.12896,56.705268164967485,71.22550562792586,62.77669439999999,13.500306783711785,28.020544246670156,19.57173301874429,benefit_under_all_stream_compositions
worst_case_2030,0.673,274.53689,56.81719631080601,71.29316475710901,62.87011209999999,13.612234929550311,28.08820337585331,19.665150718744293,benefit_under_all_stream_compositions
worst_case_2030,0.674,274.94482,56.92912445664451,71.36082388629215,62.96352979999998,13.724163075388809,28.155862505036453,19.758568418744282,benefit_under_all_stream_compositions
worst_case_2030,0.675,275.35275,57.041052602483035,71.42848301547531,63.05694749999999,13.836091221227335,28.22352163421961,19.851986118744293,benefit_under_all_stream_compositions
worst_case_2030,0.676,275.76068,57.15298074832154,71.49614214465846,63.150365199999975,13.94801936706584,28.291180763402764,19.945403818744275,benefit_under_all_stream_compositions
worst_case_2030,0.677,276.16861,57.26490889416006,71.56380127384162,63.243782899999985,14.059947512904358,28.35883989258592,20.038821518744285,benefit_under_all_stream_compositions
worst_case_2030,0.678,276.57653999999997,57.37683703999856,71.63146040302476,63.33720059999998,14.171875658742863,28.42649902176906,20.13223921874428,benefit_under_all_stream_compositions
worst_case_2030,0.679,276.98447000000004,57.488765185837096,71.69911953220793,63.4306183,14.283803804581396,28.49415815095223,20.2256569187443,benefit_under_all_stream_compositions
worst_case_2030,0.68,277.3924,57.6006933316756,71.76677866139107,63.524035999999995,14.3957319504199,28.561817280135372,20.319074618744295,benefit_under_all_stream_compositions
worst_case_2030,0.681,277.80033000000003,57.71262147751412,71.83443779057423,63.61745369999999,14.50766009625842,28.629476409318528,20.41249231874429,benefit_under_all_stream_compositions
worst_case_2030,0.682,278.20826,57.824549623352624,71.90209691975738,63.71087139999999,14.619588242096924,28.697135538501684,20.505910018744288,benefit_under_all_stream_compositions
worst_case_2030,0.683,278.61619,57.93647776919114,71.96975604894054,63.804289099999984,14.731516387935443,28.76479466768484,20.599327718744284,benefit_under_all_stream_compositions
worst_case_2030,0.684,279.02412,58.04840591502965,72.03741517812368,63.89770679999998,14.843444533773948,28.83245379686798,20.69274541874428,benefit_under_all_stream_compositions
worst_case_2030,0.685,279.43205,58.160334060868166,72.10507430730684,63.99112449999999,14.955372679612466,28.900112926051136,20.78616311874429,benefit_under_all_stream_compositions
worst_case_2030,0.686,279.83997999999997,58.27226220670667,72.17273343648999,64.08454219999999,15.067300825450971,28.967772055234292,20.879580818744287,benefit_under_all_stream_compositions
worst_case_2030,0.687,280.24791000000005,58.384190352545204,72.24039256567315,64.1779599,15.179228971289504,29.035431184417448,20.972998518744305,benefit_under_all_stream_compositions
worst_case_2030,0.688,280.65584,58.49611849838371,72.3080516948563,64.2713776,15.291157117128009,29.103090313600603,21.066416218744294,benefit_under_all_stream_compositions
worst_case_2030,0.689,281.06377000000003,58.60804664422223,72.37571082403946,64.3647953,15.403085262966528,29.17074944278376,21.159833918744297,benefit_under_all_stream_compositions
worst_case_2030,0.69,281.4717,58.71997479006073,72.4433699532226,64.45821299999999,15.515013408805032,29.2384085719669,21.253251618744287,benefit_under_all_stream_compositions
worst_case_2030,0.691,281.87963,58.83190293589925,72.51102908240576,64.55163069999999,15.626941554643551,29.306067701150056,21.34666931874429,benefit_under_all_stream_compositions
worst_case_2030,0.692,282.28756,58.943831081737756,72.57868821158891,64.64504839999998,15.738869700482056,29.37372683033321,21.44008701874428,benefit_under_all_stream_compositions
worst_case_2030,0.693,282.69549,59.055759227576274,72.64634734077207,64.7384661,15.850797846320575,29.441385959516367,21.533504718744297,benefit_under_all_stream_compositions
worst_case_2030,0.694,283.10341999999997,59.16768737341478,72.71400646995521,64.83188379999999,15.96272599215908,29.50904508869951,21.626922418744286,benefit_under_all_stream_compositions
worst_case_2030,0.695,283.51135,59.2796155192533,72.78166559913836,64.92530149999999,16.074654137997598,29.576704217882664,21.72034011874429,benefit_under_all_stream_compositions
worst_case_2030,0.696,283.91928,59.39154366509182,72.84932472832152,65.01871919999999,16.186582283836117,29.64436334706582,21.813757818744293,benefit_under_all_stream_compositions
worst_case_2030,0.697,284.32721000000004,59.503471810930336,72.91698385750468,65.1121369,16.298510429674636,29.712022476248976,21.907175518744296,benefit_under_all_stream_compositions
worst_case_2030,0.698,284.73514,59.61539995676884,72.98464298668783,65.20555459999999,16.41043857551314,29.77968160543213,22.000593218744285,benefit_under_all_stream_compositions
worst_case_2030,0.699,285.14307,59.72732810260736,73.05230211587099,65.29897229999999,16.52236672135166,29.847340734615287,22.09401091874429,benefit_under_all_stream_compositions
worst_case_2030,0.7,285.551,59.839256248445864,73.11996124505413,65.39238999999998,16.634294867190164,29.91499986379843,22.187428618744278,benefit_under_all_stream_compositions
worst_case_2030,0.701,285.95893,59.95118439428438,73.18762037423728,65.4858077,16.746223013028683,29.982658992981584,22.280846318744295,benefit_under_all_stream_compositions
worst_case_2030,0.702,286.36686,60.06311254012289,73.25527950342044,65.57922539999998,16.858151158867187,30.05031812216474,22.374264018744284,benefit_under_all_stream_compositions
worst_case_2030,0.703,286.77479,60.175040685961406,73.3229386326036,65.67264309999999,16.970079304705706,30.117977251347895,22.467681718744288,benefit_under_all_stream_compositions
worst_case_2030,0.704,287.18272,60.286968831799925,73.39059776178675,65.76606079999999,17.082007450544225,30.18563638053105,22.56109941874429,benefit_under_all_stream_compositions
worst_case_2030,0.705,287.59065000000004,60.39889697763845,73.4582568909699,65.8594785,17.19393559638275,30.253295509714206,22.654517118744295,benefit_under_all_stream_compositions
worst_case_2030,0.706,287.99858,60.510825123476955,73.52591602015305,65.95289619999998,17.305863742221256,30.320954638897348,22.747934818744284,benefit_under_all_stream_compositions
worst_case_2030,0.707,288.40651,60.622753269315474,73.5935751493362,66.04631389999999,17.417791888059774,30.388613768080504,22.841352518744287,benefit_under_all_stream_compositions
worst_case_2030,0.708,288.81444,60.73468141515398,73.66123427851936,66.13973159999998,17.52972003389828,30.45627289726366,22.934770218744276,benefit_under_all_stream_compositions
worst_case_2030,0.709,289.22237,60.8466095609925,73.72889340770251,66.2331493,17.641648179736798,30.523932026446815,23.028187918744294,benefit_under_all_stream_compositions
worst_case_2030,0.71,289.6303,60.958537706831,73.79655253688566,66.32656699999998,17.753576325575303,30.591591155629956,23.121605618744283,benefit_under_all_stream_compositions
worst_case_2030,0.711,290.03823,61.07046585266952,73.86421166606881,66.41998469999999,17.86550447141382,30.659250284813112,23.215023318744286,benefit_under_all_stream_compositions
worst_case_2030,0.712,290.44616,61.18239399850804,73.93187079525197,66.51340239999999,17.97743261725234,30.726909413996268,23.30844101874429,benefit_under_all_stream_compositions
worst_case_2030,0.713,290.85409000000004,61.29432214434656,73.99952992443512,66.6068201,18.08936076309086,30.794568543179423,23.401858718744293,benefit_under_all_stream_compositions
worst_case_2030,0.714,291.26202,61.40625029018506,74.06718905361828,66.7002378,18.201288908929364,30.86222767236258,23.495276418744297,benefit_under_all_stream_compositions
worst_case_2030,0.715,291.66995000000003,61.51817843602358,74.13484818280143,66.79365549999999,18.313217054767883,30.929886801545734,23.588694118744286,benefit_under_all_stream_compositions
worst_case_2030,0.716,292.07788,61.63010658186209,74.20250731198458,66.88707319999999,18.425145200606387,30.997545930728876,23.68211181874429,benefit_under_all_stream_compositions
worst_case_2030,0.717,292.48581,61.742034727700606,74.27016644116773,66.98049089999999,18.537073346444906,31.06520505991203,23.775529518744293,benefit_under_all_stream_compositions
worst_case_2030,0.718,292.89374,61.85396287353911,74.33782557035087,67.07390859999998,18.64900149228341,31.132864189095173,23.86894721874428,benefit_under_all_stream_compositions
worst_case_2030,0.719,293.30167,61.96589101937763,74.40548469953404,67.16732629999998,18.76092963812193,31.200523318278343,23.962364918744285,benefit_under_all_stream_compositions
worst_case_2030,0.72,293.70959999999997,62.077819165216134,74.47314382871718,67.26074399999997,18.872857783960434,31.268182447461484,24.055782618744274,benefit_under_all_stream_compositions
worst_case_2030,0.721,294.11753000000004,62.18974731105467,74.54080295790035,67.3541617,18.984785929798967,31.335841576644654,24.149200318744306,benefit_under_all_stream_compositions
worst_case_2030,0.722,294.52546,62.30167545689317,74.6084620870835,67.4475794,19.096714075637472,31.403500705827796,24.242618018744295,benefit_under_all_stream_compositions
worst_case_2030,0.723,294.93339000000003,62.41360360273169,74.67612121626665,67.5409971,19.20864222147599,31.47115983501095,24.3360357187443,benefit_under_all_stream_compositions
worst_case_2030,0.724,295.34132,62.525531748570195,74.7437803454498,67.63441479999999,19.320570367314495,31.538818964194107,24.429453418744288,benefit_under_all_stream_compositions
worst_case_2030,0.725,295.74925,62.637459894408714,74.81143947463295,67.72783249999999,19.432498513153014,31.60647809337725,24.52287111874429,benefit_under_all_stream_compositions
worst_case_2030,0.726,296.15718,62.74938804024722,74.8790986038161,67.82125019999998,19.54442665899152,31.674137222560404,24.61628881874428,benefit_under_all_stream_compositions
worst_case_2030,0.727,296.56511,62.86131618608574,74.94675773299926,67.91466789999998,19.656354804830038,31.74179635174356,24.709706518744284,benefit_under_all_stream_compositions
worst_case_2030,0.728,296.97303999999997,62.97324433192424,75.0144168621824,68.00808559999999,19.768282950668542,31.8094554809267,24.803124218744287,benefit_under_all_stream_compositions
worst_case_2030,0.729,297.38097000000005,63.08517247776278,75.08207599136557,68.1015033,19.880211096507082,31.87711461010987,24.896541918744305,benefit_under_all_stream_compositions
worst_case_2030,0.73,297.7889,63.19710062360128,75.14973512054871,68.19492099999998,19.99213924234558,31.944773739293012,24.98995961874428,benefit_under_all_stream_compositions
worst_case_2030,0.731,298.19683000000003,63.309028769439806,75.21739424973188,68.2883387,20.104067388184106,32.01243286847618,25.083377318744297,benefit_under_all_stream_compositions
worst_case_2030,0.732,298.60476,63.42095691527831,75.28505337891502,68.38175639999999,20.21599553402261,32.08009199765932,25.176795018744286,benefit_under_all_stream_compositions
worst_case_2030,0.733,299.01269,63.53288506111683,75.35271250809818,68.47517409999999,20.32792367986113,32.14775112684248,25.27021271874429,benefit_under_all_stream_compositions
worst_case_2030,0.734,299.42062,63.644813206955334,75.42037163728132,68.56859179999998,20.439851825699634,32.21541025602562,25.36363041874428,benefit_under_all_stream_compositions
worst_case_2030,0.735,299.82855,63.75674135279385,75.48803076646448,68.6620095,20.551779971538153,32.283069385208776,25.457048118744297,benefit_under_all_stream_compositions
worst_case_2030,0.736,300.23648,63.86866949863236,75.55568989564763,68.75542719999999,20.663708117376657,32.35072851439193,25.550465818744286,benefit_under_all_stream_compositions
worst_case_2030,0.737,300.64441000000005,63.98059764447089,75.62334902483079,68.84884489999999,20.77563626321519,32.41838764357509,25.64388351874429,benefit_under_all_stream_compositions
worst_case_2030,0.738,301.05234,64.0925257903094,75.69100815401394,68.94226259999999,20.887564409053695,32.48604677275824,25.737301218744292,benefit_under_all_stream_compositions
worst_case_2030,0.739,301.46027000000004,64.20445393614791,75.7586672831971,69.0356803,20.999492554892214,32.5537059019414,25.830718918744296,benefit_under_all_stream_compositions
worst_case_2030,0.74,301.8682,64.31638208198642,75.82632641238024,69.12909799999998,21.11142070073072,32.62136503112454,25.924136618744285,benefit_under_all_stream_compositions
worst_case_2030,0.741,302.27613,64.42831022782494,75.8939855415634,69.22251569999999,21.223348846569237,32.689024160307696,26.01755431874429,benefit_under_all_stream_compositions
worst_case_2030,0.742,302.68406,64.54023837366344,75.96164467074655,69.31593339999998,21.335276992407742,32.75668328949085,26.110972018744278,benefit_under_all_stream_compositions
worst_case_2030,0.743,303.09199,64.65216651950196,76.0293037999297,69.4093511,21.44720513824626,32.82434241867401,26.204389718744295,benefit_under_all_stream_compositions
worst_case_2030,0.744,303.49992,64.76409466534047,76.09696292911285,69.50276879999997,21.559133284084766,32.89200154785715,26.29780741874427,benefit_under_all_stream_compositions
worst_case_2030,0.745,303.90785,64.87602281117898,76.164622058296,69.59618649999999,21.671061429923284,32.959660677040304,26.391225118744288,benefit_under_all_stream_compositions
worst_case_2030,0.746,304.31578,64.9879509570175,76.23228118747916,69.68960419999999,21.782989575761803,33.02731980622346,26.48464281874429,benefit_under_all_stream_compositions
worst_case_2030,0.747,304.72371000000004,65.09987910285602,76.29994031666232,69.7830219,21.894917721600322,33.094978935406616,26.578060518744294,benefit_under_all_stream_compositions
worst_case_2030,0.748,305.13164,65.21180724869453,76.36759944584547,69.87643959999998,22.006845867438827,33.16263806458977,26.671478218744284,benefit_under_all_stream_compositions
worst_case_2030,0.749,305.53957,65.32373539453305,76.43525857502863,69.96985729999999,22.118774013277346,33.23029719377293,26.764895918744287,benefit_under_all_stream_compositions
worst_case_2030,0.75,305.9475,65.43566354037155,76.50291770421177,70.06327499999999,22.23070215911585,33.29795632295607,26.85831361874429,benefit_under_all_stream_compositions
worst_case_2030,0.751,306.35543,65.54759168621007,76.57057683339492,70.15669269999998,22.34263030495437,33.365615452139224,26.95173131874428,benefit_under_all_stream_compositions
worst_case_2030,0.752,306.76336,65.65951983204857,76.63823596257808,70.25011039999998,22.454558450792874,33.43327458132238,27.045149018744283,benefit_under_all_stream_compositions
worst_case_2030,0.753,307.17129,65.77144797788709,76.70589509176123,70.34352809999999,22.566486596631393,33.500933710505535,27.138566718744286,benefit_under_all_stream_compositions
worst_case_2030,0.754,307.57922,65.88337612372561,76.77355422094439,70.43694579999999,22.67841474246991,33.56859283968869,27.23198441874429,benefit_under_all_stream_compositions
worst_case_2030,0.755,307.98715000000004,65.99530426956414,76.84121335012755,70.53036349999999,22.790342888308444,33.636251968871846,27.325402118744293,benefit_under_all_stream_compositions
worst_case_2030,0.756,308.39508,66.10723241540263,76.90887247931069,70.6237812,22.902271034146935,33.70391109805499,27.418819818744296,benefit_under_all_stream_compositions
worst_case_2030,0.757,308.80301000000003,66.21916056124115,76.97653160849384,70.71719889999999,23.014199179985454,33.77157022723814,27.512237518744286,benefit_under_all_stream_compositions
worst_case_2030,0.758,309.21094,66.33108870707966,77.044190737677,70.81061659999999,23.12612732582396,33.8392293564213,27.60565521874429,benefit_under_all_stream_compositions
worst_case_2030,0.759,309.61887,66.44301685291819,77.11184986686015,70.90403429999999,23.23805547166249,33.906888485604455,27.699072918744292,benefit_under_all_stream_compositions
worst_case_2030,0.76,310.0268,66.5549449987567,77.1795089960433,70.99745199999998,23.349983617500996,33.974547614787596,27.79249061874428,benefit_under_all_stream_compositions
worst_case_2030,0.761,310.43473,66.6668731445952,77.24716812522645,71.09086969999998,23.4619117633395,34.04220674397075,27.885908318744285,benefit_under_all_stream_compositions
worst_case_2030,0.762,310.84266,66.77880129043373,77.31482725440961,71.18428739999999,23.573839909178034,34.10986587315391,27.97932601874429,benefit_under_all_stream_compositions
worst_case_2030,0.763,311.25059000000005,66.89072943627224,77.38248638359276,71.2777051,23.68576805501654,34.17752500233706,28.072743718744306,benefit_under_all_stream_compositions
worst_case_2030,0.764,311.65852,67.00265758211074,77.45014551277592,71.37112279999998,23.797696200855043,34.24518413152022,28.16616141874428,benefit_under_all_stream_compositions
worst_case_2030,0.765,312.06645000000003,67.11458572794928,77.51780464195907,71.4645405,23.909624346693576,34.312843260703374,28.2595791187443,benefit_under_all_stream_compositions
worst_case_2030,0.766,312.47438,67.22651387378778,77.58546377114222,71.55795819999999,24.02155249253208,34.380502389886516,28.352996818744288,benefit_under_all_stream_compositions
worst_case_2030,0.767,312.88231,67.33844201962629,77.65312290032537,71.65137589999999,24.133480638370585,34.44816151906967,28.44641451874429,benefit_under_all_stream_compositions
worst_case_2030,0.768,313.29024,67.45037016546479,77.72078202950853,71.74479359999998,24.24540878420909,34.51582064825283,28.53983221874428,benefit_under_all_stream_compositions
worst_case_2030,0.769,313.69817,67.56229831130332,77.78844115869168,71.83821129999998,24.357336930047623,34.58347977743598,28.633249918744283,benefit_under_all_stream_compositions
worst_case_2030,0.77,314.10609999999997,67.67422645714183,77.85610028787482,71.93162899999999,24.469265075886128,34.651138906619124,28.726667618744287,benefit_under_all_stream_compositions
worst_case_2030,0.771,314.51403000000005,67.78615460298036,77.923759417058,72.02504669999999,24.58119322172466,34.718798035802294,28.82008531874429,benefit_under_all_stream_compositions
worst_case_2030,0.772,314.92196,67.89808274881887,77.99141854624114,72.11846439999998,24.693121367563165,34.786457164985435,28.91350301874428,benefit_under_all_stream_compositions
worst_case_2030,0.773,315.32989000000003,68.01001089465737,78.05907767542429,72.2118821,24.80504951340167,34.85411629416859,29.006920718744297,benefit_under_all_stream_compositions
worst_case_2030,0.774,315.73782,68.12193904049587,78.12673680460745,72.30529979999999,24.916977659240175,34.92177542335175,29.100338418744286,benefit_under_all_stream_compositions
worst_case_2030,0.775,316.14575,68.23386718633441,78.1943959337906,72.39871749999999,25.028905805078708,34.9894345525349,29.19375611874429,benefit_under_all_stream_compositions
worst_case_2030,0.776,316.55368,68.34579533217291,78.26205506297374,72.49213519999998,25.140833950917212,35.057093681718044,29.28717381874428,benefit_under_all_stream_compositions
worst_case_2030,0.777,316.96161,68.45772347801142,78.3297141921569,72.5855529,25.252762096755717,35.1247528109012,29.380591518744296,benefit_under_all_stream_compositions
worst_case_2030,0.778,317.36954,68.56965162384992,78.39737332134004,72.67897059999997,25.36469024259422,35.19241194008434,29.47400921874427,benefit_under_all_stream_compositions
worst_case_2030,0.779,317.77747000000005,68.68157976968847,78.46503245052321,72.77238829999999,25.47661838843277,35.26007106926751,29.56742691874429,benefit_under_all_stream_compositions
worst_case_2030,0.78,318.1854,68.79350791552696,78.53269157970637,72.86580599999999,25.58854653427126,35.327730198450666,29.660844618744292,benefit_under_all_stream_compositions
worst_case_2030,0.781,318.59333000000004,68.90543606136549,78.60035070888952,72.9592237,25.700474680109792,35.39538932763382,29.754262318744296,benefit_under_all_stream_compositions
worst_case_2030,0.782,319.00126,69.017364207204,78.66800983807266,73.05264139999998,25.812402825948297,35.46304845681696,29.847680018744285,benefit_under_all_stream_compositions
worst_case_2030,0.783,319.40919,69.12929235304252,78.73566896725582,73.14605909999999,25.924330971786816,35.53070758600012,29.941097718744288,benefit_under_all_stream_compositions
worst_case_2030,0.784,319.81712,69.24122049888102,78.80332809643897,73.23947679999998,26.03625911762532,35.598366715183275,30.034515418744277,benefit_under_all_stream_compositions
worst_case_2030,0.785,320.22505,69.35314864471954,78.87098722562213,73.33289449999998,26.14818726346384,35.66602584436643,30.12793311874428,benefit_under_all_stream_compositions
worst_case_2030,0.786,320.63298,69.46507679055804,78.93864635480527,73.42631219999997,26.260115409302344,35.73368497354957,30.22135081874427,benefit_under_all_stream_compositions
worst_case_2030,0.787,321.04091000000005,69.57700493639658,79.00630548398844,73.5197299,26.372043555140877,35.80134410273274,30.3147685187443,benefit_under_all_stream_compositions
worst_case_2030,0.788,321.44884,69.68893308223508,79.07396461317158,73.61314759999999,26.48397170097938,35.86900323191588,30.40818621874429,benefit_under_all_stream_compositions
worst_case_2030,0.789,321.85677000000004,69.8008612280736,79.14162374235474,73.7065653,26.5958998468179,35.93666236109904,30.501603918744294,benefit_under_all_stream_compositions
worst_case_2030,0.79,322.2647,69.9127893739121,79.20928287153788,73.79998299999998,26.707827992656405,36.00432149028218,30.595021618744283,benefit_under_all_stream_compositions
worst_case_2030,0.791,322.67263,70.02471751975062,79.27694200072105,73.89340069999999,26.819756138494924,36.07198061946535,30.688439318744287,benefit_under_all_stream_compositions
worst_case_2030,0.792,323.08056,70.13664566558913,79.34460112990419,73.98681839999999,26.93168428433343,36.13963974864849,30.78185701874429,benefit_under_all_stream_compositions
worst_case_2030,0.793,323.48849,70.24857381142765,79.41226025908735,74.08023609999998,27.043612430171947,36.20729887783165,30.87527471874428,benefit_under_all_stream_compositions
worst_case_2030,0.794,323.89642,70.36050195726615,79.47991938827049,74.17365379999998,27.155540576010452,36.27495800701479,30.968692418744283,benefit_under_all_stream_compositions
worst_case_2030,0.795,324.30435,70.47243010310467,79.54757851745364,74.26707149999999,27.26746872184897,36.342617136197944,31.062110118744286,benefit_under_all_stream_compositions
worst_case_2030,0.796,324.71228,70.58435824894319,79.61523764663681,74.36048919999999,27.37939686768749,36.410276265381114,31.15552781874429,benefit_under_all_stream_compositions
worst_case_2030,0.797,325.12021000000004,70.69628639478171,79.68289677581997,74.45390689999999,27.49132501352601,36.47793539456427,31.248945518744293,benefit_under_all_stream_compositions
worst_case_2030,0.798,325.52814,70.80821454062021,79.75055590500311,74.54732459999998,27.603253159364513,36.54559452374741,31.342363218744282,benefit_under_all_stream_compositions
worst_case_2030,0.799,325.93607000000003,70.92014268645873,79.81821503418627,74.64074229999999,27.715181305203032,36.61325365293057,31.435780918744285,benefit_under_all_stream_compositions
worst_case_2030,0.8,326.344,71.03207083229724,79.88587416336941,74.73415999999999,27.827109451041537,36.68091278211371,31.52919861874429,benefit_under_all_stream_compositions
worst_case_2030,0.801,326.75193,71.14399897813576,79.95353329255258,74.82757769999999,27.939037596880056,36.74857191129688,31.622616318744292,benefit_under_all_stream_compositions
worst_case_2030,0.802,327.15986,71.25592712397426,80.02119242173572,74.92099539999998,28.05096574271856,36.81623104048002,31.71603401874428,benefit_under_all_stream_compositions
worst_case_2030,0.803,327.56779,71.36785526981278,80.08885155091887,75.01441309999998,28.16289388855708,36.883890169663175,31.809451718744285,benefit_under_all_stream_compositions
worst_case_2030,0.804,327.97572,71.4797834156513,80.15651068010203,75.10783079999999,28.274822034395598,36.95154929884633,31.902869418744288,benefit_under_all_stream_compositions
worst_case_2030,0.805,328.38365000000005,71.59171156148983,80.22416980928519,75.20124849999999,28.38675018023413,37.019208428029486,31.99628711874429,benefit_under_all_stream_compositions
worst_case_2030,0.806,328.79158,71.70363970732832,80.29182893846834,75.29466619999998,28.49867832607262,37.08686755721264,32.08970481874428,benefit_under_all_stream_compositions
worst_case_2030,0.807,329.19951000000003,71.81556785316684,80.35948806765148,75.3880839,28.61060647191114,37.15452668639578,32.1831225187443,benefit_under_all_stream_compositions
worst_case_2030,0.808,329.60744,71.92749599900534,80.42714719683464,75.48150159999999,28.722534617749645,37.22218581557894,32.27654021874429,benefit_under_all_stream_compositions
worst_case_2030,0.809,330.01537,72.03942414484388,80.4948063260178,75.57491929999999,28.834462763588178,37.289844944762095,32.36995791874429,benefit_under_all_stream_compositions
worst_case_2030,0.81,330.4233,72.15135229068238,80.56246545520094,75.66833699999998,28.946390909426682,37.357504073945236,32.46337561874428,benefit_under_all_stream_compositions
worst_case_2030,0.811,330.83123,72.26328043652089,80.63012458438409,75.76175469999998,29.058319055265187,37.42516320312839,32.55679331874428,benefit_under_all_stream_compositions
worst_case_2030,0.812,331.23916,72.37520858235942,80.69778371356725,75.85517239999999,29.17024720110372,37.49282233231155,32.65021101874429,benefit_under_all_stream_compositions
worst_case_2030,0.813,331.64709000000005,72.48713672819792,80.76544284275042,75.94859009999999,29.282175346942225,37.56048146149472,32.74362871874429,benefit_under_all_stream_compositions
worst_case_2030,0.814,332.05502,72.59906487403643,80.83310197193356,76.04200779999998,29.39410349278073,37.62814059067786,32.83704641874428,benefit_under_all_stream_compositions
worst_case_2030,0.815,332.46295000000003,72.71099301987496,80.90076110111671,76.1354255,29.506031638619262,37.695799719861014,32.9304641187443,benefit_under_all_stream_compositions
worst_case_2030,0.816,332.87088,72.82292116571347,80.96842023029986,76.22884319999999,29.617959784457767,37.763458849044156,33.023881818744286,benefit_under_all_stream_compositions
worst_case_2030,0.817,333.27881,72.93484931155197,81.03607935948301,76.32226089999999,29.72988793029627,37.83111797822731,33.11729951874429,benefit_under_all_stream_compositions
worst_case_2030,0.818,333.68674,73.04677745739048,81.10373848866617,76.41567859999998,29.841816076134776,37.89877710741047,33.21071721874428,benefit_under_all_stream_compositions
worst_case_2030,0.819,334.09467,73.15870560322901,81.17139761784932,76.50909629999998,29.95374422197331,37.96643623659362,33.30413491874428,benefit_under_all_stream_compositions
worst_case_2030,0.82,334.5026,73.27063374906751,81.23905674703246,76.60251399999997,30.065672367811814,38.034095365776764,33.39755261874427,benefit_under_all_stream_compositions
worst_case_2030,0.821,334.91053000000005,73.38256189490605,81.30671587621563,76.69593169999999,30.177600513650347,38.101754494959934,33.49097031874429,benefit_under_all_stream_compositions
worst_case_2030,0.822,335.31846,73.49449004074455,81.37437500539878,76.78934939999999,30.28952865948885,38.169413624143075,33.58438801874429,benefit_under_all_stream_compositions
worst_case_2030,0.823,335.72639000000004,73.60641818658306,81.44203413458195,76.8827671,30.401456805327356,38.237072753326245,33.677805718744295,benefit_under_all_stream_compositions
worst_case_2030,0.824,336.13432,73.71834633242156,81.50969326376509,76.97618479999998,30.51338495116586,38.30473188250939,33.771223418744285,benefit_under_all_stream_compositions
worst_case_2030,0.825,336.54225,73.8302744782601,81.57735239294824,77.06960249999999,30.625313097004394,38.37239101169254,33.86464111874429,benefit_under_all_stream_compositions
worst_case_2030,0.826,336.95018,73.9422026240986,81.64501152213138,77.16302019999998,30.7372412428429,38.440050140875684,33.95805881874428,benefit_under_all_stream_compositions
worst_case_2030,0.827,337.35811,74.0541307699371,81.71267065131454,77.25643789999998,30.849169388681403,38.50770927005884,34.05147651874428,benefit_under_all_stream_compositions
worst_case_2030,0.828,337.76604,74.16605891577561,81.7803297804977,77.34985559999997,30.961097534519908,38.575368399241995,34.14489421874427,benefit_under_all_stream_compositions
worst_case_2030,0.829,338.17397000000005,74.27798706161414,81.84798890968085,77.4432733,31.07302568035844,38.64302752842515,34.2383119187443,benefit_under_all_stream_compositions
worst_case_2030,0.83,338.5819,74.38991520745265,81.915648038864,77.53669099999999,31.184953826196946,38.710686657608306,34.33172961874429,benefit_under_all_stream_compositions
worst_case_2030,0.831,338.98983000000004,74.50184335329118,81.98330716804716,77.6301087,31.29688197203548,38.77834578679146,34.425147318744294,benefit_under_all_stream_compositions
worst_case_2030,0.832,339.39776,74.61377149912968,82.0509662972303,77.72352639999998,31.408810117873983,38.8460049159746,34.51856501874428,benefit_under_all_stream_compositions
worst_case_2030,0.833,339.80569,74.7256996449682,82.11862542641346,77.81694409999999,31.520738263712502,38.91366404515776,34.61198271874429,benefit_under_all_stream_compositions
worst_case_2030,0.834,340.21362,74.83762779080669,82.18628455559661,77.91036179999999,31.632666409550993,38.981323174340915,34.70540041874429,benefit_under_all_stream_compositions
worst_case_2030,0.835,340.62155,74.94955593664523,82.25394368477977,78.00377949999998,31.744594555389526,39.04898230352407,34.79881811874428,benefit_under_all_stream_compositions
worst_case_2030,0.836,341.02948,75.06148408248373,82.32160281396291,78.09719719999998,31.85652270122803,39.11664143270721,34.89223581874428,benefit_under_all_stream_compositions
worst_case_2030,0.837,341.43741000000006,75.17341222832226,82.38926194314608,78.1906149,31.968450847066563,39.18430056189038,34.9856535187443,benefit_under_all_stream_compositions
worst_case_2030,0.838,341.84534,75.28534037416077,82.45692107232922,78.28403259999999,32.08037899290507,39.25195969107352,35.07907121874429,benefit_under_all_stream_compositions
worst_case_2030,0.839,342.25327000000004,75.39726851999929,82.52458020151238,78.37745029999999,32.19230713874359,39.31961882025668,35.17248891874429,benefit_under_all_stream_compositions
worst_case_2030,0.84,342.6612,75.50919666583779,82.59223933069553,78.47086799999998,32.30423528458209,39.387277949439834,35.26590661874428,benefit_under_all_stream_compositions
worst_case_2030,0.841,343.06913000000003,75.62112481167631,82.65989845987869,78.56428569999999,32.41616343042061,39.45493707862299,35.359324318744285,benefit_under_all_stream_compositions
worst_case_2030,0.842,343.47706,75.73305295751481,82.72755758906183,78.65770339999999,32.528091576259115,39.52259620780613,35.45274201874429,benefit_under_all_stream_compositions
worst_case_2030,0.843,343.88499,75.84498110335333,82.79521671824499,78.75112109999999,32.640019722097634,39.59025533698929,35.54615971874429,benefit_under_all_stream_compositions
worst_case_2030,0.844,344.29292,75.95690924919184,82.86287584742814,78.84453879999998,32.75194786793614,39.65791446617244,35.63957741874428,benefit_under_all_stream_compositions
worst_case_2030,0.845,344.70085,76.06883739503036,82.9305349766113,78.93795649999998,32.86387601377466,39.7255735953556,35.732995118744284,benefit_under_all_stream_compositions
worst_case_2030,0.846,345.10878,76.18076554086888,82.99819410579445,79.03137419999999,32.975804159613176,39.793232724538754,35.82641281874429,benefit_under_all_stream_compositions
worst_case_2030,0.847,345.51671000000005,76.2926936867074,83.06585323497761,79.12479189999999,33.087732305451695,39.86089185372191,35.91983051874429,benefit_under_all_stream_compositions
worst_case_2030,0.848,345.92464,76.4046218325459,83.13351236416075,79.21820959999998,33.1996604512902,39.92855098290505,36.01324821874428,benefit_under_all_stream_compositions
worst_case_2030,0.849,346.33257000000003,76.51654997838442,83.2011714933439,79.3116273,33.31158859712872,39.99621011208821,36.1066659187443,benefit_under_all_stream_compositions
worst_case_2030,0.85,346.7405,76.62847812422292,83.26883062252705,79.40504499999999,33.42351674296722,40.06386924127135,36.20008361874429,benefit_under_all_stream_compositions
worst_case_2030,0.851,347.14843,76.74040627006144,83.33648975171022,79.49846269999999,33.53544488880574,40.13152837045452,36.29350131874429,benefit_under_all_stream_compositions
worst_case_2030,0.852,347.55636,76.85233441589995,83.40414888089336,79.59188039999998,33.64737303464425,40.19918749963766,36.38691901874428,benefit_under_all_stream_compositions
worst_case_2030,0.853,347.96429,76.96426256173847,83.47180801007651,79.68529809999998,33.759301180482765,40.266846628820815,36.48033671874428,benefit_under_all_stream_compositions
worst_case_2030,0.854,348.37222,77.07619070757698,83.53946713925967,79.77871579999999,33.871229326321284,40.33450575800397,36.57375441874429,benefit_under_all_stream_compositions
worst_case_2030,0.855,348.78015000000005,77.1881188534155,83.60712626844283,79.87213349999999,33.9831574721598,40.402164887187126,36.66717211874429,benefit_under_all_stream_compositions
worst_case_2030,0.856,349.18808,77.30004699925401,83.67478539762598,79.96555119999998,34.09508561799831,40.46982401637028,36.76058981874428,benefit_under_all_stream_compositions
worst_case_2030,0.857,349.59601000000004,77.41197514509253,83.74244452680914,80.0589689,34.20701376383683,40.53748314555344,36.8540075187443,benefit_under_all_stream_compositions
worst_case_2030,0.858,350.00394,77.52390329093103,83.81010365599228,80.15238659999999,34.31894190967533,40.60514227473658,36.947425218744286,benefit_under_all_stream_compositions
worst_case_2030,0.859,350.41187,77.63583143676956,83.87776278517543,80.24580429999999,34.430870055513864,40.672801403919735,37.04084291874429,benefit_under_all_stream_compositions
worst_case_2030,0.86,350.8198,77.74775958260805,83.94542191435858,80.33922199999998,34.542798201352355,40.740460533102876,37.13426061874428,benefit_under_all_stream_compositions
worst_case_2030,0.861,351.22773,77.85968772844657,84.01308104354175,80.4326397,34.65472634719087,40.808119662286046,37.227678318744296,benefit_under_all_stream_compositions
worst_case_2030,0.862,351.63566000000003,77.9716158742851,84.08074017272489,80.52605739999998,34.76665449302941,40.87577879146919,37.321096018744285,benefit_under_all_stream_compositions
worst_case_2030,0.863,352.04359000000005,78.08354402012361,84.14839930190806,80.61947509999999,34.87858263886791,40.94343792065236,37.41451371874429,benefit_under_all_stream_compositions
worst_case_2030,0.864,352.45152,78.19547216596212,84.2160584310912,80.71289279999999,34.990510784706416,41.0110970498355,37.50793141874429,benefit_under_all_stream_compositions
worst_case_2030,0.865,352.85945000000004,78.30740031180065,84.28371756027435,80.8063105,35.10243893054495,41.078756179018654,37.601349118744295,benefit_under_all_stream_compositions
worst_case_2030,0.866,353.26738,78.41932845763915,84.35137668945751,80.89972819999998,35.21436707638345,41.14641530820181,37.694766818744284,benefit_under_all_stream_compositions
worst_case_2030,0.867,353.67531,78.53125660347766,84.41903581864065,80.99314589999999,35.32629522222196,41.21407443738495,37.78818451874429,benefit_under_all_stream_compositions
worst_case_2030,0.868,354.08324,78.64318474931616,84.4866949478238,81.08656359999998,35.43822336806046,41.28173356656811,37.88160221874428,benefit_under_all_stream_compositions
worst_case_2030,0.869,354.49117,78.7551128951547,84.55435407700696,81.17998129999998,35.550151513898996,41.34939269575126,37.97501991874428,benefit_under_all_stream_compositions
worst_case_2030,0.87,354.89910000000003,78.8670410409932,84.62201320619012,81.27339899999998,35.6620796597375,41.41705182493442,38.068437618744284,benefit_under_all_stream_compositions
worst_case_2030,0.871,355.30703000000005,78.97896918683173,84.68967233537327,81.3668167,35.77400780557603,41.484710954117574,38.1618553187443,benefit_under_all_stream_compositions
worst_case_2030,0.872,355.71496,79.09089733267024,84.75733146455642,81.46023439999999,35.88593595141454,41.552370083300715,38.25527301874429,benefit_under_all_stream_compositions
worst_case_2030,0.873,356.12289000000004,79.20282547850874,84.82499059373959,81.5536521,35.99786409725304,41.620029212483885,38.348690718744294,benefit_under_all_stream_compositions
worst_case_2030,0.874,356.53082,79.31475362434725,84.89264972292273,81.64706979999998,36.10979224309155,41.68768834166703,38.44210841874428,benefit_under_all_stream_compositions
worst_case_2030,0.875,356.93875,79.42668177018578,84.96030885210588,81.74048749999999,36.22172038893008,41.75534747085018,38.535526118744286,benefit_under_all_stream_compositions
worst_case_2030,0.876,357.34668,79.53860991602428,85.02796798128904,81.83390519999998,36.333648534768585,41.82300660003334,38.628943818744276,benefit_under_all_stream_compositions
worst_case_2030,0.877,357.75461,79.65053806186279,85.09562711047218,81.9273229,36.44557668060709,41.89066572921648,38.72236151874429,benefit_under_all_stream_compositions
worst_case_2030,0.878,358.16254,79.7624662077013,85.16328623965533,82.02074059999998,36.557504826445594,41.958324858399635,38.81577921874428,benefit_under_all_stream_compositions
worst_case_2030,0.879,358.57047000000006,79.87439435353983,85.23094536883849,82.1141583,36.66943297228413,42.02598398758279,38.9091969187443,benefit_under_all_stream_compositions
worst_case_2030,0.88,358.9784,79.98632249937833,85.29860449802165,82.20757599999997,36.78136111812263,42.093643116765946,39.002614618744275,benefit_under_all_stream_compositions
worst_case_2030,0.881,359.38633000000004,80.09825064521686,85.3662636272048,82.30099369999999,36.893289263961165,42.1613022459491,39.09603231874429,benefit_under_all_stream_compositions
worst_case_2030,0.882,359.79426,80.21017879105537,85.43392275638794,82.39441139999998,37.00521740979967,42.22896137513224,39.18945001874428,benefit_under_all_stream_compositions
worst_case_2030,0.883,360.20219000000003,80.32210693689389,85.50158188557111,82.48782909999998,37.11714555563819,42.29662050431541,39.282867718744285,benefit_under_all_stream_compositions
worst_case_2030,0.884,360.61012,80.43403508273238,85.56924101475425,82.58124679999999,37.22907370147668,42.364279633498555,39.37628541874429,benefit_under_all_stream_compositions
worst_case_2030,0.885,361.01805,80.54596322857091,85.63690014393741,82.67466449999999,37.34100184731521,42.43193876268171,39.46970311874429,benefit_under_all_stream_compositions
worst_case_2030,0.886,361.42598,80.65789137440942,85.70455927312055,82.76808219999998,37.45292999315372,42.49959789186485,39.56312081874428,benefit_under_all_stream_compositions
worst_case_2030,0.887,361.83391000000006,80.76981952024795,85.77221840230372,82.86149989999998,37.56485813899225,42.56725702104802,39.656538518744284,benefit_under_all_stream_compositions
worst_case_2030,0.888,362.24184,80.88174766608645,85.83987753148688,82.95491759999999,37.676786284830754,42.63491615023118,39.74995621874429,benefit_under_all_stream_compositions
worst_case_2030,0.889,362.64977000000005,80.99367581192497,85.90753666067002,83.04833529999999,37.78871443066927,42.70257527941432,39.84337391874429,benefit_under_all_stream_compositions
worst_case_2030,0.89,363.0577,81.10560395776348,85.97519578985317,83.141753,37.90064257650778,42.770234408597474,39.936791618744294,benefit_under_all_stream_compositions
worst_case_2030,0.891,363.46563000000003,81.217532103602,86.04285491903633,83.2351707,38.0125707223463,42.83789353778063,40.0302093187443,benefit_under_all_stream_compositions
worst_case_2030,0.892,363.87356,81.3294602494405,86.11051404821947,83.32858839999997,38.1244988681848,42.90555266696377,40.12362701874427,benefit_under_all_stream_compositions
worst_case_2030,0.893,364.28148999999996,81.441388395279,86.17817317740263,83.42200609999998,38.236427014023306,42.97321179614693,40.217044718744276,benefit_under_all_stream_compositions
worst_case_2030,0.894,364.68942,81.55331654111752,86.24583230658578,83.51542379999998,38.348355159861825,43.04087092533008,40.31046241874428,benefit_under_all_stream_compositions
worst_case_2030,0.895,365.09735000000006,81.66524468695606,86.31349143576895,83.6088415,38.46028330570036,43.10853005451325,40.4038801187443,benefit_under_all_stream_compositions
worst_case_2030,0.896,365.50528,81.77717283279456,86.3811505649521,83.70225919999999,38.57221145153886,43.176189183696394,40.497297818744286,benefit_under_all_stream_compositions
worst_case_2030,0.897,365.91321000000005,81.88910097863308,86.44880969413525,83.7956769,38.68413959737738,43.24384831287955,40.590715518744304,benefit_under_all_stream_compositions
worst_case_2030,0.898,366.32114,82.00102912447159,86.51646882331839,83.88909459999998,38.796067743215886,43.31150744206269,40.68413321874428,benefit_under_all_stream_compositions
worst_case_2030,0.899,366.72907,82.11295727031009,86.58412795250155,83.98251229999998,38.90799588905439,43.37916657124585,40.77755091874428,benefit_under_all_stream_compositions
worst_case_2030,0.9,367.137,82.22488541614861,86.6517870816847,84.07592999999999,39.01992403489291,43.446825700429,40.870968618744286,benefit_under_all_stream_compositions
worst_case_2030,0.901,367.54492999999997,82.33681356198711,86.71944621086784,84.16934769999997,39.131852180731414,43.514484829612144,40.964386318744275,benefit_under_all_stream_compositions
worst_case_2030,0.902,367.95286,82.44874170782563,86.787105340051,84.26276539999998,39.24378032656993,43.5821439587953,41.05780401874428,benefit_under_all_stream_compositions
worst_case_2030,0.903,368.36078999999995,82.56066985366414,86.85476446923414,84.35618309999997,39.35570847240844,43.64980308797844,41.15122171874427,benefit_under_all_stream_compositions
worst_case_2030,0.904,368.76872000000003,82.67259799950267,86.92242359841731,84.4496008,39.46763661824697,43.71746221716161,41.2446394187443,benefit_under_all_stream_compositions
worst_case_2030,0.905,369.17665,82.78452614534118,86.99008272760047,84.54301849999997,39.579564764085475,43.785121346344766,41.338057118744274,benefit_under_all_stream_compositions
worst_case_2030,0.906,369.58458,82.8964542911797,87.05774185678362,84.63643619999999,39.691492909923994,43.85278047552792,41.43147481874429,benefit_under_all_stream_compositions
worst_case_2030,0.907,369.99251,83.0083824370182,87.12540098596676,84.72985389999998,39.8034210557625,43.92043960471106,41.52489251874428,benefit_under_all_stream_compositions
worst_case_2030,0.908,370.40044,83.12031058285672,87.19306011514992,84.82327159999998,39.91534920160102,43.98809873389422,41.618310218744284,benefit_under_all_stream_compositions
worst_case_2030,0.909,370.80836999999997,83.23223872869522,87.26071924433307,84.91668929999999,40.02727734743952,44.055757863077375,41.71172791874429,benefit_under_all_stream_compositions
worst_case_2030,0.91,371.2163,83.34416687453374,87.32837837351623,85.01010699999998,40.13920549327804,44.12341699226053,41.80514561874428,benefit_under_all_stream_compositions
worst_case_2030,0.911,371.62422999999995,83.45609502037225,87.39603750269937,85.10352469999997,40.251133639116546,44.19107612144367,41.898563318744266,benefit_under_all_stream_compositions
worst_case_2030,0.912,372.03216000000003,83.56802316621079,87.46369663188254,85.19694239999998,40.36306178495509,44.25873525062684,41.99198101874428,benefit_under_all_stream_compositions
worst_case_2030,0.913,372.44009,83.6799513120493,87.53135576106568,85.29036009999999,40.4749899307936,44.32639437980998,42.08539871874429,benefit_under_all_stream_compositions
worst_case_2030,0.914,372.84802,83.7918794578878,87.59901489024884,85.38377779999999,40.5869180766321,44.39405350899314,42.17881641874429,benefit_under_all_stream_compositions
worst_case_2030,0.915,373.25595,83.9038076037263,87.66667401943198,85.47719549999997,40.69884622247061,44.46171263817628,42.272234118744265,benefit_under_all_stream_compositions
worst_case_2030,0.916,373.66388,84.01573574956484,87.73433314861515,85.57061319999998,40.81077436830914,44.52937176735945,42.36565181874428,benefit_under_all_stream_compositions
worst_case_2030,0.917,374.07180999999997,84.12766389540334,87.80199227779829,85.66403089999997,40.922702514147645,44.59703089654259,42.45906951874427,benefit_under_all_stream_compositions
worst_case_2030,0.918,374.47974,84.23959204124185,87.86965140698145,85.75744859999998,41.03463065998615,44.66469002572575,42.552487218744275,benefit_under_all_stream_compositions
worst_case_2030,0.919,374.88766999999996,84.35152018708035,87.9373105361646,85.85086629999998,41.146558805824654,44.7323491549089,42.64590491874428,benefit_under_all_stream_compositions
worst_case_2030,0.92,375.29560000000004,84.46344833291889,88.00496966534776,85.944284,41.25848695166319,44.80000828409206,42.739322618744296,benefit_under_all_stream_compositions
worst_case_2030,0.921,375.70353,84.57537647875739,88.07262879453091,86.03770169999997,41.37041509750169,44.867667413275214,42.83274031874427,benefit_under_all_stream_compositions
worst_case_2030,0.922,376.11146,84.68730462459592,88.14028792371407,86.13111939999997,41.482343243340225,44.93532654245837,42.926158018744275,benefit_under_all_stream_compositions
worst_case_2030,0.923,376.51939,84.79923277043443,88.20794705289721,86.22453709999998,41.59427138917873,45.00298567164151,43.01957571874428,benefit_under_all_stream_compositions
worst_case_2030,0.924,376.92732,84.91116091627293,88.27560618208037,86.31795479999998,41.706199535017234,45.07064480082467,43.11299341874428,benefit_under_all_stream_compositions
worst_case_2030,0.925,377.33525,85.02308906211144,88.34326531126351,86.41137249999998,41.81812768085574,45.13830393000781,43.206411118744285,benefit_under_all_stream_compositions
worst_case_2030,0.926,377.74318,85.13501720794997,88.41092444044668,86.50479019999999,41.93005582669427,45.20596305919098,43.29982881874429,benefit_under_all_stream_compositions
worst_case_2030,0.927,378.15110999999996,85.24694535378848,88.47858356962982,86.59820789999996,42.041983972532776,45.27362218837412,43.39324651874426,benefit_under_all_stream_compositions
worst_case_2030,0.928,378.55904,85.35887349962698,88.54624269881297,86.69162559999997,42.15391211837128,45.341281317557275,43.48666421874427,benefit_under_all_stream_compositions
worst_case_2030,0.929,378.96697,85.47080164546551,88.61390182799613,86.78504329999998,42.265840264209814,45.40894044674043,43.580081918744284,benefit_under_all_stream_compositions
worst_case_2030,0.93,379.3749,85.58272979130402,88.68156095717929,86.87846099999999,42.37776841004832,45.476599575923586,43.67349961874429,benefit_under_all_stream_compositions
worst_case_2030,0.931,379.78283,85.69465793714252,88.74922008636244,86.97187869999998,42.48969655588682,45.54425870510674,43.76691731874428,benefit_under_all_stream_compositions
worst_case_2030,0.932,380.19076,85.80658608298106,88.81687921554558,87.0652964,42.601624701725356,45.61191783428988,43.860335018744294,benefit_under_all_stream_compositions
worst_case_2030,0.933,380.59869,85.91851422881956,88.88453834472874,87.15871409999997,42.71355284756386,45.67957696347304,43.95375271874427,benefit_under_all_stream_compositions
worst_case_2030,0.934,381.00662,86.03044237465807,88.9521974739119,87.25213179999997,42.825480993402365,45.747236092656195,44.04717041874427,benefit_under_all_stream_compositions
worst_case_2030,0.935,381.41454999999996,86.14237052049657,89.01985660309504,87.34554949999998,42.93740913924087,45.814895221839336,44.140588118744276,benefit_under_all_stream_compositions
worst_case_2030,0.936,381.82248,86.2542986663351,89.0875157322782,87.43896719999998,43.0493372850794,45.882554351022506,44.23400581874428,benefit_under_all_stream_compositions
worst_case_2030,0.937,382.23041,86.36622681217362,89.15517486146135,87.53238489999998,43.16126543091792,45.95021348020565,44.32742351874428,benefit_under_all_stream_compositions
worst_case_2030,0.938,382.63834,86.47815495801214,89.22283399064452,87.62580259999999,43.27319357675644,46.01787260938882,44.420841218744286,benefit_under_all_stream_compositions
worst_case_2030,0.939,383.04627,86.59008310385065,89.29049311982766,87.71922029999999,43.385121722594945,46.08553173857196,44.51425891874429,benefit_under_all_stream_compositions
worst_case_2030,0.94,383.4542,86.70201124968916,89.35815224901081,87.81263799999998,43.497049868433464,46.153190867755114,44.60767661874428,benefit_under_all_stream_compositions
worst_case_2030,0.941,383.86213,86.81393939552767,89.42581137819397,87.90605569999998,43.60897801427197,46.22084999693827,44.70109431874428,benefit_under_all_stream_compositions
worst_case_2030,0.942,384.27006,86.92586754136619,89.49347050737711,87.99947339999999,43.72090616011049,46.28850912612141,44.794512018744285,benefit_under_all_stream_compositions
worst_case_2030,0.943,384.67798999999997,87.03779568720469,89.56112963656027,88.09289109999997,43.83283430594899,46.35616825530457,44.887929718744275,benefit_under_all_stream_compositions
worst_case_2030,0.944,385.08592,87.14972383304321,89.62878876574342,88.18630879999998,43.94476245178751,46.42382738448772,44.98134741874428,benefit_under_all_stream_compositions
worst_case_2030,0.945,385.49385,87.26165197888173,89.69644789492658,88.2797265,44.05669059762603,46.49148651367088,45.074765118744295,benefit_under_all_stream_compositions
worst_case_2030,0.946,385.90178000000003,87.37358012472025,89.76410702410973,88.3731442,44.16861874346455,46.559145642854034,45.1681828187443,benefit_under_all_stream_compositions
worst_case_2030,0.947,386.30971,87.48550827055875,89.83176615329288,88.46656189999997,44.280546889303054,46.626804772037175,45.261600518744274,benefit_under_all_stream_compositions
worst_case_2030,0.948,386.71764,87.59743641639727,89.89942528247605,88.55997959999998,44.39247503514157,46.694463901220345,45.35501821874428,benefit_under_all_stream_compositions
worst_case_2030,0.949,387.12557,87.70936456223578,89.96708441165919,88.65339729999998,44.50440318098008,46.76212303040349,45.44843591874428,benefit_under_all_stream_compositions
worst_case_2030,0.95,387.5335,87.8212927080743,90.03474354084234,88.74681499999998,44.616331326818596,46.82978215958664,45.541853618744284,benefit_under_all_stream_compositions
worst_case_2030,0.951,387.94142999999997,87.9332208539128,90.10240267002548,88.84023269999999,44.7282594726571,46.897441288769784,45.63527131874429,benefit_under_all_stream_compositions
worst_case_2030,0.952,388.34936,88.04514899975132,90.17006179920864,88.93365039999998,44.84018761849562,46.96510041795294,45.72868901874428,benefit_under_all_stream_compositions
worst_case_2030,0.953,388.75728999999995,88.15707714558982,90.2377209283918,89.02706809999997,44.952115764334124,47.032759547136095,45.822106718744266,benefit_under_all_stream_compositions
worst_case_2030,0.954,389.16522000000003,88.26900529142836,90.30538005757495,89.12048579999998,45.06404391017266,47.10041867631925,45.91552441874428,benefit_under_all_stream_compositions
worst_case_2030,0.955,389.57315,88.38093343726686,90.3730391867581,89.21390349999999,45.17597205601116,47.168077805502406,46.00894211874429,benefit_under_all_stream_compositions
worst_case_2030,0.956,389.98108,88.49286158310538,90.44069831594126,89.30732119999999,45.28790020184968,47.23573693468556,46.10235981874429,benefit_under_all_stream_compositions
worst_case_2030,0.957,390.38901,88.60478972894389,90.5083574451244,89.40073889999996,45.399828347688185,47.3033960638687,46.195777518744265,benefit_under_all_stream_compositions
worst_case_2030,0.958,390.79694,88.7167178747824,90.57601657430757,89.49415659999998,45.511756493526704,47.37105519305187,46.28919521874428,benefit_under_all_stream_compositions
worst_case_2030,0.959,391.20486999999997,88.82864602062091,90.64367570349071,89.58757429999997,45.62368463936521,47.438714322235015,46.38261291874427,benefit_under_all_stream_compositions
worst_case_2030,0.96,391.6128,88.94057416645943,90.71133483267387,89.68099199999997,45.73561278520373,47.50637345141817,46.476030618744275,benefit_under_all_stream_compositions
worst_case_2030,0.961,392.02072999999996,89.05250231229793,90.77899396185701,89.77440969999998,45.84754093104223,47.57403258060131,46.56944831874428,benefit_under_all_stream_compositions
worst_case_2030,0.962,392.42866000000004,89.16443045813648,90.84665309104018,89.8678274,45.95946907688078,47.64169170978448,46.662866018744296,benefit_under_all_stream_compositions
worst_case_2030,0.963,392.83659,89.27635860397498,90.91431222022332,89.96124509999997,46.071397222719284,47.70935083896762,46.75628371874427,benefit_under_all_stream_compositions
worst_case_2030,0.964,393.24452,89.38828674981349,90.98197134940648,90.05466279999997,46.18332536855779,47.77700996815078,46.849701418744274,benefit_under_all_stream_compositions
worst_case_2030,0.965,393.65245,89.500214895652,91.04963047858963,90.14808049999998,46.29525351439629,47.844669097333934,46.94311911874428,benefit_under_all_stream_compositions
worst_case_2030,0.966,394.06038,89.61214304149053,91.11728960777279,90.24149819999998,46.407181660234826,47.91232822651709,47.03653681874428,benefit_under_all_stream_compositions
worst_case_2030,0.967,394.46831,89.72407118732903,91.18494873695593,90.33491589999998,46.51910980607333,47.97998735570023,47.129954518744285,benefit_under_all_stream_compositions
worst_case_2030,0.968,394.87624,89.83599933316754,91.25260786613909,90.42833359999999,46.631037951911836,48.04764648488339,47.22337221874429,benefit_under_all_stream_compositions
worst_case_2030,0.969,395.28416999999996,89.94792747900604,91.32026699532224,90.52175129999996,46.74296609775034,48.11530561406654,47.31678991874426,benefit_under_all_stream_compositions
worst_case_2030,0.97,395.69210000000004,90.05985562484457,91.38792612450541,90.61516899999998,46.85489424358887,48.18296474324971,47.41020761874428,benefit_under_all_stream_compositions
worst_case_2030,0.971,396.10003,90.17178377068308,91.45558525368855,90.70858669999998,46.96682238942738,48.250623872432854,47.503625318744284,benefit_under_all_stream_compositions
worst_case_2030,0.972,396.50796,90.28371191652161,91.52324438287171,90.80200439999999,47.07875053526591,48.31828300161601,47.59704301874429,benefit_under_all_stream_compositions
worst_case_2030,0.973,396.91589,90.39564006236012,91.59090351205485,90.89542209999998,47.190678681104416,48.38594213079915,47.690460718744276,benefit_under_all_stream_compositions
worst_case_2030,0.974,397.32382,90.50756820819862,91.658562641238,90.9888398,47.30260682694292,48.45360125998231,47.783878418744294,benefit_under_all_stream_compositions
worst_case_2030,0.975,397.73175,90.61949635403712,91.72622177042116,91.08225749999997,47.414534972781425,48.52126038916546,47.87729611874427,benefit_under_all_stream_compositions
worst_case_2030,0.976,398.13968,90.73142449987566,91.79388089960432,91.17567519999997,47.52646311861996,48.58891951834862,47.97071381874427,benefit_under_all_stream_compositions
worst_case_2030,0.977,398.54760999999996,90.84335264571416,91.86154002878746,91.26909289999998,47.63839126445846,48.65657864753176,48.064131518744276,benefit_under_all_stream_compositions
worst_case_2030,0.978,398.95554,90.95528079155267,91.92919915797061,91.36251059999998,47.75031941029697,48.724237776714915,48.15754921874428,benefit_under_all_stream_compositions
worst_case_2030,0.979,399.36347,91.0672089373912,91.99685828715377,91.45592829999998,47.8622475561355,48.79189690589807,48.25096691874428,benefit_under_all_stream_compositions
worst_case_2030,0.98,399.7714,91.1791370832297,92.06451741633693,91.54934599999999,47.974175701974005,48.859556035081226,48.344384618744286,benefit_under_all_stream_compositions
worst_case_2030,0.981,400.17933,91.29106522906821,92.13217654552008,91.64276369999999,48.08610384781251,48.92721516426438,48.43780231874429,benefit_under_all_stream_compositions
worst_case_2030,0.982,400.58726,91.40299337490674,92.19983567470324,91.73618139999998,48.19803199365104,48.99487429344754,48.53122001874428,benefit_under_all_stream_compositions
worst_case_2030,0.983,400.99519,91.51492152074525,92.26749480388638,91.82959909999997,48.30996013948955,49.06253342263068,48.62463771874427,benefit_under_all_stream_compositions
worst_case_2030,0.984,401.40312,91.62684966658375,92.33515393306953,91.92301679999998,48.42188828532805,49.130192551813835,48.718055418744285,benefit_under_all_stream_compositions
worst_case_2030,0.985,401.81104999999997,91.73877781242226,92.40281306225268,92.01643449999997,48.53381643116656,49.197851680996976,48.811473118744274,benefit_under_all_stream_compositions
worst_case_2030,0.986,402.21898,91.85070595826079,92.47047219143585,92.10985219999998,48.64574457700509,49.265510810180146,48.90489081874428,benefit_under_all_stream_compositions
worst_case_2030,0.987,402.62691,91.9626341040993,92.538131320619,92.2032699,48.757672722843594,49.3331699393633,48.998308518744295,benefit_under_all_stream_compositions
worst_case_2030,0.988,403.03484000000003,92.07456224993783,92.60579044980216,92.2966876,48.86960086868213,49.40082906854646,49.0917262187443,benefit_under_all_stream_compositions
worst_case_2030,0.989,403.44277,92.18649039577633,92.6734495789853,92.39010529999997,48.98152901452063,49.4684881977296,49.185143918744274,benefit_under_all_stream_compositions
worst_case_2030,0.99,403.8507,92.29841854161485,92.74110870816845,92.48352299999998,49.09345716035915,49.536147326912754,49.27856161874428,benefit_under_all_stream_compositions
worst_case_2030,0.991,404.25863,92.41034668745336,92.80876783735161,92.57694069999998,49.205385306197655,49.60380645609591,49.37197931874428,benefit_under_all_stream_compositions
worst_case_2030,0.992,404.66656,92.52227483329187,92.87642696653477,92.67035839999998,49.317313452036174,49.671465585279066,49.465397018744284,benefit_under_all_stream_compositions
worst_case_2030,0.993,405.07448999999997,92.63420297913038,92.9440860957179,92.76377609999999,49.42924159787468,49.73912471446221,49.55881471874429,benefit_under_all_stream_compositions
worst_case_2030,0.994,405.48242,92.7461311249689,93.01174522490106,92.85719379999998,49.5411697437132,49.80678384364536,49.652232418744276,benefit_under_all_stream_compositions
worst_case_2030,0.995,405.89035,92.85805927080742,93.07940435408422,92.95061149999998,49.65309788955172,49.87444297282852,49.74565011874428,benefit_under_all_stream_compositions
worst_case_2030,0.996,406.29828000000003,92.96998741664594,93.14706348326737,93.04402919999998,49.765026035390235,49.942102102011674,49.83906781874428,benefit_under_all_stream_compositions
worst_case_2030,0.997,406.70621,93.08191556248444,93.21472261245052,93.13744689999999,49.87695418122874,50.009761231194815,49.932485518744286,benefit_under_all_stream_compositions
worst_case_2030,0.998,407.11414,93.19384370832296,93.28238174163369,93.23086459999999,49.98888232706726,50.077420360377985,50.02590321874429,benefit_under_all_stream_compositions
worst_case_2030,0.999,407.52207,93.30577185416146,93.35004087081683,93.32428229999996,50.10081047290576,50.14507948956113,50.119320918744265,benefit_under_all_stream_compositions
worst_case_2030,1.0,407.93,93.41769999999998,93.41769999999998,93.4177,50.21273861874428,50.21273861874428,50.2127386187443,benefit_under_all_stream_compositions
