lineage,si_table,sample_id_baseline,sample_id_post,monthly_batch,fraction_code,fraction_mm,post_feed_condition,variable_native,unit_native,baseline_value_native,post_value_native,baseline_value_numeric,post_value_numeric,absolute_difference_post_minus_pre,log_response_ratio_post_over_pre,percent_change_post_over_pre,baseline_parse_status,post_parse_status,effect_status,protocol
Trifyl_France_single_facility,S6,A1,rA1,A,1,<0.25,uncrushed_raw_fraction_carbonated,EC,μS/cm,3330,317,3330.0,317.0,,-2.351825809097209,-90.48048048048048,numeric,numeric,positive_numeric_pair,"EN 12457-2, L/S=10 (as described in article)"
Trifyl_France_single_facility,S6,A1,rA1,A,1,<0.25,uncrushed_raw_fraction_carbonated,pH,-,11.09,9.2,11.09,9.2,-1.8900000000000006,,,numeric,numeric,numeric_pair_absolute_difference_pH,"EN 12457-2, L/S=10 (as described in article)"
Trifyl_France_single_facility,S6,A1,rA1,A,1,<0.25,uncrushed_raw_fraction_carbonated,Cr,ppb,350.38,57.80,350.38,57.8,,-1.8020295041293442,-83.50362463610936,numeric,numeric,positive_numeric_pair,"EN 12457-2, L/S=10 (as described in article)"
Trifyl_France_single_facility,S6,A1,rA1,A,1,<0.25,uncrushed_raw_fraction_carbonated,Mn,ppb,3.00,1.16,3.0,1.16,,-0.9501922835498364,-61.33333333333333,numeric,numeric,positive_numeric_pair,"EN 12457-2, L/S=10 (as described in article)"
Trifyl_France_single_facility,S6,A1,rA1,A,1,<0.25,uncrushed_raw_fraction_carbonated,Fe,ppb,322.76,75.06,322.76,75.06,,-1.458621219273431,-76.74433015243525,numeric,numeric,positive_numeric_pair,"EN 12457-2, L/S=10 (as described in article)"
Trifyl_France_single_facility,S6,A1,rA1,A,1,<0.25,uncrushed_raw_fraction_carbonated,Co,ppb,0.48,0.24,0.48,0.24,,-0.6931471805599453,-50.0,numeric,numeric,positive_numeric_pair,"EN 12457-2, L/S=10 (as described in article)"
Trifyl_France_single_facility,S6,A1,rA1,A,1,<0.25,uncrushed_raw_fraction_carbonated,Ni,ppb,2.02,1.28,2.02,1.28,,-0.4562374334815876,-36.633663366336634,numeric,numeric,positive_numeric_pair,"EN 12457-2, L/S=10 (as described in article)"
Trifyl_France_single_facility,S6,A1,rA1,A,1,<0.25,uncrushed_raw_fraction_carbonated,Cu,ppb,8.84,4.91,8.84,4.91,,-0.5880129348431228,-44.45701357466063,numeric,numeric,positive_numeric_pair,"EN 12457-2, L/S=10 (as described in article)"
Trifyl_France_single_facility,S6,A1,rA1,A,1,<0.25,uncrushed_raw_fraction_carbonated,Zn,ppb,224.39,7.80,224.39,7.8,,-3.3592618756801653,-96.52390926511877,numeric,numeric,positive_numeric_pair,"EN 12457-2, L/S=10 (as described in article)"
Trifyl_France_single_facility,S6,A1,rA1,A,1,<0.25,uncrushed_raw_fraction_carbonated,As,ppb,11.07,15.54,11.07,15.54,,0.3391785982189558,40.37940379403793,numeric,numeric,positive_numeric_pair,"EN 12457-2, L/S=10 (as described in article)"
Trifyl_France_single_facility,S6,A1,rA1,A,1,<0.25,uncrushed_raw_fraction_carbonated,Cd,ppb,0.34,0.03,0.34,0.03,,-2.427748235948052,-91.17647058823529,numeric,numeric,positive_numeric_pair,"EN 12457-2, L/S=10 (as described in article)"
Trifyl_France_single_facility,S6,A1,rA1,A,1,<0.25,uncrushed_raw_fraction_carbonated,Sb,ppb,100.52,77.72,100.52,77.72,,-0.257244088166152,-22.682053322721842,numeric,numeric,positive_numeric_pair,"EN 12457-2, L/S=10 (as described in article)"
Trifyl_France_single_facility,S6,A1,rA1,A,1,<0.25,uncrushed_raw_fraction_carbonated,Pb,ppb,1.214,0.244,1.214,0.244,,-1.6045077463262416,-79.9011532125206,numeric,numeric,positive_numeric_pair,"EN 12457-2, L/S=10 (as described in article)"
Trifyl_France_single_facility,S6,A1,rA1,A,1,<0.25,uncrushed_raw_fraction_carbonated,Li,ppb,14.51,34.26,14.51,34.26,,0.8591404259998773,136.11302549965538,numeric,numeric,positive_numeric_pair,"EN 12457-2, L/S=10 (as described in article)"
Trifyl_France_single_facility,S6,A1,rA1,A,1,<0.25,uncrushed_raw_fraction_carbonated,Ti,ppb,60.76,13.56,60.76,13.56,,-1.4998073952153226,-77.68268597761686,numeric,numeric,positive_numeric_pair,"EN 12457-2, L/S=10 (as described in article)"
Trifyl_France_single_facility,S6,A1,rA1,A,1,<0.25,uncrushed_raw_fraction_carbonated,V,ppb,12.43,48.88,12.43,48.88,,1.3692554093407203,293.24215607401453,numeric,numeric,positive_numeric_pair,"EN 12457-2, L/S=10 (as described in article)"
Trifyl_France_single_facility,S6,A2,rA2,A,2,0.25-0.5,uncrushed_raw_fraction_carbonated,EC,μS/cm,2340,339,2340.0,339.0,,-1.9319061009712968,-85.51282051282051,numeric,numeric,positive_numeric_pair,"EN 12457-2, L/S=10 (as described in article)"
Trifyl_France_single_facility,S6,A2,rA2,A,2,0.25-0.5,uncrushed_raw_fraction_carbonated,pH,-,11.06,9.87,11.06,9.87,-1.1900000000000013,,,numeric,numeric,numeric_pair_absolute_difference_pH,"EN 12457-2, L/S=10 (as described in article)"
Trifyl_France_single_facility,S6,A2,rA2,A,2,0.25-0.5,uncrushed_raw_fraction_carbonated,Cr,ppb,189.94,53.29,189.94,53.29,,-1.2709595365061155,-71.94377171738444,numeric,numeric,positive_numeric_pair,"EN 12457-2, L/S=10 (as described in article)"
Trifyl_France_single_facility,S6,A2,rA2,A,2,0.25-0.5,uncrushed_raw_fraction_carbonated,Mn,ppb,16.39,1.77,16.39,1.77,,-2.2256918461700006,-89.20073215375228,numeric,numeric,positive_numeric_pair,"EN 12457-2, L/S=10 (as described in article)"
Trifyl_France_single_facility,S6,A2,rA2,A,2,0.25-0.5,uncrushed_raw_fraction_carbonated,Fe,ppb,728.04,119.27,728.04,119.27,,-1.808966161151629,-83.6176583704192,numeric,numeric,positive_numeric_pair,"EN 12457-2, L/S=10 (as described in article)"
Trifyl_France_single_facility,S6,A2,rA2,A,2,0.25-0.5,uncrushed_raw_fraction_carbonated,Co,ppb,0.86,0.18,0.86,0.18,,-1.563975538357343,-79.06976744186048,numeric,numeric,positive_numeric_pair,"EN 12457-2, L/S=10 (as described in article)"
Trifyl_France_single_facility,S6,A2,rA2,A,2,0.25-0.5,uncrushed_raw_fraction_carbonated,Ni,ppb,5.77,0.62,5.77,0.62,,-2.230707881463008,-89.25476603119584,numeric,numeric,positive_numeric_pair,"EN 12457-2, L/S=10 (as described in article)"
Trifyl_France_single_facility,S6,A2,rA2,A,2,0.25-0.5,uncrushed_raw_fraction_carbonated,Cu,ppb,24.47,3.18,24.47,3.18,,-2.040566680662495,-87.00449530036781,numeric,numeric,positive_numeric_pair,"EN 12457-2, L/S=10 (as described in article)"
Trifyl_France_single_facility,S6,A2,rA2,A,2,0.25-0.5,uncrushed_raw_fraction_carbonated,Zn,ppb,242.19,9.32,242.19,9.32,,-3.257559913377534,-96.15178165902803,numeric,numeric,positive_numeric_pair,"EN 12457-2, L/S=10 (as described in article)"
Trifyl_France_single_facility,S6,A2,rA2,A,2,0.25-0.5,uncrushed_raw_fraction_carbonated,As,ppb,14.68,3.40,14.68,3.4,,-1.4627105915642538,-76.83923705722071,numeric,numeric,positive_numeric_pair,"EN 12457-2, L/S=10 (as described in article)"
Trifyl_France_single_facility,S6,A2,rA2,A,2,0.25-0.5,uncrushed_raw_fraction_carbonated,Cd,ppb,0.32,0.03,0.32,0.03,,-2.367123614131617,-90.625,numeric,numeric,positive_numeric_pair,"EN 12457-2, L/S=10 (as described in article)"
Trifyl_France_single_facility,S6,A2,rA2,A,2,0.25-0.5,uncrushed_raw_fraction_carbonated,Sb,ppb,85.38,62.70,85.38,62.7,,-0.30875043369094085,-26.563598032326063,numeric,numeric,positive_numeric_pair,"EN 12457-2, L/S=10 (as described in article)"
Trifyl_France_single_facility,S6,A2,rA2,A,2,0.25-0.5,uncrushed_raw_fraction_carbonated,Pb,ppb,10.086,0.429,10.086,0.429,,-3.1574466837086534,-95.74657941701368,numeric,numeric,positive_numeric_pair,"EN 12457-2, L/S=10 (as described in article)"
Trifyl_France_single_facility,S6,A2,rA2,A,2,0.25-0.5,uncrushed_raw_fraction_carbonated,Li,ppb,13.84,11.89,13.84,11.89,,-0.15186523948683303,-14.089595375722542,numeric,numeric,positive_numeric_pair,"EN 12457-2, L/S=10 (as described in article)"
Trifyl_France_single_facility,S6,A2,rA2,A,2,0.25-0.5,uncrushed_raw_fraction_carbonated,Ti,ppb,74.13,16.01,74.13,16.01,,-1.532606781660005,-78.40280588155942,numeric,numeric,positive_numeric_pair,"EN 12457-2, L/S=10 (as described in article)"
Trifyl_France_single_facility,S6,A2,rA2,A,2,0.25-0.5,uncrushed_raw_fraction_carbonated,V,ppb,11.48,17.14,11.48,17.14,,0.4008085222782134,49.30313588850175,numeric,numeric,positive_numeric_pair,"EN 12457-2, L/S=10 (as described in article)"
Trifyl_France_single_facility,S6,A3,rA3,A,3,0.5-1,uncrushed_raw_fraction_carbonated,EC,μS/cm,2400,704,2400.0,704.0,,-1.2264456601779945,-70.66666666666667,numeric,numeric,positive_numeric_pair,"EN 12457-2, L/S=10 (as described in article)"
Trifyl_France_single_facility,S6,A3,rA3,A,3,0.5-1,uncrushed_raw_fraction_carbonated,pH,-,11.02,10.36,11.02,10.36,-0.6600000000000001,,,numeric,numeric,numeric_pair_absolute_difference_pH,"EN 12457-2, L/S=10 (as described in article)"
Trifyl_France_single_facility,S6,A3,rA3,A,3,0.5-1,uncrushed_raw_fraction_carbonated,Cr,ppb,182.90,70.67,182.9,70.67,,-0.9509184006940571,-61.36139967195189,numeric,numeric,positive_numeric_pair,"EN 12457-2, L/S=10 (as described in article)"
Trifyl_France_single_facility,S6,A3,rA3,A,3,0.5-1,uncrushed_raw_fraction_carbonated,Mn,ppb,40.48,6.26,40.48,6.26,,-1.866627839867203,-84.53557312252964,numeric,numeric,positive_numeric_pair,"EN 12457-2, L/S=10 (as described in article)"
Trifyl_France_single_facility,S6,A3,rA3,A,3,0.5-1,uncrushed_raw_fraction_carbonated,Fe,ppb,1155.66,624.65,1155.66,624.65,,-0.6152353954463479,-45.94863541179932,numeric,numeric,positive_numeric_pair,"EN 12457-2, L/S=10 (as described in article)"
Trifyl_France_single_facility,S6,A3,rA3,A,3,0.5-1,uncrushed_raw_fraction_carbonated,Co,ppb,1.24,0.41,1.24,0.41,,-1.1067094989007291,-66.93548387096774,numeric,numeric,positive_numeric_pair,"EN 12457-2, L/S=10 (as described in article)"
Trifyl_France_single_facility,S6,A3,rA3,A,3,0.5-1,uncrushed_raw_fraction_carbonated,Ni,ppb,22.70,3.00,22.7,3.0,,-2.0237526358192475,-86.78414096916299,numeric,numeric,positive_numeric_pair,"EN 12457-2, L/S=10 (as described in article)"
Trifyl_France_single_facility,S6,A3,rA3,A,3,0.5-1,uncrushed_raw_fraction_carbonated,Cu,ppb,11.37,7.83,11.37,7.83,,-0.37301579775973287,-31.134564643799468,numeric,numeric,positive_numeric_pair,"EN 12457-2, L/S=10 (as described in article)"
Trifyl_France_single_facility,S6,A3,rA3,A,3,0.5-1,uncrushed_raw_fraction_carbonated,Zn,ppb,226.64,115.56,226.64,115.56,,-0.6735729799242265,-49.01164842922696,numeric,numeric,positive_numeric_pair,"EN 12457-2, L/S=10 (as described in article)"
Trifyl_France_single_facility,S6,A3,rA3,A,3,0.5-1,uncrushed_raw_fraction_carbonated,As,ppb,25.99,7.12,25.99,7.12,,-1.2948041232295144,-72.60484801846864,numeric,numeric,positive_numeric_pair,"EN 12457-2, L/S=10 (as described in article)"
Trifyl_France_single_facility,S6,A3,rA3,A,3,0.5-1,uncrushed_raw_fraction_carbonated,Cd,ppb,0.28,0.08,0.28,0.08,,-1.252762968495368,-71.42857142857143,numeric,numeric,positive_numeric_pair,"EN 12457-2, L/S=10 (as described in article)"
Trifyl_France_single_facility,S6,A3,rA3,A,3,0.5-1,uncrushed_raw_fraction_carbonated,Sb,ppb,69.09,43.52,69.09,43.52,,-0.4621893999530162,-37.009697496019676,numeric,numeric,positive_numeric_pair,"EN 12457-2, L/S=10 (as described in article)"
Trifyl_France_single_facility,S6,A3,rA3,A,3,0.5-1,uncrushed_raw_fraction_carbonated,Pb,ppb,5.128,2.378,5.128,2.378,,-0.7684559213497788,-53.62714508580343,numeric,numeric,positive_numeric_pair,"EN 12457-2, L/S=10 (as described in article)"
Trifyl_France_single_facility,S6,A3,rA3,A,3,0.5-1,uncrushed_raw_fraction_carbonated,Li,ppb,18.31,5.83,18.31,5.83,,-1.1444303583240183,-68.15947569634079,numeric,numeric,positive_numeric_pair,"EN 12457-2, L/S=10 (as described in article)"
Trifyl_France_single_facility,S6,A3,rA3,A,3,0.5-1,uncrushed_raw_fraction_carbonated,Ti,ppb,153.18,35.58,153.18,35.58,,-1.4598300182437585,-76.77242459851156,numeric,numeric,positive_numeric_pair,"EN 12457-2, L/S=10 (as described in article)"
Trifyl_France_single_facility,S6,A3,rA3,A,3,0.5-1,uncrushed_raw_fraction_carbonated,V,ppb,17.32,10.40,17.32,10.4,,-0.5100560969869622,-39.953810623556585,numeric,numeric,positive_numeric_pair,"EN 12457-2, L/S=10 (as described in article)"
Trifyl_France_single_facility,S6,A4,rA4,A,4,1-2,uncrushed_raw_fraction_carbonated,EC,μS/cm,2480,734,2480.0,734.0,,-1.2175048105445123,-70.40322580645162,numeric,numeric,positive_numeric_pair,"EN 12457-2, L/S=10 (as described in article)"
Trifyl_France_single_facility,S6,A4,rA4,A,4,1-2,uncrushed_raw_fraction_carbonated,pH,-,11.14,10.48,11.14,10.48,-0.6600000000000001,,,numeric,numeric,numeric_pair_absolute_difference_pH,"EN 12457-2, L/S=10 (as described in article)"
Trifyl_France_single_facility,S6,A4,rA4,A,4,1-2,uncrushed_raw_fraction_carbonated,Cr,ppb,164.71,77.83,164.71,77.83,,-0.7496593908232877,-52.74725274725275,numeric,numeric,positive_numeric_pair,"EN 12457-2, L/S=10 (as described in article)"
Trifyl_France_single_facility,S6,A4,rA4,A,4,1-2,uncrushed_raw_fraction_carbonated,Mn,ppb,11.69,16.47,11.69,16.47,,0.342806768705572,40.889649272882814,numeric,numeric,positive_numeric_pair,"EN 12457-2, L/S=10 (as described in article)"
Trifyl_France_single_facility,S6,A4,rA4,A,4,1-2,uncrushed_raw_fraction_carbonated,Fe,ppb,309.11,1209.87,309.11,1209.87,,1.364570994197977,291.4043544369318,numeric,numeric,positive_numeric_pair,"EN 12457-2, L/S=10 (as described in article)"
Trifyl_France_single_facility,S6,A4,rA4,A,4,1-2,uncrushed_raw_fraction_carbonated,Co,ppb,0.44,0.57,0.44,0.57,,0.25886163391628897,29.54545454545454,numeric,numeric,positive_numeric_pair,"EN 12457-2, L/S=10 (as described in article)"
Trifyl_France_single_facility,S6,A4,rA4,A,4,1-2,uncrushed_raw_fraction_carbonated,Ni,ppb,2.13,3.77,2.13,3.77,,0.5709530217385856,76.99530516431925,numeric,numeric,positive_numeric_pair,"EN 12457-2, L/S=10 (as described in article)"
Trifyl_France_single_facility,S6,A4,rA4,A,4,1-2,uncrushed_raw_fraction_carbonated,Cu,ppb,9.48,12.22,9.48,12.22,,0.25388963747651877,28.90295358649788,numeric,numeric,positive_numeric_pair,"EN 12457-2, L/S=10 (as described in article)"
Trifyl_France_single_facility,S6,A4,rA4,A,4,1-2,uncrushed_raw_fraction_carbonated,Zn,ppb,191.26,135.52,191.26,135.52,,-0.34451452801765226,-29.143574192199097,numeric,numeric,positive_numeric_pair,"EN 12457-2, L/S=10 (as described in article)"
Trifyl_France_single_facility,S6,A4,rA4,A,4,1-2,uncrushed_raw_fraction_carbonated,As,ppb,8.95,10.45,8.95,10.45,,0.15494844612405595,16.75977653631284,numeric,numeric,positive_numeric_pair,"EN 12457-2, L/S=10 (as described in article)"
Trifyl_France_single_facility,S6,A4,rA4,A,4,1-2,uncrushed_raw_fraction_carbonated,Cd,ppb,0.20,0.12,0.2,0.12,,-0.5108256237659907,-40.0,numeric,numeric,positive_numeric_pair,"EN 12457-2, L/S=10 (as described in article)"
Trifyl_France_single_facility,S6,A4,rA4,A,4,1-2,uncrushed_raw_fraction_carbonated,Sb,ppb,65.09,41.05,65.09,41.05,,-0.4609800916858588,-36.93347672453526,numeric,numeric,positive_numeric_pair,"EN 12457-2, L/S=10 (as described in article)"
Trifyl_France_single_facility,S6,A4,rA4,A,4,1-2,uncrushed_raw_fraction_carbonated,Pb,ppb,2.231,3.541,2.231,3.541,,0.4619592576793713,58.71806364858809,numeric,numeric,positive_numeric_pair,"EN 12457-2, L/S=10 (as described in article)"
Trifyl_France_single_facility,S6,A4,rA4,A,4,1-2,uncrushed_raw_fraction_carbonated,Li,ppb,17.69,9.73,17.69,9.73,,-0.5977856119737803,-44.99717354437536,numeric,numeric,positive_numeric_pair,"EN 12457-2, L/S=10 (as described in article)"
Trifyl_France_single_facility,S6,A4,rA4,A,4,1-2,uncrushed_raw_fraction_carbonated,Ti,ppb,39.49,59.78,39.49,59.78,,0.4146236815572337,51.38009622689288,numeric,numeric,positive_numeric_pair,"EN 12457-2, L/S=10 (as described in article)"
Trifyl_France_single_facility,S6,A4,rA4,A,4,1-2,uncrushed_raw_fraction_carbonated,V,ppb,11.31,14.01,11.31,14.01,,0.21408407022088646,23.872679045092827,numeric,numeric,positive_numeric_pair,"EN 12457-2, L/S=10 (as described in article)"
Trifyl_France_single_facility,S6,B1,rB1,B,1,<0.25,uncrushed_raw_fraction_carbonated,EC,μS/cm,3050,427,3050.0,427.0,,-1.9661128563728327,-86.0,numeric,numeric,positive_numeric_pair,"EN 12457-2, L/S=10 (as described in article)"
Trifyl_France_single_facility,S6,B1,rB1,B,1,<0.25,uncrushed_raw_fraction_carbonated,pH,-,11.28,9.03,11.28,9.03,-2.25,,,numeric,numeric,numeric_pair_absolute_difference_pH,"EN 12457-2, L/S=10 (as described in article)"
Trifyl_France_single_facility,S6,B1,rB1,B,1,<0.25,uncrushed_raw_fraction_carbonated,Cr,ppb,117.88,47.88,117.88,47.88,,-0.9009692771797215,-59.38242280285036,numeric,numeric,positive_numeric_pair,"EN 12457-2, L/S=10 (as described in article)"
Trifyl_France_single_facility,S6,B1,rB1,B,1,<0.25,uncrushed_raw_fraction_carbonated,Mn,ppb,22.29,3.75,22.29,3.75,,-1.782382307415458,-83.17631224764467,numeric,numeric,positive_numeric_pair,"EN 12457-2, L/S=10 (as described in article)"
Trifyl_France_single_facility,S6,B1,rB1,B,1,<0.25,uncrushed_raw_fraction_carbonated,Fe,ppb,1207.97,160.85,1207.97,160.85,,-2.016224290064259,-86.68427196039636,numeric,numeric,positive_numeric_pair,"EN 12457-2, L/S=10 (as described in article)"
Trifyl_France_single_facility,S6,B1,rB1,B,1,<0.25,uncrushed_raw_fraction_carbonated,Co,ppb,2.19,0.24,2.19,0.24,,-2.211017899468555,-89.04109589041096,numeric,numeric,positive_numeric_pair,"EN 12457-2, L/S=10 (as described in article)"
Trifyl_France_single_facility,S6,B1,rB1,B,1,<0.25,uncrushed_raw_fraction_carbonated,Ni,ppb,4.10,1.00,4.1,1.0,,-1.410986973710262,-75.60975609756098,numeric,numeric,positive_numeric_pair,"EN 12457-2, L/S=10 (as described in article)"
Trifyl_France_single_facility,S6,B1,rB1,B,1,<0.25,uncrushed_raw_fraction_carbonated,Cu,ppb,24.83,9.10,24.83,9.1,,-1.003778185997271,-63.35078534031413,numeric,numeric,positive_numeric_pair,"EN 12457-2, L/S=10 (as described in article)"
Trifyl_France_single_facility,S6,B1,rB1,B,1,<0.25,uncrushed_raw_fraction_carbonated,Zn,ppb,256.34,33.36,256.34,33.36,,-2.0391471108111316,-86.9860341733635,numeric,numeric,positive_numeric_pair,"EN 12457-2, L/S=10 (as described in article)"
Trifyl_France_single_facility,S6,B1,rB1,B,1,<0.25,uncrushed_raw_fraction_carbonated,As,ppb,21.70,7.59,21.7,7.59,,-1.0504806691388753,-65.02304147465438,numeric,numeric,positive_numeric_pair,"EN 12457-2, L/S=10 (as described in article)"
Trifyl_France_single_facility,S6,B1,rB1,B,1,<0.25,uncrushed_raw_fraction_carbonated,Cd,ppb,0.32,0.07,0.32,0.07,,-1.519825753744413,-78.125,numeric,numeric,positive_numeric_pair,"EN 12457-2, L/S=10 (as described in article)"
Trifyl_France_single_facility,S6,B1,rB1,B,1,<0.25,uncrushed_raw_fraction_carbonated,Sb,ppb,69.42,96.57,69.42,96.57,,0.3300931235451861,39.1097666378565,numeric,numeric,positive_numeric_pair,"EN 12457-2, L/S=10 (as described in article)"
Trifyl_France_single_facility,S6,B1,rB1,B,1,<0.25,uncrushed_raw_fraction_carbonated,Pb,ppb,3.601,1.682,3.601,1.682,,-0.7612280231159819,-53.2907525687309,numeric,numeric,positive_numeric_pair,"EN 12457-2, L/S=10 (as described in article)"
Trifyl_France_single_facility,S6,B1,rB1,B,1,<0.25,uncrushed_raw_fraction_carbonated,Li,ppb,36.38,27.63,36.38,27.63,,-0.2751170341546511,-24.051676745464544,numeric,numeric,positive_numeric_pair,"EN 12457-2, L/S=10 (as described in article)"
Trifyl_France_single_facility,S6,B1,rB1,B,1,<0.25,uncrushed_raw_fraction_carbonated,Ti,ppb,40.34,27.14,40.34,27.14,,-0.39633487811934265,-32.72186415468518,numeric,numeric,positive_numeric_pair,"EN 12457-2, L/S=10 (as described in article)"
Trifyl_France_single_facility,S6,B1,rB1,B,1,<0.25,uncrushed_raw_fraction_carbonated,V,ppb,18.97,27.50,18.97,27.5,,0.3713272207256028,44.96573537163944,numeric,numeric,positive_numeric_pair,"EN 12457-2, L/S=10 (as described in article)"
Trifyl_France_single_facility,S6,B2,rB2,B,2,0.25-0.5,uncrushed_raw_fraction_carbonated,EC,μS/cm,2720,642,2720.0,642.0,,-1.4437988556000818,-76.3970588235294,numeric,numeric,positive_numeric_pair,"EN 12457-2, L/S=10 (as described in article)"
Trifyl_France_single_facility,S6,B2,rB2,B,2,0.25-0.5,uncrushed_raw_fraction_carbonated,pH,-,11.36,9.58,11.36,9.58,-1.7799999999999994,,,numeric,numeric,numeric_pair_absolute_difference_pH,"EN 12457-2, L/S=10 (as described in article)"
Trifyl_France_single_facility,S6,B2,rB2,B,2,0.25-0.5,uncrushed_raw_fraction_carbonated,Cr,ppb,93.80,39.89,93.8,39.89,,-0.8550391900948637,-57.47334754797442,numeric,numeric,positive_numeric_pair,"EN 12457-2, L/S=10 (as described in article)"
Trifyl_France_single_facility,S6,B2,rB2,B,2,0.25-0.5,uncrushed_raw_fraction_carbonated,Mn,ppb,155.68,20.23,155.68,20.23,,-2.0406359672580408,-87.00539568345323,numeric,numeric,positive_numeric_pair,"EN 12457-2, L/S=10 (as described in article)"
Trifyl_France_single_facility,S6,B2,rB2,B,2,0.25-0.5,uncrushed_raw_fraction_carbonated,Fe,ppb,3864.81,643.19,3864.81,643.19,,-1.7932276302126475,-83.35778472939161,numeric,numeric,positive_numeric_pair,"EN 12457-2, L/S=10 (as described in article)"
Trifyl_France_single_facility,S6,B2,rB2,B,2,0.25-0.5,uncrushed_raw_fraction_carbonated,Co,ppb,3.10,0.60,3.1,0.6,,-1.6422277352570913,-80.64516129032258,numeric,numeric,positive_numeric_pair,"EN 12457-2, L/S=10 (as described in article)"
Trifyl_France_single_facility,S6,B2,rB2,B,2,0.25-0.5,uncrushed_raw_fraction_carbonated,Ni,ppb,24.83,4.97,24.83,4.97,,-1.608632759411538,-79.98389045509464,numeric,numeric,positive_numeric_pair,"EN 12457-2, L/S=10 (as described in article)"
Trifyl_France_single_facility,S6,B2,rB2,B,2,0.25-0.5,uncrushed_raw_fraction_carbonated,Cu,ppb,173.37,28.29,173.37,28.29,,-1.8129196536843206,-83.68229797542827,numeric,numeric,positive_numeric_pair,"EN 12457-2, L/S=10 (as described in article)"
Trifyl_France_single_facility,S6,B2,rB2,B,2,0.25-0.5,uncrushed_raw_fraction_carbonated,Zn,ppb,630.83,155.71,630.83,155.71,,-1.3990411097603483,-75.31664632309814,numeric,numeric,positive_numeric_pair,"EN 12457-2, L/S=10 (as described in article)"
Trifyl_France_single_facility,S6,B2,rB2,B,2,0.25-0.5,uncrushed_raw_fraction_carbonated,As,ppb,46.77,7.71,46.77,7.71,,-1.802723784162557,-83.51507376523412,numeric,numeric,positive_numeric_pair,"EN 12457-2, L/S=10 (as described in article)"
Trifyl_France_single_facility,S6,B2,rB2,B,2,0.25-0.5,uncrushed_raw_fraction_carbonated,Cd,ppb,2.08,0.29,2.08,0.29,,-1.9702422497148442,-86.0576923076923,numeric,numeric,positive_numeric_pair,"EN 12457-2, L/S=10 (as described in article)"
Trifyl_France_single_facility,S6,B2,rB2,B,2,0.25-0.5,uncrushed_raw_fraction_carbonated,Sb,ppb,48.16,70.53,48.16,70.53,,0.3815093502195223,46.44933554817277,numeric,numeric,positive_numeric_pair,"EN 12457-2, L/S=10 (as described in article)"
Trifyl_France_single_facility,S6,B2,rB2,B,2,0.25-0.5,uncrushed_raw_fraction_carbonated,Pb,ppb,29.552,110.781,29.552,110.781,,1.321403856007494,274.8680292365999,numeric,numeric,positive_numeric_pair,"EN 12457-2, L/S=10 (as described in article)"
Trifyl_France_single_facility,S6,B2,rB2,B,2,0.25-0.5,uncrushed_raw_fraction_carbonated,Li,ppb,42.56,13.33,42.56,13.33,,-1.1608977108427716,-68.67951127819549,numeric,numeric,positive_numeric_pair,"EN 12457-2, L/S=10 (as described in article)"
Trifyl_France_single_facility,S6,B2,rB2,B,2,0.25-0.5,uncrushed_raw_fraction_carbonated,Ti,ppb,247.24,49.70,247.24,49.7,,-1.6043545916884894,-79.89807474518686,numeric,numeric,positive_numeric_pair,"EN 12457-2, L/S=10 (as described in article)"
Trifyl_France_single_facility,S6,B2,rB2,B,2,0.25-0.5,uncrushed_raw_fraction_carbonated,V,ppb,26.32,15.73,26.32,15.73,,-0.51475938938693,-40.235562310030396,numeric,numeric,positive_numeric_pair,"EN 12457-2, L/S=10 (as described in article)"
Trifyl_France_single_facility,S6,B3,rB3,B,3,0.5-1,uncrushed_raw_fraction_carbonated,EC,μS/cm,2540,761,2540.0,761.0,,-1.2052860021508964,-70.03937007874016,numeric,numeric,positive_numeric_pair,"EN 12457-2, L/S=10 (as described in article)"
Trifyl_France_single_facility,S6,B3,rB3,B,3,0.5-1,uncrushed_raw_fraction_carbonated,pH,-,11.39,10.14,11.39,10.14,-1.25,,,numeric,numeric,numeric_pair_absolute_difference_pH,"EN 12457-2, L/S=10 (as described in article)"
Trifyl_France_single_facility,S6,B3,rB3,B,3,0.5-1,uncrushed_raw_fraction_carbonated,Cr,ppb,70.16,36.73,70.16,36.73,,-0.6471844882323516,-47.64823261117446,numeric,numeric,positive_numeric_pair,"EN 12457-2, L/S=10 (as described in article)"
Trifyl_France_single_facility,S6,B3,rB3,B,3,0.5-1,uncrushed_raw_fraction_carbonated,Mn,ppb,96.19,14.10,96.19,14.1,,-1.9201506047804016,-85.34151159164153,numeric,numeric,positive_numeric_pair,"EN 12457-2, L/S=10 (as described in article)"
Trifyl_France_single_facility,S6,B3,rB3,B,3,0.5-1,uncrushed_raw_fraction_carbonated,Fe,ppb,2247.88,729.11,2247.88,729.11,,-1.125918216547825,-67.56454970905921,numeric,numeric,positive_numeric_pair,"EN 12457-2, L/S=10 (as described in article)"
Trifyl_France_single_facility,S6,B3,rB3,B,3,0.5-1,uncrushed_raw_fraction_carbonated,Co,ppb,2.69,0.83,2.69,0.83,,-1.1758707718052412,-69.14498141263941,numeric,numeric,positive_numeric_pair,"EN 12457-2, L/S=10 (as described in article)"
Trifyl_France_single_facility,S6,B3,rB3,B,3,0.5-1,uncrushed_raw_fraction_carbonated,Ni,ppb,20.67,4.34,20.67,4.34,,-1.5608090255813636,-79.00338655055637,numeric,numeric,positive_numeric_pair,"EN 12457-2, L/S=10 (as described in article)"
Trifyl_France_single_facility,S6,B3,rB3,B,3,0.5-1,uncrushed_raw_fraction_carbonated,Cu,ppb,83.62,12.68,83.62,12.68,,-1.886256776919339,-84.83616359722555,numeric,numeric,positive_numeric_pair,"EN 12457-2, L/S=10 (as described in article)"
Trifyl_France_single_facility,S6,B3,rB3,B,3,0.5-1,uncrushed_raw_fraction_carbonated,Zn,ppb,864.87,119.68,864.87,119.68,,-1.977757692393845,-86.16208216263715,numeric,numeric,positive_numeric_pair,"EN 12457-2, L/S=10 (as described in article)"
Trifyl_France_single_facility,S6,B3,rB3,B,3,0.5-1,uncrushed_raw_fraction_carbonated,As,ppb,34.26,12.85,34.26,12.85,,-0.9806346815547451,-62.4927028604787,numeric,numeric,positive_numeric_pair,"EN 12457-2, L/S=10 (as described in article)"
Trifyl_France_single_facility,S6,B3,rB3,B,3,0.5-1,uncrushed_raw_fraction_carbonated,Cd,ppb,0.46,0.09,0.46,0.09,,-1.6314168191528757,-80.43478260869566,numeric,numeric,positive_numeric_pair,"EN 12457-2, L/S=10 (as described in article)"
Trifyl_France_single_facility,S6,B3,rB3,B,3,0.5-1,uncrushed_raw_fraction_carbonated,Sb,ppb,42.96,53.38,42.96,53.38,,0.21716669377576883,24.25512104283054,numeric,numeric,positive_numeric_pair,"EN 12457-2, L/S=10 (as described in article)"
Trifyl_France_single_facility,S6,B3,rB3,B,3,0.5-1,uncrushed_raw_fraction_carbonated,Pb,ppb,16.949,7.708,16.949,7.708,,-0.7879500844837974,-54.52239070151632,numeric,numeric,positive_numeric_pair,"EN 12457-2, L/S=10 (as described in article)"
Trifyl_France_single_facility,S6,B3,rB3,B,3,0.5-1,uncrushed_raw_fraction_carbonated,Li,ppb,38.24,15.17,38.24,15.17,,-0.9245622948227596,-60.32949790794979,numeric,numeric,positive_numeric_pair,"EN 12457-2, L/S=10 (as described in article)"
Trifyl_France_single_facility,S6,B3,rB3,B,3,0.5-1,uncrushed_raw_fraction_carbonated,Ti,ppb,73.17,40.01,73.17,40.01,,-0.6036560780267951,-45.31911985786525,numeric,numeric,positive_numeric_pair,"EN 12457-2, L/S=10 (as described in article)"
Trifyl_France_single_facility,S6,B3,rB3,B,3,0.5-1,uncrushed_raw_fraction_carbonated,V,ppb,18.60,11.44,18.6,11.44,,-0.4860455947675038,-38.49462365591398,numeric,numeric,positive_numeric_pair,"EN 12457-2, L/S=10 (as described in article)"
Trifyl_France_single_facility,S6,B4,rB4,B,4,1-2,uncrushed_raw_fraction_carbonated,EC,μS/cm,2950,670,2950.0,670.0,,-1.4822827369488538,-77.28813559322035,numeric,numeric,positive_numeric_pair,"EN 12457-2, L/S=10 (as described in article)"
Trifyl_France_single_facility,S6,B4,rB4,B,4,1-2,uncrushed_raw_fraction_carbonated,pH,-,11.47,10.71,11.47,10.71,-0.7599999999999998,,,numeric,numeric,numeric_pair_absolute_difference_pH,"EN 12457-2, L/S=10 (as described in article)"
Trifyl_France_single_facility,S6,B4,rB4,B,4,1-2,uncrushed_raw_fraction_carbonated,Cr,ppb,39.39,25.68,39.39,25.68,,-0.4277994981610541,-34.80578827113481,numeric,numeric,positive_numeric_pair,"EN 12457-2, L/S=10 (as described in article)"
Trifyl_France_single_facility,S6,B4,rB4,B,4,1-2,uncrushed_raw_fraction_carbonated,Mn,ppb,2.43,23.01,2.43,23.01,,2.2480376466948173,846.9135802469136,numeric,numeric,positive_numeric_pair,"EN 12457-2, L/S=10 (as described in article)"
Trifyl_France_single_facility,S6,B4,rB4,B,4,1-2,uncrushed_raw_fraction_carbonated,Fe,ppb,226.94,2451.57,226.94,2451.57,,2.3797982492673517,980.2723186745396,numeric,numeric,positive_numeric_pair,"EN 12457-2, L/S=10 (as described in article)"
Trifyl_France_single_facility,S6,B4,rB4,B,4,1-2,uncrushed_raw_fraction_carbonated,Co,ppb,0.51,0.62,0.51,0.62,,0.1953087523207657,21.568627450980383,numeric,numeric,positive_numeric_pair,"EN 12457-2, L/S=10 (as described in article)"
Trifyl_France_single_facility,S6,B4,rB4,B,4,1-2,uncrushed_raw_fraction_carbonated,Ni,ppb,2.27,5.28,2.27,5.28,,0.8441462662248589,132.5991189427313,numeric,numeric,positive_numeric_pair,"EN 12457-2, L/S=10 (as described in article)"
Trifyl_France_single_facility,S6,B4,rB4,B,4,1-2,uncrushed_raw_fraction_carbonated,Cu,ppb,15.94,13.52,15.94,13.52,,-0.1646616027472509,-15.181932245922203,numeric,numeric,positive_numeric_pair,"EN 12457-2, L/S=10 (as described in article)"
Trifyl_France_single_facility,S6,B4,rB4,B,4,1-2,uncrushed_raw_fraction_carbonated,Zn,ppb,262.33,116.56,262.33,116.56,,-0.8111970913013111,-55.56741508786642,numeric,numeric,positive_numeric_pair,"EN 12457-2, L/S=10 (as described in article)"
Trifyl_France_single_facility,S6,B4,rB4,B,4,1-2,uncrushed_raw_fraction_carbonated,As,ppb,10.26,12.91,10.26,12.91,,0.22974936511592767,25.828460038986357,numeric,numeric,positive_numeric_pair,"EN 12457-2, L/S=10 (as described in article)"
Trifyl_France_single_facility,S6,B4,rB4,B,4,1-2,uncrushed_raw_fraction_carbonated,Cd,ppb,0.16,0.25,0.16,0.25,,0.44628710262841953,56.25,numeric,numeric,positive_numeric_pair,"EN 12457-2, L/S=10 (as described in article)"
Trifyl_France_single_facility,S6,B4,rB4,B,4,1-2,uncrushed_raw_fraction_carbonated,Sb,ppb,26.56,39.35,26.56,39.35,,0.39308965025517917,48.15512048192772,numeric,numeric,positive_numeric_pair,"EN 12457-2, L/S=10 (as described in article)"
Trifyl_France_single_facility,S6,B4,rB4,B,4,1-2,uncrushed_raw_fraction_carbonated,Pb,ppb,4.398,5.835,4.398,5.835,,0.2827243736059499,32.67394270122783,numeric,numeric,positive_numeric_pair,"EN 12457-2, L/S=10 (as described in article)"
Trifyl_France_single_facility,S6,B4,rB4,B,4,1-2,uncrushed_raw_fraction_carbonated,Li,ppb,30.54,18.56,30.54,18.56,,-0.4980285724324318,-39.227242960052386,numeric,numeric,positive_numeric_pair,"EN 12457-2, L/S=10 (as described in article)"
Trifyl_France_single_facility,S6,B4,rB4,B,4,1-2,uncrushed_raw_fraction_carbonated,Ti,ppb,35.55,35.66,35.55,35.66,,0.003089456185744458,0.3094233473980301,numeric,numeric,positive_numeric_pair,"EN 12457-2, L/S=10 (as described in article)"
Trifyl_France_single_facility,S6,B4,rB4,B,4,1-2,uncrushed_raw_fraction_carbonated,V,ppb,5.05,12.19,5.05,12.19,,0.8812277002059117,141.3861386138614,numeric,numeric,positive_numeric_pair,"EN 12457-2, L/S=10 (as described in article)"
Trifyl_France_single_facility,S6,C1,rC1,C,1,<0.25,uncrushed_raw_fraction_carbonated,EC,μS/cm,3690,412,3690.0,412.0,,-2.1923583876850463,-88.83468834688347,numeric,numeric,positive_numeric_pair,"EN 12457-2, L/S=10 (as described in article)"
Trifyl_France_single_facility,S6,C1,rC1,C,1,<0.25,uncrushed_raw_fraction_carbonated,pH,-,11.21,9.29,11.21,9.29,-1.9200000000000017,,,numeric,numeric,numeric_pair_absolute_difference_pH,"EN 12457-2, L/S=10 (as described in article)"
Trifyl_France_single_facility,S6,C1,rC1,C,1,<0.25,uncrushed_raw_fraction_carbonated,Cr,ppb,160.76,63.69,160.76,63.69,,-0.9258850051977259,-60.38193580492659,numeric,numeric,positive_numeric_pair,"EN 12457-2, L/S=10 (as described in article)"
Trifyl_France_single_facility,S6,C1,rC1,C,1,<0.25,uncrushed_raw_fraction_carbonated,Mn,ppb,4.63,7.90,4.63,7.9,,0.5343058913748331,70.62634989200865,numeric,numeric,positive_numeric_pair,"EN 12457-2, L/S=10 (as described in article)"
Trifyl_France_single_facility,S6,C1,rC1,C,1,<0.25,uncrushed_raw_fraction_carbonated,Fe,ppb,337.30,246.75,337.3,246.75,,-0.31259706375401364,-26.845538096649868,numeric,numeric,positive_numeric_pair,"EN 12457-2, L/S=10 (as described in article)"
Trifyl_France_single_facility,S6,C1,rC1,C,1,<0.25,uncrushed_raw_fraction_carbonated,Co,ppb,0.95,0.46,0.95,0.46,,-0.7252354951114457,-51.57894736842105,numeric,numeric,positive_numeric_pair,"EN 12457-2, L/S=10 (as described in article)"
Trifyl_France_single_facility,S6,C1,rC1,C,1,<0.25,uncrushed_raw_fraction_carbonated,Ni,ppb,5.60,4.73,5.6,4.73,,-0.16884139523726183,-15.535714285714274,numeric,numeric,positive_numeric_pair,"EN 12457-2, L/S=10 (as described in article)"
Trifyl_France_single_facility,S6,C1,rC1,C,1,<0.25,uncrushed_raw_fraction_carbonated,Cu,ppb,23.85,12.52,23.85,12.52,,-0.6444568516623979,-47.505241090146754,numeric,numeric,positive_numeric_pair,"EN 12457-2, L/S=10 (as described in article)"
Trifyl_France_single_facility,S6,C1,rC1,C,1,<0.25,uncrushed_raw_fraction_carbonated,Zn,ppb,400.53,32.58,400.53,32.58,,-2.5090900668962144,-91.86577784435623,numeric,numeric,positive_numeric_pair,"EN 12457-2, L/S=10 (as described in article)"
Trifyl_France_single_facility,S6,C1,rC1,C,1,<0.25,uncrushed_raw_fraction_carbonated,As,ppb,16.51,9.54,16.51,9.54,,-0.5484727724718417,-42.21683827983041,numeric,numeric,positive_numeric_pair,"EN 12457-2, L/S=10 (as described in article)"
Trifyl_France_single_facility,S6,C1,rC1,C,1,<0.25,uncrushed_raw_fraction_carbonated,Cd,ppb,0.38,0.16,0.38,0.16,,-0.8649974374866046,-57.89473684210527,numeric,numeric,positive_numeric_pair,"EN 12457-2, L/S=10 (as described in article)"
Trifyl_France_single_facility,S6,C1,rC1,C,1,<0.25,uncrushed_raw_fraction_carbonated,Sb,ppb,93.39,109.76,93.39,109.76,,0.16151189085594858,17.528643323696325,numeric,numeric,positive_numeric_pair,"EN 12457-2, L/S=10 (as described in article)"
Trifyl_France_single_facility,S6,C1,rC1,C,1,<0.25,uncrushed_raw_fraction_carbonated,Pb,ppb,3.921,4.654,3.921,4.654,,0.17138034156990536,18.694210660545775,numeric,numeric,positive_numeric_pair,"EN 12457-2, L/S=10 (as described in article)"
Trifyl_France_single_facility,S6,C1,rC1,C,1,<0.25,uncrushed_raw_fraction_carbonated,Li,ppb,20.86,37.29,20.86,37.29,,0.580891744618103,78.76318312559923,numeric,numeric,positive_numeric_pair,"EN 12457-2, L/S=10 (as described in article)"
Trifyl_France_single_facility,S6,C1,rC1,C,1,<0.25,uncrushed_raw_fraction_carbonated,Ti,ppb,44.25,22.62,44.25,22.62,,-0.671020900765964,-48.881355932203384,numeric,numeric,positive_numeric_pair,"EN 12457-2, L/S=10 (as described in article)"
Trifyl_France_single_facility,S6,C1,rC1,C,1,<0.25,uncrushed_raw_fraction_carbonated,V,ppb,10.20,33.44,10.2,33.44,,1.1873650679262755,227.84313725490196,numeric,numeric,positive_numeric_pair,"EN 12457-2, L/S=10 (as described in article)"
Trifyl_France_single_facility,S6,C2,rC2,C,2,0.25-0.5,uncrushed_raw_fraction_carbonated,EC,μS/cm,3040,886,3040.0,886.0,,-1.2328958437951865,-70.85526315789474,numeric,numeric,positive_numeric_pair,"EN 12457-2, L/S=10 (as described in article)"
Trifyl_France_single_facility,S6,C2,rC2,C,2,0.25-0.5,uncrushed_raw_fraction_carbonated,pH,-,11.18,10.2,11.18,10.2,-0.9800000000000004,,,numeric,numeric,numeric_pair_absolute_difference_pH,"EN 12457-2, L/S=10 (as described in article)"
Trifyl_France_single_facility,S6,C2,rC2,C,2,0.25-0.5,uncrushed_raw_fraction_carbonated,Cr,ppb,76.75,24.81,76.75,24.81,,-1.129306588763597,-67.67426710097719,numeric,numeric,positive_numeric_pair,"EN 12457-2, L/S=10 (as described in article)"
Trifyl_France_single_facility,S6,C2,rC2,C,2,0.25-0.5,uncrushed_raw_fraction_carbonated,Mn,ppb,52.71,1.65,52.71,1.65,,-3.464029902954626,-96.86966420034149,numeric,numeric,positive_numeric_pair,"EN 12457-2, L/S=10 (as described in article)"
Trifyl_France_single_facility,S6,C2,rC2,C,2,0.25-0.5,uncrushed_raw_fraction_carbonated,Fe,ppb,1828.55,277.08,1828.55,277.08,,-1.886972308879326,-84.84700992589758,numeric,numeric,positive_numeric_pair,"EN 12457-2, L/S=10 (as described in article)"
Trifyl_France_single_facility,S6,C2,rC2,C,2,0.25-0.5,uncrushed_raw_fraction_carbonated,Co,ppb,2.27,0.22,2.27,0.22,,-2.333907564123087,-90.30837004405286,numeric,numeric,positive_numeric_pair,"EN 12457-2, L/S=10 (as described in article)"
Trifyl_France_single_facility,S6,C2,rC2,C,2,0.25-0.5,uncrushed_raw_fraction_carbonated,Ni,ppb,13.90,0.92,13.9,0.92,,-2.715270449075697,-93.38129496402878,numeric,numeric,positive_numeric_pair,"EN 12457-2, L/S=10 (as described in article)"
Trifyl_France_single_facility,S6,C2,rC2,C,2,0.25-0.5,uncrushed_raw_fraction_carbonated,Cu,ppb,40.14,3.82,40.14,3.82,,-2.3521229207497085,-90.48330842052815,numeric,numeric,positive_numeric_pair,"EN 12457-2, L/S=10 (as described in article)"
Trifyl_France_single_facility,S6,C2,rC2,C,2,0.25-0.5,uncrushed_raw_fraction_carbonated,Zn,ppb,702.10,97.04,702.1,97.04,,-1.9789525793874083,-86.17860703603475,numeric,numeric,positive_numeric_pair,"EN 12457-2, L/S=10 (as described in article)"
Trifyl_France_single_facility,S6,C2,rC2,C,2,0.25-0.5,uncrushed_raw_fraction_carbonated,As,ppb,27.55,4.17,27.55,4.17,,-1.8880864997882134,-84.8638838475499,numeric,numeric,positive_numeric_pair,"EN 12457-2, L/S=10 (as described in article)"
Trifyl_France_single_facility,S6,C2,rC2,C,2,0.25-0.5,uncrushed_raw_fraction_carbonated,Cd,ppb,0.60,0.09,0.6,0.09,,-1.8971199848858813,-85.0,numeric,numeric,positive_numeric_pair,"EN 12457-2, L/S=10 (as described in article)"
Trifyl_France_single_facility,S6,C2,rC2,C,2,0.25-0.5,uncrushed_raw_fraction_carbonated,Sb,ppb,67.53,64.18,67.53,64.18,,-0.05088030790503963,-4.96075818154893,numeric,numeric,positive_numeric_pair,"EN 12457-2, L/S=10 (as described in article)"
Trifyl_France_single_facility,S6,C2,rC2,C,2,0.25-0.5,uncrushed_raw_fraction_carbonated,Pb,ppb,20.447,0.671,20.447,0.671,,-3.4168223144713723,-96.718344989485,numeric,numeric,positive_numeric_pair,"EN 12457-2, L/S=10 (as described in article)"
Trifyl_France_single_facility,S6,C2,rC2,C,2,0.25-0.5,uncrushed_raw_fraction_carbonated,Li,ppb,33.58,9.95,33.58,9.95,,-1.2163581004788935,-70.36926742108398,numeric,numeric,positive_numeric_pair,"EN 12457-2, L/S=10 (as described in article)"
Trifyl_France_single_facility,S6,C2,rC2,C,2,0.25-0.5,uncrushed_raw_fraction_carbonated,Ti,ppb,117.85,44.05,117.85,44.05,,-0.9840872769999516,-62.62197708952058,numeric,numeric,positive_numeric_pair,"EN 12457-2, L/S=10 (as described in article)"
Trifyl_France_single_facility,S6,C2,rC2,C,2,0.25-0.5,uncrushed_raw_fraction_carbonated,V,ppb,13.54,9.56,13.54,9.56,,-0.3480605404208189,-29.394387001477096,numeric,numeric,positive_numeric_pair,"EN 12457-2, L/S=10 (as described in article)"
Trifyl_France_single_facility,S6,C3,rC3,C,3,0.5-1,uncrushed_raw_fraction_carbonated,EC,μS/cm,2820,1176,2820.0,1176.0,,-0.8746180354735871,-58.29787234042554,numeric,numeric,positive_numeric_pair,"EN 12457-2, L/S=10 (as described in article)"
Trifyl_France_single_facility,S6,C3,rC3,C,3,0.5-1,uncrushed_raw_fraction_carbonated,pH,-,11.21,10.24,11.21,10.24,-0.9700000000000006,,,numeric,numeric,numeric_pair_absolute_difference_pH,"EN 12457-2, L/S=10 (as described in article)"
Trifyl_France_single_facility,S6,C3,rC3,C,3,0.5-1,uncrushed_raw_fraction_carbonated,Cr,ppb,43.37,27.63,43.37,27.63,,-0.4508658189119497,-36.292367996310816,numeric,numeric,positive_numeric_pair,"EN 12457-2, L/S=10 (as described in article)"
Trifyl_France_single_facility,S6,C3,rC3,C,3,0.5-1,uncrushed_raw_fraction_carbonated,Mn,ppb,5.65,41.01,5.65,41.01,,1.9821603942456183,625.8407079646017,numeric,numeric,positive_numeric_pair,"EN 12457-2, L/S=10 (as described in article)"
Trifyl_France_single_facility,S6,C3,rC3,C,3,0.5-1,uncrushed_raw_fraction_carbonated,Fe,ppb,283.61,1322.43,283.61,1322.43,,1.5396261773076898,366.2846867176757,numeric,numeric,positive_numeric_pair,"EN 12457-2, L/S=10 (as described in article)"
Trifyl_France_single_facility,S6,C3,rC3,C,3,0.5-1,uncrushed_raw_fraction_carbonated,Co,ppb,0.50,1.11,0.5,1.11,,0.7975071958841882,122.00000000000001,numeric,numeric,positive_numeric_pair,"EN 12457-2, L/S=10 (as described in article)"
Trifyl_France_single_facility,S6,C3,rC3,C,3,0.5-1,uncrushed_raw_fraction_carbonated,Ni,ppb,1.91,7.16,1.91,7.16,,1.3214067389140158,274.869109947644,numeric,numeric,positive_numeric_pair,"EN 12457-2, L/S=10 (as described in article)"
Trifyl_France_single_facility,S6,C3,rC3,C,3,0.5-1,uncrushed_raw_fraction_carbonated,Cu,ppb,10.52,16.62,10.52,16.62,,0.4573285821177384,57.98479087452473,numeric,numeric,positive_numeric_pair,"EN 12457-2, L/S=10 (as described in article)"
Trifyl_France_single_facility,S6,C3,rC3,C,3,0.5-1,uncrushed_raw_fraction_carbonated,Zn,ppb,274.76,295.00,274.76,295.0,,0.071077366994139,7.366428883389142,numeric,numeric,positive_numeric_pair,"EN 12457-2, L/S=10 (as described in article)"
Trifyl_France_single_facility,S6,C3,rC3,C,3,0.5-1,uncrushed_raw_fraction_carbonated,As,ppb,10.24,9.63,10.24,9.63,,-0.06141839380132742,-5.957031249999989,numeric,numeric,positive_numeric_pair,"EN 12457-2, L/S=10 (as described in article)"
Trifyl_France_single_facility,S6,C3,rC3,C,3,0.5-1,uncrushed_raw_fraction_carbonated,Cd,ppb,0.17,0.17,0.17,0.17,,0.0,0.0,numeric,numeric,positive_numeric_pair,"EN 12457-2, L/S=10 (as described in article)"
Trifyl_France_single_facility,S6,C3,rC3,C,3,0.5-1,uncrushed_raw_fraction_carbonated,Sb,ppb,59.17,48.47,59.17,48.47,,-0.19946960683131812,-18.083488254182868,numeric,numeric,positive_numeric_pair,"EN 12457-2, L/S=10 (as described in article)"
Trifyl_France_single_facility,S6,C3,rC3,C,3,0.5-1,uncrushed_raw_fraction_carbonated,Pb,ppb,4.581,7.276,4.581,7.276,,0.4626639457512707,58.82994979262168,numeric,numeric,positive_numeric_pair,"EN 12457-2, L/S=10 (as described in article)"
Trifyl_France_single_facility,S6,C3,rC3,C,3,0.5-1,uncrushed_raw_fraction_carbonated,Li,ppb,32.36,17.22,32.36,17.22,,-0.6308515931907062,-46.78615574783683,numeric,numeric,positive_numeric_pair,"EN 12457-2, L/S=10 (as described in article)"
Trifyl_France_single_facility,S6,C3,rC3,C,3,0.5-1,uncrushed_raw_fraction_carbonated,Ti,ppb,43.00,100.31,43.0,100.31,,0.8470652752018315,133.27906976744188,numeric,numeric,positive_numeric_pair,"EN 12457-2, L/S=10 (as described in article)"
Trifyl_France_single_facility,S6,C3,rC3,C,3,0.5-1,uncrushed_raw_fraction_carbonated,V,ppb,6.38,8.06,6.38,8.06,,0.23374545916183845,26.332288401253923,numeric,numeric,positive_numeric_pair,"EN 12457-2, L/S=10 (as described in article)"
Trifyl_France_single_facility,S6,C4,rC4,C,4,1-2,uncrushed_raw_fraction_carbonated,EC,μS/cm,2340,1036,2340.0,1036.0,,-0.8147837855323188,-55.72649572649573,numeric,numeric,positive_numeric_pair,"EN 12457-2, L/S=10 (as described in article)"
Trifyl_France_single_facility,S6,C4,rC4,C,4,1-2,uncrushed_raw_fraction_carbonated,pH,-,11.17,10.62,11.17,10.62,-0.5500000000000007,,,numeric,numeric,numeric_pair_absolute_difference_pH,"EN 12457-2, L/S=10 (as described in article)"
Trifyl_France_single_facility,S6,C4,rC4,C,4,1-2,uncrushed_raw_fraction_carbonated,Cr,ppb,51.94,21.50,51.94,21.5,,-0.8820362711009853,-58.606083943011164,numeric,numeric,positive_numeric_pair,"EN 12457-2, L/S=10 (as described in article)"
Trifyl_France_single_facility,S6,C4,rC4,C,4,1-2,uncrushed_raw_fraction_carbonated,Mn,ppb,4.27,4.87,4.27,4.87,,0.13148010985396538,14.051522248243575,numeric,numeric,positive_numeric_pair,"EN 12457-2, L/S=10 (as described in article)"
Trifyl_France_single_facility,S6,C4,rC4,C,4,1-2,uncrushed_raw_fraction_carbonated,Fe,ppb,282.78,466.43,282.78,466.43,,0.5004387452739697,64.94447980762432,numeric,numeric,positive_numeric_pair,"EN 12457-2, L/S=10 (as described in article)"
Trifyl_France_single_facility,S6,C4,rC4,C,4,1-2,uncrushed_raw_fraction_carbonated,Co,ppb,0.52,0.37,0.52,0.37,,-0.340325805937203,-28.846153846153854,numeric,numeric,positive_numeric_pair,"EN 12457-2, L/S=10 (as described in article)"
Trifyl_France_single_facility,S6,C4,rC4,C,4,1-2,uncrushed_raw_fraction_carbonated,Ni,ppb,2.22,1.49,2.22,1.49,,-0.39873107592682044,-32.88288288288289,numeric,numeric,positive_numeric_pair,"EN 12457-2, L/S=10 (as described in article)"
Trifyl_France_single_facility,S6,C4,rC4,C,4,1-2,uncrushed_raw_fraction_carbonated,Cu,ppb,12.94,11.63,12.94,11.63,,-0.10673532254218135,-10.123647604327656,numeric,numeric,positive_numeric_pair,"EN 12457-2, L/S=10 (as described in article)"
Trifyl_France_single_facility,S6,C4,rC4,C,4,1-2,uncrushed_raw_fraction_carbonated,Zn,ppb,253.03,114.86,253.03,114.86,,-0.7897940633367629,-54.606173181045726,numeric,numeric,positive_numeric_pair,"EN 12457-2, L/S=10 (as described in article)"
Trifyl_France_single_facility,S6,C4,rC4,C,4,1-2,uncrushed_raw_fraction_carbonated,As,ppb,17.24,9.89,17.24,9.89,,-0.5557081196009261,-42.63341067285382,numeric,numeric,positive_numeric_pair,"EN 12457-2, L/S=10 (as described in article)"
Trifyl_France_single_facility,S6,C4,rC4,C,4,1-2,uncrushed_raw_fraction_carbonated,Cd,ppb,0.24,0.13,0.24,0.13,,-0.6131044728864088,-45.83333333333333,numeric,numeric,positive_numeric_pair,"EN 12457-2, L/S=10 (as described in article)"
Trifyl_France_single_facility,S6,C4,rC4,C,4,1-2,uncrushed_raw_fraction_carbonated,Sb,ppb,58.03,48.40,58.03,48.4,,-0.18146030447993086,-16.594864725142166,numeric,numeric,positive_numeric_pair,"EN 12457-2, L/S=10 (as described in article)"
Trifyl_France_single_facility,S6,C4,rC4,C,4,1-2,uncrushed_raw_fraction_carbonated,Pb,ppb,2.487,2.482,2.487,2.482,,-0.0020124780388520564,-0.20104543626858762,numeric,numeric,positive_numeric_pair,"EN 12457-2, L/S=10 (as described in article)"
Trifyl_France_single_facility,S6,C4,rC4,C,4,1-2,uncrushed_raw_fraction_carbonated,Li,ppb,27.16,21.22,27.16,21.22,,-0.2468011695046583,-21.87039764359352,numeric,numeric,positive_numeric_pair,"EN 12457-2, L/S=10 (as described in article)"
Trifyl_France_single_facility,S6,C4,rC4,C,4,1-2,uncrushed_raw_fraction_carbonated,Ti,ppb,34.23,76.50,34.23,76.5,,0.8041882882903963,123.48816827344437,numeric,numeric,positive_numeric_pair,"EN 12457-2, L/S=10 (as described in article)"
Trifyl_France_single_facility,S6,C4,rC4,C,4,1-2,uncrushed_raw_fraction_carbonated,V,ppb,8.11,5.69,8.11,5.69,,-0.35438761998908186,-29.839704069050544,numeric,numeric,positive_numeric_pair,"EN 12457-2, L/S=10 (as described in article)"
Trifyl_France_single_facility,S6,D1,rD1,D,1,<0.25,uncrushed_raw_fraction_carbonated,EC,μS/cm,3050,414,3050.0,414.0,,-1.997030895776143,-86.42622950819671,numeric,numeric,positive_numeric_pair,"EN 12457-2, L/S=10 (as described in article)"
Trifyl_France_single_facility,S6,D1,rD1,D,1,<0.25,uncrushed_raw_fraction_carbonated,pH,-,11.5,9.52,11.5,9.52,-1.9800000000000004,,,numeric,numeric,numeric_pair_absolute_difference_pH,"EN 12457-2, L/S=10 (as described in article)"
Trifyl_France_single_facility,S6,D1,rD1,D,1,<0.25,uncrushed_raw_fraction_carbonated,Cr,ppb,192.96,71.90,192.96,71.9,,-0.9872066488118195,-62.73839137645108,numeric,numeric,positive_numeric_pair,"EN 12457-2, L/S=10 (as described in article)"
Trifyl_France_single_facility,S6,D1,rD1,D,1,<0.25,uncrushed_raw_fraction_carbonated,Mn,ppb,2.53,19.77,2.53,19.77,,2.055946334443097,681.4229249011859,numeric,numeric,positive_numeric_pair,"EN 12457-2, L/S=10 (as described in article)"
Trifyl_France_single_facility,S6,D1,rD1,D,1,<0.25,uncrushed_raw_fraction_carbonated,Fe,ppb,107.92,654.92,107.92,654.92,,1.803122878871791,506.8569310600444,numeric,numeric,positive_numeric_pair,"EN 12457-2, L/S=10 (as described in article)"
Trifyl_France_single_facility,S6,D1,rD1,D,1,<0.25,uncrushed_raw_fraction_carbonated,Co,ppb,0.47,0.57,0.47,0.57,,0.19290366612449145,21.276595744680836,numeric,numeric,positive_numeric_pair,"EN 12457-2, L/S=10 (as described in article)"
Trifyl_France_single_facility,S6,D1,rD1,D,1,<0.25,uncrushed_raw_fraction_carbonated,Ni,ppb,1.76,6.19,1.76,6.19,,1.2576212776464444,251.70454545454547,numeric,numeric,positive_numeric_pair,"EN 12457-2, L/S=10 (as described in article)"
Trifyl_France_single_facility,S6,D1,rD1,D,1,<0.25,uncrushed_raw_fraction_carbonated,Cu,ppb,9.62,13.91,9.62,13.91,,0.3687637412577365,44.594594594594604,numeric,numeric,positive_numeric_pair,"EN 12457-2, L/S=10 (as described in article)"
Trifyl_France_single_facility,S6,D1,rD1,D,1,<0.25,uncrushed_raw_fraction_carbonated,Zn,ppb,243.89,104.46,243.89,104.46,,-0.847913080963178,-57.169215629997126,numeric,numeric,positive_numeric_pair,"EN 12457-2, L/S=10 (as described in article)"
Trifyl_France_single_facility,S6,D1,rD1,D,1,<0.25,uncrushed_raw_fraction_carbonated,As,ppb,12.36,13.27,12.36,13.27,,0.07104039631457136,7.362459546925559,numeric,numeric,positive_numeric_pair,"EN 12457-2, L/S=10 (as described in article)"
Trifyl_France_single_facility,S6,D1,rD1,D,1,<0.25,uncrushed_raw_fraction_carbonated,Cd,ppb,0.28,0.10,0.28,0.1,,-1.0296194171811581,-64.28571428571428,numeric,numeric,positive_numeric_pair,"EN 12457-2, L/S=10 (as described in article)"
Trifyl_France_single_facility,S6,D1,rD1,D,1,<0.25,uncrushed_raw_fraction_carbonated,Sb,ppb,62.81,79.96,62.81,79.96,,0.24141221316590972,27.304569336092953,numeric,numeric,positive_numeric_pair,"EN 12457-2, L/S=10 (as described in article)"
Trifyl_France_single_facility,S6,D1,rD1,D,1,<0.25,uncrushed_raw_fraction_carbonated,Pb,ppb,1.517,7.710,1.517,7.71,,1.625783487208843,408.23994726433756,numeric,numeric,positive_numeric_pair,"EN 12457-2, L/S=10 (as described in article)"
Trifyl_France_single_facility,S6,D1,rD1,D,1,<0.25,uncrushed_raw_fraction_carbonated,Li,ppb,64.67,28.03,64.67,28.03,,-0.8360220502818045,-56.65687335704346,numeric,numeric,positive_numeric_pair,"EN 12457-2, L/S=10 (as described in article)"
Trifyl_France_single_facility,S6,D1,rD1,D,1,<0.25,uncrushed_raw_fraction_carbonated,Ti,ppb,18.82,38.07,18.82,38.07,,0.7045064362371724,102.28480340063761,numeric,numeric,positive_numeric_pair,"EN 12457-2, L/S=10 (as described in article)"
Trifyl_France_single_facility,S6,D1,rD1,D,1,<0.25,uncrushed_raw_fraction_carbonated,V,ppb,15.52,30.53,15.52,30.53,,0.6765802919917139,96.71391752577321,numeric,numeric,positive_numeric_pair,"EN 12457-2, L/S=10 (as described in article)"
Trifyl_France_single_facility,S6,D2,rD2,D,2,0.25-0.5,uncrushed_raw_fraction_carbonated,EC,μS/cm,1724,704,1724.0,704.0,,-0.895624095065596,-59.164733178654295,numeric,numeric,positive_numeric_pair,"EN 12457-2, L/S=10 (as described in article)"
Trifyl_France_single_facility,S6,D2,rD2,D,2,0.25-0.5,uncrushed_raw_fraction_carbonated,pH,-,11.19,10.35,11.19,10.35,-0.8399999999999999,,,numeric,numeric,numeric_pair_absolute_difference_pH,"EN 12457-2, L/S=10 (as described in article)"
Trifyl_France_single_facility,S6,D2,rD2,D,2,0.25-0.5,uncrushed_raw_fraction_carbonated,Cr,ppb,108.35,68.21,108.35,68.21,,-0.46277554631574,-37.0466082141209,numeric,numeric,positive_numeric_pair,"EN 12457-2, L/S=10 (as described in article)"
Trifyl_France_single_facility,S6,D2,rD2,D,2,0.25-0.5,uncrushed_raw_fraction_carbonated,Mn,ppb,62.56,5.70,62.56,5.7,,-2.3956599213965513,-90.88874680306905,numeric,numeric,positive_numeric_pair,"EN 12457-2, L/S=10 (as described in article)"
Trifyl_France_single_facility,S6,D2,rD2,D,2,0.25-0.5,uncrushed_raw_fraction_carbonated,Fe,ppb,1495.38,431.11,1495.38,431.11,,-1.2437723561701866,-71.1705385921973,numeric,numeric,positive_numeric_pair,"EN 12457-2, L/S=10 (as described in article)"
Trifyl_France_single_facility,S6,D2,rD2,D,2,0.25-0.5,uncrushed_raw_fraction_carbonated,Co,ppb,1.56,0.41,1.56,0.41,,-1.3362839405452294,-73.71794871794873,numeric,numeric,positive_numeric_pair,"EN 12457-2, L/S=10 (as described in article)"
Trifyl_France_single_facility,S6,D2,rD2,D,2,0.25-0.5,uncrushed_raw_fraction_carbonated,Ni,ppb,10.96,1.92,10.96,1.92,,-1.7419270954801793,-82.48175182481752,numeric,numeric,positive_numeric_pair,"EN 12457-2, L/S=10 (as described in article)"
Trifyl_France_single_facility,S6,D2,rD2,D,2,0.25-0.5,uncrushed_raw_fraction_carbonated,Cu,ppb,63.57,11.16,63.57,11.16,,-1.7398057039951524,-82.44454931571497,numeric,numeric,positive_numeric_pair,"EN 12457-2, L/S=10 (as described in article)"
Trifyl_France_single_facility,S6,D2,rD2,D,2,0.25-0.5,uncrushed_raw_fraction_carbonated,Zn,ppb,396.86,108.68,396.86,108.68,,-1.295175789098959,-72.61502796956105,numeric,numeric,positive_numeric_pair,"EN 12457-2, L/S=10 (as described in article)"
Trifyl_France_single_facility,S6,D2,rD2,D,2,0.25-0.5,uncrushed_raw_fraction_carbonated,As,ppb,22.28,11.37,22.28,11.37,,-0.6727111072966386,-48.96768402154399,numeric,numeric,positive_numeric_pair,"EN 12457-2, L/S=10 (as described in article)"
Trifyl_France_single_facility,S6,D2,rD2,D,2,0.25-0.5,uncrushed_raw_fraction_carbonated,Cd,ppb,0.28,0.09,0.28,0.09,,-1.1349799328389847,-67.85714285714286,numeric,numeric,positive_numeric_pair,"EN 12457-2, L/S=10 (as described in article)"
Trifyl_France_single_facility,S6,D2,rD2,D,2,0.25-0.5,uncrushed_raw_fraction_carbonated,Sb,ppb,61.98,62.57,61.98,62.57,,0.009474177650669954,0.9519199741852225,numeric,numeric,positive_numeric_pair,"EN 12457-2, L/S=10 (as described in article)"
Trifyl_France_single_facility,S6,D2,rD2,D,2,0.25-0.5,uncrushed_raw_fraction_carbonated,Pb,ppb,18.612,1.406,18.612,1.406,,-2.583057740593929,-92.44573393509563,numeric,numeric,positive_numeric_pair,"EN 12457-2, L/S=10 (as described in article)"
Trifyl_France_single_facility,S6,D2,rD2,D,2,0.25-0.5,uncrushed_raw_fraction_carbonated,Li,ppb,45.03,13.60,45.03,13.6,,-1.197259141571474,-69.79791250277593,numeric,numeric,positive_numeric_pair,"EN 12457-2, L/S=10 (as described in article)"
Trifyl_France_single_facility,S6,D2,rD2,D,2,0.25-0.5,uncrushed_raw_fraction_carbonated,Ti,ppb,113.48,43.64,113.48,43.64,,-0.9556524489757806,-61.54388438491365,numeric,numeric,positive_numeric_pair,"EN 12457-2, L/S=10 (as described in article)"
Trifyl_France_single_facility,S6,D2,rD2,D,2,0.25-0.5,uncrushed_raw_fraction_carbonated,V,ppb,20.01,15.28,20.01,15.28,,-0.26968736485726774,-23.638180909545238,numeric,numeric,positive_numeric_pair,"EN 12457-2, L/S=10 (as described in article)"
Trifyl_France_single_facility,S6,D3,rD3,D,3,0.5-1,uncrushed_raw_fraction_carbonated,EC,μS/cm,4400,873,4400.0,873.0,,-1.6174242640667504,-80.1590909090909,numeric,numeric,positive_numeric_pair,"EN 12457-2, L/S=10 (as described in article)"
Trifyl_France_single_facility,S6,D3,rD3,D,3,0.5-1,uncrushed_raw_fraction_carbonated,pH,-,11.68,10.65,11.68,10.65,-1.0299999999999994,,,numeric,numeric,numeric_pair_absolute_difference_pH,"EN 12457-2, L/S=10 (as described in article)"
Trifyl_France_single_facility,S6,D3,rD3,D,3,0.5-1,uncrushed_raw_fraction_carbonated,Cr,ppb,76.05,59.64,76.05,59.64,,-0.24306452880876409,-21.577909270216956,numeric,numeric,positive_numeric_pair,"EN 12457-2, L/S=10 (as described in article)"
Trifyl_France_single_facility,S6,D3,rD3,D,3,0.5-1,uncrushed_raw_fraction_carbonated,Mn,ppb,4.82,6.74,4.82,6.74,,0.3352859968617067,39.834024896265554,numeric,numeric,positive_numeric_pair,"EN 12457-2, L/S=10 (as described in article)"
Trifyl_France_single_facility,S6,D3,rD3,D,3,0.5-1,uncrushed_raw_fraction_carbonated,Fe,ppb,292.60,342.04,292.6,342.04,,0.15612120070173058,16.89678742310321,numeric,numeric,positive_numeric_pair,"EN 12457-2, L/S=10 (as described in article)"
Trifyl_France_single_facility,S6,D3,rD3,D,3,0.5-1,uncrushed_raw_fraction_carbonated,Co,ppb,0.69,0.32,0.69,0.32,,-0.7683706017975327,-53.623188405797094,numeric,numeric,positive_numeric_pair,"EN 12457-2, L/S=10 (as described in article)"
Trifyl_France_single_facility,S6,D3,rD3,D,3,0.5-1,uncrushed_raw_fraction_carbonated,Ni,ppb,2.99,2.24,2.99,2.24,,-0.2887975215356465,-25.083612040133772,numeric,numeric,positive_numeric_pair,"EN 12457-2, L/S=10 (as described in article)"
Trifyl_France_single_facility,S6,D3,rD3,D,3,0.5-1,uncrushed_raw_fraction_carbonated,Cu,ppb,16.57,5.60,16.57,5.6,,-1.084827233697368,-66.20398310199155,numeric,numeric,positive_numeric_pair,"EN 12457-2, L/S=10 (as described in article)"
Trifyl_France_single_facility,S6,D3,rD3,D,3,0.5-1,uncrushed_raw_fraction_carbonated,Zn,ppb,403.41,58.45,403.41,58.45,,-1.9317817265858108,-85.51101856671872,numeric,numeric,positive_numeric_pair,"EN 12457-2, L/S=10 (as described in article)"
Trifyl_France_single_facility,S6,D3,rD3,D,3,0.5-1,uncrushed_raw_fraction_carbonated,As,ppb,9.41,5.29,9.41,5.29,,-0.5759547077270801,-43.78320935175345,numeric,numeric,positive_numeric_pair,"EN 12457-2, L/S=10 (as described in article)"
Trifyl_France_single_facility,S6,D3,rD3,D,3,0.5-1,uncrushed_raw_fraction_carbonated,Cd,ppb,0.34,0.44,0.34,0.44,,0.2578291093020997,29.411764705882337,numeric,numeric,positive_numeric_pair,"EN 12457-2, L/S=10 (as described in article)"
Trifyl_France_single_facility,S6,D3,rD3,D,3,0.5-1,uncrushed_raw_fraction_carbonated,Sb,ppb,25.88,47.41,25.88,47.41,,0.6053627072813271,83.19165378670787,numeric,numeric,positive_numeric_pair,"EN 12457-2, L/S=10 (as described in article)"
Trifyl_France_single_facility,S6,D3,rD3,D,3,0.5-1,uncrushed_raw_fraction_carbonated,Pb,ppb,6.587,0.434,6.587,0.434,,-2.719808754540288,-93.41126461211478,numeric,numeric,positive_numeric_pair,"EN 12457-2, L/S=10 (as described in article)"
Trifyl_France_single_facility,S6,D3,rD3,D,3,0.5-1,uncrushed_raw_fraction_carbonated,Li,ppb,81.74,10.78,81.74,10.78,,-2.0258509126552804,-86.81184242720822,numeric,numeric,positive_numeric_pair,"EN 12457-2, L/S=10 (as described in article)"
Trifyl_France_single_facility,S6,D3,rD3,D,3,0.5-1,uncrushed_raw_fraction_carbonated,Ti,ppb,46.06,48.61,46.06,48.61,,0.053884376664824866,5.536257056013882,numeric,numeric,positive_numeric_pair,"EN 12457-2, L/S=10 (as described in article)"
Trifyl_France_single_facility,S6,D3,rD3,D,3,0.5-1,uncrushed_raw_fraction_carbonated,V,ppb,1.67,12.87,1.67,12.87,,2.0420753951793715,670.6586826347304,numeric,numeric,positive_numeric_pair,"EN 12457-2, L/S=10 (as described in article)"
Trifyl_France_single_facility,S6,D4,rD4,D,4,1-2,uncrushed_raw_fraction_carbonated,EC,μS/cm,4070,1182,4070.0,1182.0,,-1.236435080470597,-70.95823095823096,numeric,numeric,positive_numeric_pair,"EN 12457-2, L/S=10 (as described in article)"
Trifyl_France_single_facility,S6,D4,rD4,D,4,1-2,uncrushed_raw_fraction_carbonated,pH,-,11.61,11.08,11.61,11.08,-0.5299999999999994,,,numeric,numeric,numeric_pair_absolute_difference_pH,"EN 12457-2, L/S=10 (as described in article)"
Trifyl_France_single_facility,S6,D4,rD4,D,4,1-2,uncrushed_raw_fraction_carbonated,Cr,ppb,88.17,50.97,88.17,50.97,,-0.5480295447469854,-42.1912215039129,numeric,numeric,positive_numeric_pair,"EN 12457-2, L/S=10 (as described in article)"
Trifyl_France_single_facility,S6,D4,rD4,D,4,1-2,uncrushed_raw_fraction_carbonated,Mn,ppb,144.88,5.06,144.88,5.06,,-3.354539330275784,-96.50745444505799,numeric,numeric,positive_numeric_pair,"EN 12457-2, L/S=10 (as described in article)"
Trifyl_France_single_facility,S6,D4,rD4,D,4,1-2,uncrushed_raw_fraction_carbonated,Fe,ppb,8115.97,564.97,8115.97,564.97,,-2.664816372145111,-93.03878649132513,numeric,numeric,positive_numeric_pair,"EN 12457-2, L/S=10 (as described in article)"
Trifyl_France_single_facility,S6,D4,rD4,D,4,1-2,uncrushed_raw_fraction_carbonated,Co,ppb,4.23,0.43,4.23,0.43,,-2.2861720633527156,-89.83451536643025,numeric,numeric,positive_numeric_pair,"EN 12457-2, L/S=10 (as described in article)"
Trifyl_France_single_facility,S6,D4,rD4,D,4,1-2,uncrushed_raw_fraction_carbonated,Ni,ppb,47.97,1.94,47.97,1.94,,-3.2078878424387356,-95.95580571190328,numeric,numeric,positive_numeric_pair,"EN 12457-2, L/S=10 (as described in article)"
Trifyl_France_single_facility,S6,D4,rD4,D,4,1-2,uncrushed_raw_fraction_carbonated,Cu,ppb,141.77,9.63,141.77,9.63,,-2.689322800319506,-93.2073076109191,numeric,numeric,positive_numeric_pair,"EN 12457-2, L/S=10 (as described in article)"
Trifyl_France_single_facility,S6,D4,rD4,D,4,1-2,uncrushed_raw_fraction_carbonated,Zn,ppb,1523.41,112.25,1523.41,112.25,,-2.6079779955589255,-92.63166186384493,numeric,numeric,positive_numeric_pair,"EN 12457-2, L/S=10 (as described in article)"
Trifyl_France_single_facility,S6,D4,rD4,D,4,1-2,uncrushed_raw_fraction_carbonated,As,ppb,75.38,3.65,75.38,3.65,,-3.0278148202445894,-95.15786680817193,numeric,numeric,positive_numeric_pair,"EN 12457-2, L/S=10 (as described in article)"
Trifyl_France_single_facility,S6,D4,rD4,D,4,1-2,uncrushed_raw_fraction_carbonated,Cd,ppb,0.50,0.10,0.5,0.1,,-1.6094379124341003,-80.0,numeric,numeric,positive_numeric_pair,"EN 12457-2, L/S=10 (as described in article)"
Trifyl_France_single_facility,S6,D4,rD4,D,4,1-2,uncrushed_raw_fraction_carbonated,Sb,ppb,29.62,39.21,29.62,39.21,,0.2804820074645876,32.3767724510466,numeric,numeric,positive_numeric_pair,"EN 12457-2, L/S=10 (as described in article)"
Trifyl_France_single_facility,S6,D4,rD4,D,4,1-2,uncrushed_raw_fraction_carbonated,Pb,ppb,32.016,1.386,32.016,1.386,,-3.139813877073666,-95.67091454272864,numeric,numeric,positive_numeric_pair,"EN 12457-2, L/S=10 (as described in article)"
Trifyl_France_single_facility,S6,D4,rD4,D,4,1-2,uncrushed_raw_fraction_carbonated,Li,ppb,72.17,21.26,72.17,21.26,,-1.22219707417038,-70.54177636136899,numeric,numeric,positive_numeric_pair,"EN 12457-2, L/S=10 (as described in article)"
Trifyl_France_single_facility,S6,D4,rD4,D,4,1-2,uncrushed_raw_fraction_carbonated,Ti,ppb,171.41,56.18,171.41,56.18,,-1.115497525842868,-67.22478268479085,numeric,numeric,positive_numeric_pair,"EN 12457-2, L/S=10 (as described in article)"
Trifyl_France_single_facility,S6,D4,rD4,D,4,1-2,uncrushed_raw_fraction_carbonated,V,ppb,13.57,9.45,13.57,9.45,,-0.3618467323411265,-30.361090641120125,numeric,numeric,positive_numeric_pair,"EN 12457-2, L/S=10 (as described in article)"
Trifyl_France_single_facility,S6,A1,cA1,A,1,<0.25,crushed_fraction_carbonated,EC,μS/cm,3330,332,3330.0,332.0,,-2.3055926140580008,-90.03003003003003,numeric,numeric,positive_numeric_pair,"EN 12457-2, L/S=10 (as described in article)"
Trifyl_France_single_facility,S6,A1,cA1,A,1,<0.25,crushed_fraction_carbonated,pH,-,11.09,9.05,11.09,9.05,-2.039999999999999,,,numeric,numeric,numeric_pair_absolute_difference_pH,"EN 12457-2, L/S=10 (as described in article)"
Trifyl_France_single_facility,S6,A1,cA1,A,1,<0.25,crushed_fraction_carbonated,Cr,ppb,350.38,65.31,350.38,65.31,,-1.6798731158931102,-81.36023745647583,numeric,numeric,positive_numeric_pair,"EN 12457-2, L/S=10 (as described in article)"
Trifyl_France_single_facility,S6,A1,cA1,A,1,<0.25,crushed_fraction_carbonated,Mn,ppb,3.00,0.65,3.0,0.65,,-1.529395204760564,-78.33333333333333,numeric,numeric,positive_numeric_pair,"EN 12457-2, L/S=10 (as described in article)"
Trifyl_France_single_facility,S6,A1,cA1,A,1,<0.25,crushed_fraction_carbonated,Fe,ppb,322.76,73.42,322.76,73.42,,-1.4807126349116175,-77.25244763911266,numeric,numeric,positive_numeric_pair,"EN 12457-2, L/S=10 (as described in article)"
Trifyl_France_single_facility,S6,A1,cA1,A,1,<0.25,crushed_fraction_carbonated,Co,ppb,0.48,0.13,0.48,0.13,,-1.306251653446354,-72.91666666666666,numeric,numeric,positive_numeric_pair,"EN 12457-2, L/S=10 (as described in article)"
Trifyl_France_single_facility,S6,A1,cA1,A,1,<0.25,crushed_fraction_carbonated,Ni,ppb,2.02,0.68,2.02,0.68,,-1.088759992225098,-66.33663366336633,numeric,numeric,positive_numeric_pair,"EN 12457-2, L/S=10 (as described in article)"
Trifyl_France_single_facility,S6,A1,cA1,A,1,<0.25,crushed_fraction_carbonated,Cu,ppb,8.84,1.95,8.84,1.95,,-1.5114575040738967,-77.94117647058823,numeric,numeric,positive_numeric_pair,"EN 12457-2, L/S=10 (as described in article)"
Trifyl_France_single_facility,S6,A1,cA1,A,1,<0.25,crushed_fraction_carbonated,Zn,ppb,224.39,3.92,224.39,3.92,,-4.04729395557334,-98.25304157939301,numeric,numeric,positive_numeric_pair,"EN 12457-2, L/S=10 (as described in article)"
Trifyl_France_single_facility,S6,A1,cA1,A,1,<0.25,crushed_fraction_carbonated,As,ppb,11.07,11.05,11.07,11.05,,-0.00180831875678366,-0.18066847335139746,numeric,numeric,positive_numeric_pair,"EN 12457-2, L/S=10 (as described in article)"
Trifyl_France_single_facility,S6,A1,cA1,A,1,<0.25,crushed_fraction_carbonated,Cd,ppb,0.34,0.05,0.34,0.05,,-1.916922612182061,-85.29411764705883,numeric,numeric,positive_numeric_pair,"EN 12457-2, L/S=10 (as described in article)"
Trifyl_France_single_facility,S6,A1,cA1,A,1,<0.25,crushed_fraction_carbonated,Sb,ppb,100.52,63.77,100.52,63.77,,-0.45507385234821107,-36.55988857938718,numeric,numeric,positive_numeric_pair,"EN 12457-2, L/S=10 (as described in article)"
Trifyl_France_single_facility,S6,A1,cA1,A,1,<0.25,crushed_fraction_carbonated,Pb,ppb,1.214,0.116,1.214,0.116,,-2.348085780513079,-90.44481054365733,numeric,numeric,positive_numeric_pair,"EN 12457-2, L/S=10 (as described in article)"
Trifyl_France_single_facility,S6,A1,cA1,A,1,<0.25,crushed_fraction_carbonated,Li,ppb,14.51,37.03,14.51,37.03,,0.9368903280294248,155.20330806340453,numeric,numeric,positive_numeric_pair,"EN 12457-2, L/S=10 (as described in article)"
Trifyl_France_single_facility,S6,A1,cA1,A,1,<0.25,crushed_fraction_carbonated,Ti,ppb,60.76,13.14,60.76,13.14,,-1.5312706646711076,-78.37393021724819,numeric,numeric,positive_numeric_pair,"EN 12457-2, L/S=10 (as described in article)"
Trifyl_France_single_facility,S6,A1,cA1,A,1,<0.25,crushed_fraction_carbonated,V,ppb,12.43,36.14,12.43,36.14,,1.0672873796414628,190.74818986323413,numeric,numeric,positive_numeric_pair,"EN 12457-2, L/S=10 (as described in article)"
Trifyl_France_single_facility,S6,A2,cA2,A,2,0.25-0.5,crushed_fraction_carbonated,EC,μS/cm,2340,317,2340.0,317.0,,-1.9990044344744666,-86.45299145299145,numeric,numeric,positive_numeric_pair,"EN 12457-2, L/S=10 (as described in article)"
Trifyl_France_single_facility,S6,A2,cA2,A,2,0.25-0.5,crushed_fraction_carbonated,pH,-,11.06,9.1,11.06,9.1,-1.9600000000000009,,,numeric,numeric,numeric_pair_absolute_difference_pH,"EN 12457-2, L/S=10 (as described in article)"
Trifyl_France_single_facility,S6,A2,cA2,A,2,0.25-0.5,crushed_fraction_carbonated,Cr,ppb,189.94,43.89,189.94,43.89,,-1.4650217291146639,-76.8927029588291,numeric,numeric,positive_numeric_pair,"EN 12457-2, L/S=10 (as described in article)"
Trifyl_France_single_facility,S6,A2,cA2,A,2,0.25-0.5,crushed_fraction_carbonated,Mn,ppb,16.39,0.66,16.39,0.66,,-3.2121868367174042,-95.97315436241611,numeric,numeric,positive_numeric_pair,"EN 12457-2, L/S=10 (as described in article)"
Trifyl_France_single_facility,S6,A2,cA2,A,2,0.25-0.5,crushed_fraction_carbonated,Fe,ppb,728.04,75.14,728.04,75.14,,-2.2710029515963837,-89.67913850887314,numeric,numeric,positive_numeric_pair,"EN 12457-2, L/S=10 (as described in article)"
Trifyl_France_single_facility,S6,A2,cA2,A,2,0.25-0.5,crushed_fraction_carbonated,Co,ppb,0.86,0.09,0.86,0.09,,-2.257122718917288,-89.53488372093024,numeric,numeric,positive_numeric_pair,"EN 12457-2, L/S=10 (as described in article)"
Trifyl_France_single_facility,S6,A2,cA2,A,2,0.25-0.5,crushed_fraction_carbonated,Ni,ppb,5.77,0.34,5.77,0.34,,-2.831481741891938,-94.10745233968804,numeric,numeric,positive_numeric_pair,"EN 12457-2, L/S=10 (as described in article)"
Trifyl_France_single_facility,S6,A2,cA2,A,2,0.25-0.5,crushed_fraction_carbonated,Cu,ppb,24.47,2.24,24.47,2.24,,-2.390972011587632,-90.8459337964855,numeric,numeric,positive_numeric_pair,"EN 12457-2, L/S=10 (as described in article)"
Trifyl_France_single_facility,S6,A2,cA2,A,2,0.25-0.5,crushed_fraction_carbonated,Zn,ppb,242.19,2.23,242.19,2.23,,-4.687720956603006,-99.07923531111938,numeric,numeric,positive_numeric_pair,"EN 12457-2, L/S=10 (as described in article)"
Trifyl_France_single_facility,S6,A2,cA2,A,2,0.25-0.5,crushed_fraction_carbonated,As,ppb,14.68,6.46,14.68,6.46,,-0.8208567053918591,-55.99455040871935,numeric,numeric,positive_numeric_pair,"EN 12457-2, L/S=10 (as described in article)"
Trifyl_France_single_facility,S6,A2,cA2,A,2,0.25-0.5,crushed_fraction_carbonated,Cd,ppb,0.32,0.03,0.32,0.03,,-2.367123614131617,-90.625,numeric,numeric,positive_numeric_pair,"EN 12457-2, L/S=10 (as described in article)"
Trifyl_France_single_facility,S6,A2,cA2,A,2,0.25-0.5,crushed_fraction_carbonated,Sb,ppb,85.38,52.10,85.38,52.1,,-0.4939469325704947,-38.97868353244319,numeric,numeric,positive_numeric_pair,"EN 12457-2, L/S=10 (as described in article)"
Trifyl_France_single_facility,S6,A2,cA2,A,2,0.25-0.5,crushed_fraction_carbonated,Pb,ppb,10.086,0.057,10.086,0.057,,-5.17585233480212,-99.43486020226055,numeric,numeric,positive_numeric_pair,"EN 12457-2, L/S=10 (as described in article)"
Trifyl_France_single_facility,S6,A2,cA2,A,2,0.25-0.5,crushed_fraction_carbonated,Li,ppb,13.84,16.02,13.84,16.02,,0.1462749914506897,15.751445086705207,numeric,numeric,positive_numeric_pair,"EN 12457-2, L/S=10 (as described in article)"
Trifyl_France_single_facility,S6,A2,cA2,A,2,0.25-0.5,crushed_fraction_carbonated,Ti,ppb,74.13,13.20,74.13,13.2,,-1.7256034790763033,-82.19344394981789,numeric,numeric,positive_numeric_pair,"EN 12457-2, L/S=10 (as described in article)"
Trifyl_France_single_facility,S6,A2,cA2,A,2,0.25-0.5,crushed_fraction_carbonated,V,ppb,11.48,18.59,11.48,18.59,,0.48201741084193217,61.93379790940765,numeric,numeric,positive_numeric_pair,"EN 12457-2, L/S=10 (as described in article)"
Trifyl_France_single_facility,S6,A3,cA3,A,3,0.5-1,crushed_fraction_carbonated,EC,μS/cm,2400,194,2400.0,194.0,,-2.515365857272709,-91.91666666666667,numeric,numeric,positive_numeric_pair,"EN 12457-2, L/S=10 (as described in article)"
Trifyl_France_single_facility,S6,A3,cA3,A,3,0.5-1,crushed_fraction_carbonated,pH,-,11.02,8.45,11.02,8.45,-2.5700000000000003,,,numeric,numeric,numeric_pair_absolute_difference_pH,"EN 12457-2, L/S=10 (as described in article)"
Trifyl_France_single_facility,S6,A3,cA3,A,3,0.5-1,crushed_fraction_carbonated,Cr,ppb,182.90,26.73,182.9,26.73,,-1.9231530252459923,-85.38545653362493,numeric,numeric,positive_numeric_pair,"EN 12457-2, L/S=10 (as described in article)"
Trifyl_France_single_facility,S6,A3,cA3,A,3,0.5-1,crushed_fraction_carbonated,Mn,ppb,40.48,38.05,40.48,38.05,,-0.06190694067151522,-6.002964426877466,numeric,numeric,positive_numeric_pair,"EN 12457-2, L/S=10 (as described in article)"
Trifyl_France_single_facility,S6,A3,cA3,A,3,0.5-1,crushed_fraction_carbonated,Fe,ppb,1155.66,633.39,1155.66,633.39,,-0.6013405421560847,-45.19235761383106,numeric,numeric,positive_numeric_pair,"EN 12457-2, L/S=10 (as described in article)"
Trifyl_France_single_facility,S6,A3,cA3,A,3,0.5-1,crushed_fraction_carbonated,Co,ppb,1.24,7.17,1.24,7.17,,1.7547942749945835,478.2258064516129,numeric,numeric,positive_numeric_pair,"EN 12457-2, L/S=10 (as described in article)"
Trifyl_France_single_facility,S6,A3,cA3,A,3,0.5-1,crushed_fraction_carbonated,Ni,ppb,22.70,1.79,22.7,1.79,,-2.5401493046346935,-92.11453744493392,numeric,numeric,positive_numeric_pair,"EN 12457-2, L/S=10 (as described in article)"
Trifyl_France_single_facility,S6,A3,cA3,A,3,0.5-1,crushed_fraction_carbonated,Cu,ppb,11.37,42.25,11.37,42.25,,1.3126260460407382,271.59190853122254,numeric,numeric,positive_numeric_pair,"EN 12457-2, L/S=10 (as described in article)"
Trifyl_France_single_facility,S6,A3,cA3,A,3,0.5-1,crushed_fraction_carbonated,Zn,ppb,226.64,99.41,226.64,99.41,,-0.8241101432982073,-56.1374867631486,numeric,numeric,positive_numeric_pair,"EN 12457-2, L/S=10 (as described in article)"
Trifyl_France_single_facility,S6,A3,cA3,A,3,0.5-1,crushed_fraction_carbonated,As,ppb,25.99,9.16,25.99,9.16,,-1.04286566996736,-64.75567525971528,numeric,numeric,positive_numeric_pair,"EN 12457-2, L/S=10 (as described in article)"
Trifyl_France_single_facility,S6,A3,cA3,A,3,0.5-1,crushed_fraction_carbonated,Cd,ppb,0.28,0.06,0.28,0.06,,-1.540445040947149,-78.57142857142858,numeric,numeric,positive_numeric_pair,"EN 12457-2, L/S=10 (as described in article)"
Trifyl_France_single_facility,S6,A3,cA3,A,3,0.5-1,crushed_fraction_carbonated,Sb,ppb,69.09,57.93,69.09,57.93,,-0.17617461739217083,-16.15284411636996,numeric,numeric,positive_numeric_pair,"EN 12457-2, L/S=10 (as described in article)"
Trifyl_France_single_facility,S6,A3,cA3,A,3,0.5-1,crushed_fraction_carbonated,Pb,ppb,5.128,10.932,5.128,10.932,,0.7569785484474527,113.18252730109207,numeric,numeric,positive_numeric_pair,"EN 12457-2, L/S=10 (as described in article)"
Trifyl_France_single_facility,S6,A3,cA3,A,3,0.5-1,crushed_fraction_carbonated,Li,ppb,18.31,22.95,18.31,22.95,,0.22587057782013487,25.341343528126714,numeric,numeric,positive_numeric_pair,"EN 12457-2, L/S=10 (as described in article)"
Trifyl_France_single_facility,S6,A3,cA3,A,3,0.5-1,crushed_fraction_carbonated,Ti,ppb,153.18,111.55,153.18,111.55,,-0.317140779602906,-27.17717717717718,numeric,numeric,positive_numeric_pair,"EN 12457-2, L/S=10 (as described in article)"
Trifyl_France_single_facility,S6,A3,cA3,A,3,0.5-1,crushed_fraction_carbonated,V,ppb,17.32,28.73,17.32,28.73,,0.5060799698569091,65.87759815242494,numeric,numeric,positive_numeric_pair,"EN 12457-2, L/S=10 (as described in article)"
Trifyl_France_single_facility,S6,A4,cA4,A,4,1-2,crushed_fraction_carbonated,EC,μS/cm,2480,204,2480.0,204.0,,-2.4978938453148114,-91.77419354838709,numeric,numeric,positive_numeric_pair,"EN 12457-2, L/S=10 (as described in article)"
Trifyl_France_single_facility,S6,A4,cA4,A,4,1-2,crushed_fraction_carbonated,pH,-,11.14,8.47,11.14,8.47,-2.67,,,numeric,numeric,numeric_pair_absolute_difference_pH,"EN 12457-2, L/S=10 (as described in article)"
Trifyl_France_single_facility,S6,A4,cA4,A,4,1-2,crushed_fraction_carbonated,Cr,ppb,164.71,45.14,164.71,45.14,,-1.2944175804051947,-72.59425657215712,numeric,numeric,positive_numeric_pair,"EN 12457-2, L/S=10 (as described in article)"
Trifyl_France_single_facility,S6,A4,cA4,A,4,1-2,crushed_fraction_carbonated,Mn,ppb,11.69,3.90,11.69,3.9,,-1.0977572223483762,-66.63815226689478,numeric,numeric,positive_numeric_pair,"EN 12457-2, L/S=10 (as described in article)"
Trifyl_France_single_facility,S6,A4,cA4,A,4,1-2,crushed_fraction_carbonated,Fe,ppb,309.11,113.99,309.11,113.99,,-0.9975864753557165,-63.12316004011518,numeric,numeric,positive_numeric_pair,"EN 12457-2, L/S=10 (as described in article)"
Trifyl_France_single_facility,S6,A4,cA4,A,4,1-2,crushed_fraction_carbonated,Co,ppb,0.44,0.51,0.44,0.51,,0.14763599880606468,15.909090909090917,numeric,numeric,positive_numeric_pair,"EN 12457-2, L/S=10 (as described in article)"
Trifyl_France_single_facility,S6,A4,cA4,A,4,1-2,crushed_fraction_carbonated,Ni,ppb,2.13,1.41,2.13,1.41,,-0.4125322753312568,-33.80281690140845,numeric,numeric,positive_numeric_pair,"EN 12457-2, L/S=10 (as described in article)"
Trifyl_France_single_facility,S6,A4,cA4,A,4,1-2,crushed_fraction_carbonated,Cu,ppb,9.48,2.74,9.48,2.74,,-1.2412263958669516,-71.09704641350211,numeric,numeric,positive_numeric_pair,"EN 12457-2, L/S=10 (as described in article)"
Trifyl_France_single_facility,S6,A4,cA4,A,4,1-2,crushed_fraction_carbonated,Zn,ppb,191.26,9.44,191.26,9.44,,-3.0086777787639876,-95.06431036285684,numeric,numeric,positive_numeric_pair,"EN 12457-2, L/S=10 (as described in article)"
Trifyl_France_single_facility,S6,A4,cA4,A,4,1-2,crushed_fraction_carbonated,As,ppb,8.95,10.93,8.95,10.93,,0.19985776990168327,22.122905027932973,numeric,numeric,positive_numeric_pair,"EN 12457-2, L/S=10 (as described in article)"
Trifyl_France_single_facility,S6,A4,cA4,A,4,1-2,crushed_fraction_carbonated,Cd,ppb,0.20,0.04,0.2,0.04,,-1.6094379124341005,-80.0,numeric,numeric,positive_numeric_pair,"EN 12457-2, L/S=10 (as described in article)"
Trifyl_France_single_facility,S6,A4,cA4,A,4,1-2,crushed_fraction_carbonated,Sb,ppb,65.09,85.93,65.09,85.93,,0.2777620837408357,32.01720694423107,numeric,numeric,positive_numeric_pair,"EN 12457-2, L/S=10 (as described in article)"
Trifyl_France_single_facility,S6,A4,cA4,A,4,1-2,crushed_fraction_carbonated,Pb,ppb,2.231,0.504,2.231,0.504,,-1.4876289263611637,-77.40923352756612,numeric,numeric,positive_numeric_pair,"EN 12457-2, L/S=10 (as described in article)"
Trifyl_France_single_facility,S6,A4,cA4,A,4,1-2,crushed_fraction_carbonated,Li,ppb,17.69,27.60,17.69,27.6,,0.4448162645514104,56.02035048049745,numeric,numeric,positive_numeric_pair,"EN 12457-2, L/S=10 (as described in article)"
Trifyl_France_single_facility,S6,A4,cA4,A,4,1-2,crushed_fraction_carbonated,Ti,ppb,39.49,15.91,39.49,15.91,,-0.9090996329488626,-59.711319321347176,numeric,numeric,positive_numeric_pair,"EN 12457-2, L/S=10 (as described in article)"
Trifyl_France_single_facility,S6,A4,cA4,A,4,1-2,crushed_fraction_carbonated,V,ppb,11.31,26.72,11.31,26.72,,0.8597250585404157,136.25110521662242,numeric,numeric,positive_numeric_pair,"EN 12457-2, L/S=10 (as described in article)"
Trifyl_France_single_facility,S6,B1,cB1,B,1,<0.25,crushed_fraction_carbonated,EC,μS/cm,3050,462,3050.0,462.0,,-1.8873319785197185,-84.85245901639344,numeric,numeric,positive_numeric_pair,"EN 12457-2, L/S=10 (as described in article)"
Trifyl_France_single_facility,S6,B1,cB1,B,1,<0.25,crushed_fraction_carbonated,pH,-,11.28,8.57,11.28,8.57,-2.709999999999999,,,numeric,numeric,numeric_pair_absolute_difference_pH,"EN 12457-2, L/S=10 (as described in article)"
Trifyl_France_single_facility,S6,B1,cB1,B,1,<0.25,crushed_fraction_carbonated,Cr,ppb,117.88,68.63,117.88,68.63,,-0.5409374009489507,-41.779776043434005,numeric,numeric,positive_numeric_pair,"EN 12457-2, L/S=10 (as described in article)"
Trifyl_France_single_facility,S6,B1,cB1,B,1,<0.25,crushed_fraction_carbonated,Mn,ppb,22.29,3.01,22.29,3.01,,-2.0021980686369933,-86.49618663077614,numeric,numeric,positive_numeric_pair,"EN 12457-2, L/S=10 (as described in article)"
Trifyl_France_single_facility,S6,B1,cB1,B,1,<0.25,crushed_fraction_carbonated,Fe,ppb,1207.97,181.60,1207.97,181.6,,-1.8948900775821016,-84.96651406905801,numeric,numeric,positive_numeric_pair,"EN 12457-2, L/S=10 (as described in article)"
Trifyl_France_single_facility,S6,B1,cB1,B,1,<0.25,crushed_fraction_carbonated,Co,ppb,2.19,0.16,2.19,0.16,,-2.6164830075767194,-92.69406392694064,numeric,numeric,positive_numeric_pair,"EN 12457-2, L/S=10 (as described in article)"
Trifyl_France_single_facility,S6,B1,cB1,B,1,<0.25,crushed_fraction_carbonated,Ni,ppb,4.10,0.66,4.1,0.66,,-1.8265024176719278,-83.90243902439025,numeric,numeric,positive_numeric_pair,"EN 12457-2, L/S=10 (as described in article)"
Trifyl_France_single_facility,S6,B1,cB1,B,1,<0.25,crushed_fraction_carbonated,Cu,ppb,24.83,3.70,24.83,3.7,,-1.9037197798698964,-85.09867096254531,numeric,numeric,positive_numeric_pair,"EN 12457-2, L/S=10 (as described in article)"
Trifyl_France_single_facility,S6,B1,cB1,B,1,<0.25,crushed_fraction_carbonated,Zn,ppb,256.34,24.68,256.34,24.68,,-2.340511489264491,-90.37216197238043,numeric,numeric,positive_numeric_pair,"EN 12457-2, L/S=10 (as described in article)"
Trifyl_France_single_facility,S6,B1,cB1,B,1,<0.25,crushed_fraction_carbonated,As,ppb,21.70,5.35,21.7,5.35,,-1.4002156996384987,-75.34562211981567,numeric,numeric,positive_numeric_pair,"EN 12457-2, L/S=10 (as described in article)"
Trifyl_France_single_facility,S6,B1,cB1,B,1,<0.25,crushed_fraction_carbonated,Cd,ppb,0.32,0.04,0.32,0.04,,-2.0794415416798357,-87.5,numeric,numeric,positive_numeric_pair,"EN 12457-2, L/S=10 (as described in article)"
Trifyl_France_single_facility,S6,B1,cB1,B,1,<0.25,crushed_fraction_carbonated,Sb,ppb,69.42,94.89,69.42,94.89,,0.3125433155520269,36.68971477960241,numeric,numeric,positive_numeric_pair,"EN 12457-2, L/S=10 (as described in article)"
Trifyl_France_single_facility,S6,B1,cB1,B,1,<0.25,crushed_fraction_carbonated,Pb,ppb,3.601,5.553,3.601,5.553,,0.4331267375927319,54.20716467647875,numeric,numeric,positive_numeric_pair,"EN 12457-2, L/S=10 (as described in article)"
Trifyl_France_single_facility,S6,B1,cB1,B,1,<0.25,crushed_fraction_carbonated,Li,ppb,36.38,44.32,36.38,44.32,,0.19741686934905214,21.825178669598678,numeric,numeric,positive_numeric_pair,"EN 12457-2, L/S=10 (as described in article)"
Trifyl_France_single_facility,S6,B1,cB1,B,1,<0.25,crushed_fraction_carbonated,Ti,ppb,40.34,28.36,40.34,28.36,,-0.35236383086213907,-29.69757064947943,numeric,numeric,positive_numeric_pair,"EN 12457-2, L/S=10 (as described in article)"
Trifyl_France_single_facility,S6,B1,cB1,B,1,<0.25,crushed_fraction_carbonated,V,ppb,18.97,24.07,18.97,24.07,,0.2381074678480578,26.88455455983132,numeric,numeric,positive_numeric_pair,"EN 12457-2, L/S=10 (as described in article)"
Trifyl_France_single_facility,S6,B2,cB2,B,2,0.25-0.5,crushed_fraction_carbonated,EC,μS/cm,2720,546,2720.0,546.0,,-1.6057681835451378,-79.9264705882353,numeric,numeric,positive_numeric_pair,"EN 12457-2, L/S=10 (as described in article)"
Trifyl_France_single_facility,S6,B2,cB2,B,2,0.25-0.5,crushed_fraction_carbonated,pH,-,11.36,9.04,11.36,9.04,-2.3200000000000003,,,numeric,numeric,numeric_pair_absolute_difference_pH,"EN 12457-2, L/S=10 (as described in article)"
Trifyl_France_single_facility,S6,B2,cB2,B,2,0.25-0.5,crushed_fraction_carbonated,Cr,ppb,93.80,33.83,93.8,33.83,,-1.019816873219562,-63.933901918976545,numeric,numeric,positive_numeric_pair,"EN 12457-2, L/S=10 (as described in article)"
Trifyl_France_single_facility,S6,B2,cB2,B,2,0.25-0.5,crushed_fraction_carbonated,Mn,ppb,155.68,2.01,155.68,2.01,,-4.349667896366711,-98.70889003083248,numeric,numeric,positive_numeric_pair,"EN 12457-2, L/S=10 (as described in article)"
Trifyl_France_single_facility,S6,B2,cB2,B,2,0.25-0.5,crushed_fraction_carbonated,Fe,ppb,3864.81,187.10,3864.81,187.1,,-3.028024567412819,-95.15888232539244,numeric,numeric,positive_numeric_pair,"EN 12457-2, L/S=10 (as described in article)"
Trifyl_France_single_facility,S6,B2,cB2,B,2,0.25-0.5,crushed_fraction_carbonated,Co,ppb,3.10,0.16,3.1,0.16,,-2.9639835752394106,-94.83870967741936,numeric,numeric,positive_numeric_pair,"EN 12457-2, L/S=10 (as described in article)"
Trifyl_France_single_facility,S6,B2,cB2,B,2,0.25-0.5,crushed_fraction_carbonated,Ni,ppb,24.83,0.65,24.83,0.65,,-3.6428355156125294,-97.38219895287958,numeric,numeric,positive_numeric_pair,"EN 12457-2, L/S=10 (as described in article)"
Trifyl_France_single_facility,S6,B2,cB2,B,2,0.25-0.5,crushed_fraction_carbonated,Cu,ppb,173.37,5.95,173.37,5.95,,-3.372036819440258,-96.56803368518199,numeric,numeric,positive_numeric_pair,"EN 12457-2, L/S=10 (as described in article)"
Trifyl_France_single_facility,S6,B2,cB2,B,2,0.25-0.5,crushed_fraction_carbonated,Zn,ppb,630.83,57.55,630.83,57.55,,-2.39438227744579,-90.87709842588336,numeric,numeric,positive_numeric_pair,"EN 12457-2, L/S=10 (as described in article)"
Trifyl_France_single_facility,S6,B2,cB2,B,2,0.25-0.5,crushed_fraction_carbonated,As,ppb,46.77,1.32,46.77,1.32,,-3.5676102351395156,-97.17767799871713,numeric,numeric,positive_numeric_pair,"EN 12457-2, L/S=10 (as described in article)"
Trifyl_France_single_facility,S6,B2,cB2,B,2,0.25-0.5,crushed_fraction_carbonated,Cd,ppb,2.08,0.06,2.08,0.06,,-3.545778610473263,-97.11538461538461,numeric,numeric,positive_numeric_pair,"EN 12457-2, L/S=10 (as described in article)"
Trifyl_France_single_facility,S6,B2,cB2,B,2,0.25-0.5,crushed_fraction_carbonated,Sb,ppb,48.16,58.20,48.16,58.2,,0.18935655373682664,20.847176079734233,numeric,numeric,positive_numeric_pair,"EN 12457-2, L/S=10 (as described in article)"
Trifyl_France_single_facility,S6,B2,cB2,B,2,0.25-0.5,crushed_fraction_carbonated,Pb,ppb,29.552,1.024,29.552,1.024,,-3.362434896839568,-96.53492149431511,numeric,numeric,positive_numeric_pair,"EN 12457-2, L/S=10 (as described in article)"
Trifyl_France_single_facility,S6,B2,cB2,B,2,0.25-0.5,crushed_fraction_carbonated,Li,ppb,42.56,18.27,42.56,18.27,,-0.8456544746434737,-57.07236842105263,numeric,numeric,positive_numeric_pair,"EN 12457-2, L/S=10 (as described in article)"
Trifyl_France_single_facility,S6,B2,cB2,B,2,0.25-0.5,crushed_fraction_carbonated,Ti,ppb,247.24,30.62,247.24,30.62,,-2.088706134561535,-87.6152726096101,numeric,numeric,positive_numeric_pair,"EN 12457-2, L/S=10 (as described in article)"
Trifyl_France_single_facility,S6,B2,cB2,B,2,0.25-0.5,crushed_fraction_carbonated,V,ppb,26.32,2.90,26.32,2.9,,-2.205618369464688,-88.98176291793312,numeric,numeric,positive_numeric_pair,"EN 12457-2, L/S=10 (as described in article)"
Trifyl_France_single_facility,S6,B3,cB3,B,3,0.5-1,crushed_fraction_carbonated,EC,μS/cm,2540,224,2540.0,224.0,,-2.4282733081575425,-91.18110236220473,numeric,numeric,positive_numeric_pair,"EN 12457-2, L/S=10 (as described in article)"
Trifyl_France_single_facility,S6,B3,cB3,B,3,0.5-1,crushed_fraction_carbonated,pH,-,11.39,8.38,11.39,8.38,-3.01,,,numeric,numeric,numeric_pair_absolute_difference_pH,"EN 12457-2, L/S=10 (as described in article)"
Trifyl_France_single_facility,S6,B3,cB3,B,3,0.5-1,crushed_fraction_carbonated,Cr,ppb,70.16,30.99,70.16,30.99,,-0.8171137762642708,-55.82953249714937,numeric,numeric,positive_numeric_pair,"EN 12457-2, L/S=10 (as described in article)"
Trifyl_France_single_facility,S6,B3,cB3,B,3,0.5-1,crushed_fraction_carbonated,Mn,ppb,96.19,6.75,96.19,6.75,,-2.6567828972800855,-92.98263852791351,numeric,numeric,positive_numeric_pair,"EN 12457-2, L/S=10 (as described in article)"
Trifyl_France_single_facility,S6,B3,cB3,B,3,0.5-1,crushed_fraction_carbonated,Fe,ppb,2247.88,75.00,2247.88,75.0,,-3.4002547152695484,-96.66352296385928,numeric,numeric,positive_numeric_pair,"EN 12457-2, L/S=10 (as described in article)"
Trifyl_France_single_facility,S6,B3,cB3,B,3,0.5-1,crushed_fraction_carbonated,Co,ppb,2.69,0.45,2.69,0.45,,-1.7880488898315192,-83.27137546468401,numeric,numeric,positive_numeric_pair,"EN 12457-2, L/S=10 (as described in article)"
Trifyl_France_single_facility,S6,B3,cB3,B,3,0.5-1,crushed_fraction_carbonated,Ni,ppb,20.67,0.85,20.67,0.85,,-3.191202303191452,-95.88776003870343,numeric,numeric,positive_numeric_pair,"EN 12457-2, L/S=10 (as described in article)"
Trifyl_France_single_facility,S6,B3,cB3,B,3,0.5-1,crushed_fraction_carbonated,Cu,ppb,83.62,4.81,83.62,4.81,,-2.8555856418107495,-94.24778761061947,numeric,numeric,positive_numeric_pair,"EN 12457-2, L/S=10 (as described in article)"
Trifyl_France_single_facility,S6,B3,cB3,B,3,0.5-1,crushed_fraction_carbonated,Zn,ppb,864.87,8.18,864.87,8.18,,-4.660887056005357,-99.05419311572837,numeric,numeric,positive_numeric_pair,"EN 12457-2, L/S=10 (as described in article)"
Trifyl_France_single_facility,S6,B3,cB3,B,3,0.5-1,crushed_fraction_carbonated,As,ppb,34.26,5.49,34.26,5.49,,-1.8310502373745345,-83.97548161120841,numeric,numeric,positive_numeric_pair,"EN 12457-2, L/S=10 (as described in article)"
Trifyl_France_single_facility,S6,B3,cB3,B,3,0.5-1,crushed_fraction_carbonated,Cd,ppb,0.46,0.13,0.46,0.13,,-1.2636920390275583,-71.73913043478262,numeric,numeric,positive_numeric_pair,"EN 12457-2, L/S=10 (as described in article)"
Trifyl_France_single_facility,S6,B3,cB3,B,3,0.5-1,crushed_fraction_carbonated,Sb,ppb,42.96,73.14,42.96,73.14,,0.5321059625206259,70.25139664804469,numeric,numeric,positive_numeric_pair,"EN 12457-2, L/S=10 (as described in article)"
Trifyl_France_single_facility,S6,B3,cB3,B,3,0.5-1,crushed_fraction_carbonated,Pb,ppb,16.949,0.694,16.949,0.694,,-3.19549215351125,-95.90536314826834,numeric,numeric,positive_numeric_pair,"EN 12457-2, L/S=10 (as described in article)"
Trifyl_France_single_facility,S6,B3,cB3,B,3,0.5-1,crushed_fraction_carbonated,Li,ppb,38.24,43.17,38.24,43.17,,0.12126372138418556,12.892259414225936,numeric,numeric,positive_numeric_pair,"EN 12457-2, L/S=10 (as described in article)"
Trifyl_France_single_facility,S6,B3,cB3,B,3,0.5-1,crushed_fraction_carbonated,Ti,ppb,73.17,9.06,73.17,9.06,,-2.0889163808410505,-87.61787617876179,numeric,numeric,positive_numeric_pair,"EN 12457-2, L/S=10 (as described in article)"
Trifyl_France_single_facility,S6,B3,cB3,B,3,0.5-1,crushed_fraction_carbonated,V,ppb,18.60,16.92,18.6,16.92,,-0.09466522654107835,-9.03225806451613,numeric,numeric,positive_numeric_pair,"EN 12457-2, L/S=10 (as described in article)"
Trifyl_France_single_facility,S6,B4,cB4,B,4,1-2,crushed_fraction_carbonated,EC,μS/cm,2950,187.7,2950.0,187.7,,-2.7547155057414026,-93.63728813559322,numeric,numeric,positive_numeric_pair,"EN 12457-2, L/S=10 (as described in article)"
Trifyl_France_single_facility,S6,B4,cB4,B,4,1-2,crushed_fraction_carbonated,pH,-,11.47,8.44,11.47,8.44,-3.030000000000001,,,numeric,numeric,numeric_pair_absolute_difference_pH,"EN 12457-2, L/S=10 (as described in article)"
Trifyl_France_single_facility,S6,B4,cB4,B,4,1-2,crushed_fraction_carbonated,Cr,ppb,39.39,16.98,39.39,16.98,,-0.8414757960996133,-56.8926123381569,numeric,numeric,positive_numeric_pair,"EN 12457-2, L/S=10 (as described in article)"
Trifyl_France_single_facility,S6,B4,cB4,B,4,1-2,crushed_fraction_carbonated,Mn,ppb,2.43,2.82,2.43,2.82,,0.14884562759756498,16.049382716049365,numeric,numeric,positive_numeric_pair,"EN 12457-2, L/S=10 (as described in article)"
Trifyl_France_single_facility,S6,B4,cB4,B,4,1-2,crushed_fraction_carbonated,Fe,ppb,226.94,37.95,226.94,37.95,,-1.7884161615212042,-83.27751828677184,numeric,numeric,positive_numeric_pair,"EN 12457-2, L/S=10 (as described in article)"
Trifyl_France_single_facility,S6,B4,cB4,B,4,1-2,crushed_fraction_carbonated,Co,ppb,0.51,0.18,0.51,0.18,,-1.0414538748281612,-64.70588235294117,numeric,numeric,positive_numeric_pair,"EN 12457-2, L/S=10 (as described in article)"
Trifyl_France_single_facility,S6,B4,cB4,B,4,1-2,crushed_fraction_carbonated,Ni,ppb,2.27,0.46,2.27,0.46,,-1.5963086209923076,-79.73568281938326,numeric,numeric,positive_numeric_pair,"EN 12457-2, L/S=10 (as described in article)"
Trifyl_France_single_facility,S6,B4,cB4,B,4,1-2,crushed_fraction_carbonated,Cu,ppb,15.94,3.31,15.94,3.31,,-1.5718834839730975,-79.23462986198243,numeric,numeric,positive_numeric_pair,"EN 12457-2, L/S=10 (as described in article)"
Trifyl_France_single_facility,S6,B4,cB4,B,4,1-2,crushed_fraction_carbonated,Zn,ppb,262.33,4.97,262.33,4.97,,-3.9661834130797233,-98.10543971333816,numeric,numeric,positive_numeric_pair,"EN 12457-2, L/S=10 (as described in article)"
Trifyl_France_single_facility,S6,B4,cB4,B,4,1-2,crushed_fraction_carbonated,As,ppb,10.26,3.16,10.26,3.16,,-1.1776808121438027,-69.20077972709551,numeric,numeric,positive_numeric_pair,"EN 12457-2, L/S=10 (as described in article)"
Trifyl_France_single_facility,S6,B4,cB4,B,4,1-2,crushed_fraction_carbonated,Cd,ppb,0.16,0.04,0.16,0.04,,-1.3862943611198906,-75.0,numeric,numeric,positive_numeric_pair,"EN 12457-2, L/S=10 (as described in article)"
Trifyl_France_single_facility,S6,B4,cB4,B,4,1-2,crushed_fraction_carbonated,Sb,ppb,26.56,51.19,26.56,51.19,,0.6561378758612588,92.73343373493977,numeric,numeric,positive_numeric_pair,"EN 12457-2, L/S=10 (as described in article)"
Trifyl_France_single_facility,S6,B4,cB4,B,4,1-2,crushed_fraction_carbonated,Pb,ppb,4.398,0.607,4.398,0.607,,-1.9803763800552083,-86.19827194179173,numeric,numeric,positive_numeric_pair,"EN 12457-2, L/S=10 (as described in article)"
Trifyl_France_single_facility,S6,B4,cB4,B,4,1-2,crushed_fraction_carbonated,Li,ppb,30.54,26.53,30.54,26.53,,-0.14076113164083803,-13.130320890635227,numeric,numeric,positive_numeric_pair,"EN 12457-2, L/S=10 (as described in article)"
Trifyl_France_single_facility,S6,B4,cB4,B,4,1-2,crushed_fraction_carbonated,Ti,ppb,35.55,5.33,35.55,5.33,,-1.8975889180714967,-85.0070323488045,numeric,numeric,positive_numeric_pair,"EN 12457-2, L/S=10 (as described in article)"
Trifyl_France_single_facility,S6,B4,cB4,B,4,1-2,crushed_fraction_carbonated,V,ppb,5.05,16.38,5.05,16.38,,1.1766728351376547,224.35643564356434,numeric,numeric,positive_numeric_pair,"EN 12457-2, L/S=10 (as described in article)"
Trifyl_France_single_facility,S6,C1,cC1,C,1,<0.25,crushed_fraction_carbonated,EC,μS/cm,3690,494,3690.0,494.0,,-2.0108462198466506,-86.61246612466125,numeric,numeric,positive_numeric_pair,"EN 12457-2, L/S=10 (as described in article)"
Trifyl_France_single_facility,S6,C1,cC1,C,1,<0.25,crushed_fraction_carbonated,pH,-,11.21,8.11,11.21,8.11,-3.1000000000000014,,,numeric,numeric,numeric_pair_absolute_difference_pH,"EN 12457-2, L/S=10 (as described in article)"
Trifyl_France_single_facility,S6,C1,cC1,C,1,<0.25,crushed_fraction_carbonated,Cr,ppb,160.76,61.58,160.76,61.58,,-0.959575427084646,-61.69445135605872,numeric,numeric,positive_numeric_pair,"EN 12457-2, L/S=10 (as described in article)"
Trifyl_France_single_facility,S6,C1,cC1,C,1,<0.25,crushed_fraction_carbonated,Mn,ppb,4.63,3.91,4.63,3.91,,-0.1690194941008682,-15.55075593952483,numeric,numeric,positive_numeric_pair,"EN 12457-2, L/S=10 (as described in article)"
Trifyl_France_single_facility,S6,C1,cC1,C,1,<0.25,crushed_fraction_carbonated,Fe,ppb,337.30,173.98,337.3,173.98,,-0.6620323919882101,-48.41980432849097,numeric,numeric,positive_numeric_pair,"EN 12457-2, L/S=10 (as described in article)"
Trifyl_France_single_facility,S6,C1,cC1,C,1,<0.25,crushed_fraction_carbonated,Co,ppb,0.95,0.26,0.95,0.26,,-1.2957803535790586,-72.63157894736842,numeric,numeric,positive_numeric_pair,"EN 12457-2, L/S=10 (as described in article)"
Trifyl_France_single_facility,S6,C1,cC1,C,1,<0.25,crushed_fraction_carbonated,Ni,ppb,5.60,1.86,5.6,1.86,,-1.1021901100159937,-66.78571428571428,numeric,numeric,positive_numeric_pair,"EN 12457-2, L/S=10 (as described in article)"
Trifyl_France_single_facility,S6,C1,cC1,C,1,<0.25,crushed_fraction_carbonated,Cu,ppb,23.85,4.59,23.85,4.59,,-1.6479041932618965,-80.75471698113208,numeric,numeric,positive_numeric_pair,"EN 12457-2, L/S=10 (as described in article)"
Trifyl_France_single_facility,S6,C1,cC1,C,1,<0.25,crushed_fraction_carbonated,Zn,ppb,400.53,43.35,400.53,43.35,,-2.2234819668435626,-89.17684068609093,numeric,numeric,positive_numeric_pair,"EN 12457-2, L/S=10 (as described in article)"
Trifyl_France_single_facility,S6,C1,cC1,C,1,<0.25,crushed_fraction_carbonated,As,ppb,16.51,6.52,16.51,6.52,,-0.9290918819934753,-60.50878255602665,numeric,numeric,positive_numeric_pair,"EN 12457-2, L/S=10 (as described in article)"
Trifyl_France_single_facility,S6,C1,cC1,C,1,<0.25,crushed_fraction_carbonated,Cd,ppb,0.38,0.12,0.38,0.12,,-1.1526795099383855,-68.42105263157895,numeric,numeric,positive_numeric_pair,"EN 12457-2, L/S=10 (as described in article)"
Trifyl_France_single_facility,S6,C1,cC1,C,1,<0.25,crushed_fraction_carbonated,Sb,ppb,93.39,112.70,93.39,112.7,,0.18794514792410408,20.676731984152475,numeric,numeric,positive_numeric_pair,"EN 12457-2, L/S=10 (as described in article)"
Trifyl_France_single_facility,S6,C1,cC1,C,1,<0.25,crushed_fraction_carbonated,Pb,ppb,3.921,0.647,3.921,0.647,,-1.801755707791431,-83.49910737056874,numeric,numeric,positive_numeric_pair,"EN 12457-2, L/S=10 (as described in article)"
Trifyl_France_single_facility,S6,C1,cC1,C,1,<0.25,crushed_fraction_carbonated,Li,ppb,20.86,29.25,20.86,29.25,,0.33804612410523915,40.22051773729627,numeric,numeric,positive_numeric_pair,"EN 12457-2, L/S=10 (as described in article)"
Trifyl_France_single_facility,S6,C1,cC1,C,1,<0.25,crushed_fraction_carbonated,Ti,ppb,44.25,23.78,44.25,23.78,,-0.6210104801913027,-46.259887005649716,numeric,numeric,positive_numeric_pair,"EN 12457-2, L/S=10 (as described in article)"
Trifyl_France_single_facility,S6,C1,cC1,C,1,<0.25,crushed_fraction_carbonated,V,ppb,10.20,27.58,10.2,27.58,,0.9947031520749304,170.3921568627451,numeric,numeric,positive_numeric_pair,"EN 12457-2, L/S=10 (as described in article)"
Trifyl_France_single_facility,S6,C2,cC2,C,2,0.25-0.5,crushed_fraction_carbonated,EC,μS/cm,3040,705,3040.0,705.0,,-1.4614149915879986,-76.80921052631578,numeric,numeric,positive_numeric_pair,"EN 12457-2, L/S=10 (as described in article)"
Trifyl_France_single_facility,S6,C2,cC2,C,2,0.25-0.5,crushed_fraction_carbonated,pH,-,11.18,9.28,11.18,9.28,-1.9000000000000004,,,numeric,numeric,numeric_pair_absolute_difference_pH,"EN 12457-2, L/S=10 (as described in article)"
Trifyl_France_single_facility,S6,C2,cC2,C,2,0.25-0.5,crushed_fraction_carbonated,Cr,ppb,76.75,21.67,76.75,21.67,,-1.264624570919039,-71.76547231270358,numeric,numeric,positive_numeric_pair,"EN 12457-2, L/S=10 (as described in article)"
Trifyl_France_single_facility,S6,C2,cC2,C,2,0.25-0.5,crushed_fraction_carbonated,Mn,ppb,52.71,2.06,52.71,2.06,,-3.2420992080656257,-96.09182318345665,numeric,numeric,positive_numeric_pair,"EN 12457-2, L/S=10 (as described in article)"
Trifyl_France_single_facility,S6,C2,cC2,C,2,0.25-0.5,crushed_fraction_carbonated,Fe,ppb,1828.55,246.21,1828.55,246.21,,-2.005093751724,-86.53523283475978,numeric,numeric,positive_numeric_pair,"EN 12457-2, L/S=10 (as described in article)"
Trifyl_France_single_facility,S6,C2,cC2,C,2,0.25-0.5,crushed_fraction_carbonated,Co,ppb,2.27,0.21,2.27,0.21,,-2.38042757975798,-90.7488986784141,numeric,numeric,positive_numeric_pair,"EN 12457-2, L/S=10 (as described in article)"
Trifyl_France_single_facility,S6,C2,cC2,C,2,0.25-0.5,crushed_fraction_carbonated,Ni,ppb,13.90,0.85,13.9,0.85,,-2.794407769634421,-93.88489208633094,numeric,numeric,positive_numeric_pair,"EN 12457-2, L/S=10 (as described in article)"
Trifyl_France_single_facility,S6,C2,cC2,C,2,0.25-0.5,crushed_fraction_carbonated,Cu,ppb,40.14,4.20,40.14,4.2,,-2.2572888180788695,-89.53662182361734,numeric,numeric,positive_numeric_pair,"EN 12457-2, L/S=10 (as described in article)"
Trifyl_France_single_facility,S6,C2,cC2,C,2,0.25-0.5,crushed_fraction_carbonated,Zn,ppb,702.10,91.44,702.1,91.44,,-2.038392824536648,-86.97621421449936,numeric,numeric,positive_numeric_pair,"EN 12457-2, L/S=10 (as described in article)"
Trifyl_France_single_facility,S6,C2,cC2,C,2,0.25-0.5,crushed_fraction_carbonated,As,ppb,27.55,6.52,27.55,6.52,,-1.441128159660362,-76.33393829401089,numeric,numeric,positive_numeric_pair,"EN 12457-2, L/S=10 (as described in article)"
Trifyl_France_single_facility,S6,C2,cC2,C,2,0.25-0.5,crushed_fraction_carbonated,Cd,ppb,0.60,0.14,0.6,0.14,,-1.455287232606842,-76.66666666666666,numeric,numeric,positive_numeric_pair,"EN 12457-2, L/S=10 (as described in article)"
Trifyl_France_single_facility,S6,C2,cC2,C,2,0.25-0.5,crushed_fraction_carbonated,Sb,ppb,67.53,69.13,67.53,69.13,,0.023416846370423013,2.3693173404412793,numeric,numeric,positive_numeric_pair,"EN 12457-2, L/S=10 (as described in article)"
Trifyl_France_single_facility,S6,C2,cC2,C,2,0.25-0.5,crushed_fraction_carbonated,Pb,ppb,20.447,0.627,20.447,0.627,,-3.4846449108101334,-96.9335354819778,numeric,numeric,positive_numeric_pair,"EN 12457-2, L/S=10 (as described in article)"
Trifyl_France_single_facility,S6,C2,cC2,C,2,0.25-0.5,crushed_fraction_carbonated,Li,ppb,33.58,10.75,33.58,10.75,,-1.1390248970757229,-67.98689696247766,numeric,numeric,positive_numeric_pair,"EN 12457-2, L/S=10 (as described in article)"
Trifyl_France_single_facility,S6,C2,cC2,C,2,0.25-0.5,crushed_fraction_carbonated,Ti,ppb,117.85,41.21,117.85,41.21,,-1.050731684031414,-65.03182011030971,numeric,numeric,positive_numeric_pair,"EN 12457-2, L/S=10 (as described in article)"
Trifyl_France_single_facility,S6,C2,cC2,C,2,0.25-0.5,crushed_fraction_carbonated,V,ppb,13.54,6.15,13.54,6.15,,-0.7891961856657023,-54.57902511078285,numeric,numeric,positive_numeric_pair,"EN 12457-2, L/S=10 (as described in article)"
Trifyl_France_single_facility,S6,C3,cC3,C,3,0.5-1,crushed_fraction_carbonated,EC,μS/cm,2820,256,2820.0,256.0,,-2.3993147194525966,-90.92198581560284,numeric,numeric,positive_numeric_pair,"EN 12457-2, L/S=10 (as described in article)"
Trifyl_France_single_facility,S6,C3,cC3,C,3,0.5-1,crushed_fraction_carbonated,pH,-,11.21,8.38,11.21,8.38,-2.83,,,numeric,numeric,numeric_pair_absolute_difference_pH,"EN 12457-2, L/S=10 (as described in article)"
Trifyl_France_single_facility,S6,C3,cC3,C,3,0.5-1,crushed_fraction_carbonated,Cr,ppb,43.37,29.99,43.37,29.99,,-0.36890396508635714,-30.85081853816002,numeric,numeric,positive_numeric_pair,"EN 12457-2, L/S=10 (as described in article)"
Trifyl_France_single_facility,S6,C3,cC3,C,3,0.5-1,crushed_fraction_carbonated,Mn,ppb,5.65,2.58,5.65,2.58,,-0.7838661462248236,-54.33628318584071,numeric,numeric,positive_numeric_pair,"EN 12457-2, L/S=10 (as described in article)"
Trifyl_France_single_facility,S6,C3,cC3,C,3,0.5-1,crushed_fraction_carbonated,Fe,ppb,283.61,69.33,283.61,69.33,,-1.40872234201281,-75.55445858749692,numeric,numeric,positive_numeric_pair,"EN 12457-2, L/S=10 (as described in article)"
Trifyl_France_single_facility,S6,C3,cC3,C,3,0.5-1,crushed_fraction_carbonated,Co,ppb,0.50,0.29,0.5,0.29,,-0.5447271754416722,-42.00000000000001,numeric,numeric,positive_numeric_pair,"EN 12457-2, L/S=10 (as described in article)"
Trifyl_France_single_facility,S6,C3,cC3,C,3,0.5-1,crushed_fraction_carbonated,Ni,ppb,1.91,0.75,1.91,0.75,,-0.9347853145103193,-60.73298429319372,numeric,numeric,positive_numeric_pair,"EN 12457-2, L/S=10 (as described in article)"
Trifyl_France_single_facility,S6,C3,cC3,C,3,0.5-1,crushed_fraction_carbonated,Cu,ppb,10.52,3.72,10.52,3.72,,-1.0395545390245085,-64.63878326996198,numeric,numeric,positive_numeric_pair,"EN 12457-2, L/S=10 (as described in article)"
Trifyl_France_single_facility,S6,C3,cC3,C,3,0.5-1,crushed_fraction_carbonated,Zn,ppb,274.76,8.63,274.76,8.63,,-3.460653484250344,-96.8590770126656,numeric,numeric,positive_numeric_pair,"EN 12457-2, L/S=10 (as described in article)"
Trifyl_France_single_facility,S6,C3,cC3,C,3,0.5-1,crushed_fraction_carbonated,As,ppb,10.24,1.76,10.24,1.76,,-1.7609878105613013,-82.8125,numeric,numeric,positive_numeric_pair,"EN 12457-2, L/S=10 (as described in article)"
Trifyl_France_single_facility,S6,C3,cC3,C,3,0.5-1,crushed_fraction_carbonated,Cd,ppb,0.17,0.05,0.17,0.05,,-1.2237754316221157,-70.58823529411764,numeric,numeric,positive_numeric_pair,"EN 12457-2, L/S=10 (as described in article)"
Trifyl_France_single_facility,S6,C3,cC3,C,3,0.5-1,crushed_fraction_carbonated,Sb,ppb,59.17,91.02,59.17,91.02,,0.4306646058998932,53.82795335474058,numeric,numeric,positive_numeric_pair,"EN 12457-2, L/S=10 (as described in article)"
Trifyl_France_single_facility,S6,C3,cC3,C,3,0.5-1,crushed_fraction_carbonated,Pb,ppb,4.581,2.028,4.581,2.028,,-0.8148672291756683,-55.73018991486576,numeric,numeric,positive_numeric_pair,"EN 12457-2, L/S=10 (as described in article)"
Trifyl_France_single_facility,S6,C3,cC3,C,3,0.5-1,crushed_fraction_carbonated,Li,ppb,32.36,44.69,32.36,44.69,,0.3228266707550692,38.10259579728059,numeric,numeric,positive_numeric_pair,"EN 12457-2, L/S=10 (as described in article)"
Trifyl_France_single_facility,S6,C3,cC3,C,3,0.5-1,crushed_fraction_carbonated,Ti,ppb,43.00,11.59,43.0,11.59,,-1.3110574583419021,-73.04651162790698,numeric,numeric,positive_numeric_pair,"EN 12457-2, L/S=10 (as described in article)"
Trifyl_France_single_facility,S6,C3,cC3,C,3,0.5-1,crushed_fraction_carbonated,V,ppb,6.38,8.82,6.38,8.82,,0.32385377266200144,38.24451410658307,numeric,numeric,positive_numeric_pair,"EN 12457-2, L/S=10 (as described in article)"
Trifyl_France_single_facility,S6,C4,cC4,C,4,1-2,crushed_fraction_carbonated,EC,μS/cm,2340,242,2340.0,242.0,,-2.268968482195061,-89.65811965811966,numeric,numeric,positive_numeric_pair,"EN 12457-2, L/S=10 (as described in article)"
Trifyl_France_single_facility,S6,C4,cC4,C,4,1-2,crushed_fraction_carbonated,pH,-,11.17,8.27,11.17,8.27,-2.9000000000000004,,,numeric,numeric,numeric_pair_absolute_difference_pH,"EN 12457-2, L/S=10 (as described in article)"
Trifyl_France_single_facility,S6,C4,cC4,C,4,1-2,crushed_fraction_carbonated,Cr,ppb,51.94,7.85,51.94,7.85,,-1.8895756744402854,-84.88640739314593,numeric,numeric,positive_numeric_pair,"EN 12457-2, L/S=10 (as described in article)"
Trifyl_France_single_facility,S6,C4,cC4,C,4,1-2,crushed_fraction_carbonated,Mn,ppb,4.27,4.08,4.27,4.08,,-0.04551683882446279,-4.449648711943787,numeric,numeric,positive_numeric_pair,"EN 12457-2, L/S=10 (as described in article)"
Trifyl_France_single_facility,S6,C4,cC4,C,4,1-2,crushed_fraction_carbonated,Fe,ppb,282.78,43.04,282.78,43.04,,-1.8825392943101653,-84.77968738949006,numeric,numeric,positive_numeric_pair,"EN 12457-2, L/S=10 (as described in article)"
Trifyl_France_single_facility,S6,C4,cC4,C,4,1-2,crushed_fraction_carbonated,Co,ppb,0.52,0.33,0.52,0.33,,-0.4547361571149472,-36.53846153846154,numeric,numeric,positive_numeric_pair,"EN 12457-2, L/S=10 (as described in article)"
Trifyl_France_single_facility,S6,C4,cC4,C,4,1-2,crushed_fraction_carbonated,Ni,ppb,2.22,0.51,2.22,0.51,,-1.4708517491479538,-77.02702702702703,numeric,numeric,positive_numeric_pair,"EN 12457-2, L/S=10 (as described in article)"
Trifyl_France_single_facility,S6,C4,cC4,C,4,1-2,crushed_fraction_carbonated,Cu,ppb,12.94,3.86,12.94,3.86,,-1.209656105596015,-70.17001545595053,numeric,numeric,positive_numeric_pair,"EN 12457-2, L/S=10 (as described in article)"
Trifyl_France_single_facility,S6,C4,cC4,C,4,1-2,crushed_fraction_carbonated,Zn,ppb,253.03,5.04,253.03,5.04,,-3.916101976689636,-98.00814132711537,numeric,numeric,positive_numeric_pair,"EN 12457-2, L/S=10 (as described in article)"
Trifyl_France_single_facility,S6,C4,cC4,C,4,1-2,crushed_fraction_carbonated,As,ppb,17.24,5.03,17.24,5.03,,-1.2318122811238992,-70.82366589327145,numeric,numeric,positive_numeric_pair,"EN 12457-2, L/S=10 (as described in article)"
Trifyl_France_single_facility,S6,C4,cC4,C,4,1-2,crushed_fraction_carbonated,Cd,ppb,0.24,0.05,0.24,0.05,,-1.5686159179138452,-79.16666666666666,numeric,numeric,positive_numeric_pair,"EN 12457-2, L/S=10 (as described in article)"
Trifyl_France_single_facility,S6,C4,cC4,C,4,1-2,crushed_fraction_carbonated,Sb,ppb,58.03,122.31,58.03,122.31,,0.7455986872967547,110.77029122867481,numeric,numeric,positive_numeric_pair,"EN 12457-2, L/S=10 (as described in article)"
Trifyl_France_single_facility,S6,C4,cC4,C,4,1-2,crushed_fraction_carbonated,Pb,ppb,2.487,0.490,2.487,0.49,,-1.6244270526987326,-80.29754724567752,numeric,numeric,positive_numeric_pair,"EN 12457-2, L/S=10 (as described in article)"
Trifyl_France_single_facility,S6,C4,cC4,C,4,1-2,crushed_fraction_carbonated,Li,ppb,27.16,36.12,27.16,36.12,,0.28510142585828924,32.98969072164948,numeric,numeric,positive_numeric_pair,"EN 12457-2, L/S=10 (as described in article)"
Trifyl_France_single_facility,S6,C4,cC4,C,4,1-2,crushed_fraction_carbonated,Ti,ppb,34.23,7.25,34.23,7.25,,-1.5521009836755104,-78.81974875839907,numeric,numeric,positive_numeric_pair,"EN 12457-2, L/S=10 (as described in article)"
Trifyl_France_single_facility,S6,C4,cC4,C,4,1-2,crushed_fraction_carbonated,V,ppb,8.11,7.99,8.11,7.99,,-0.014907108349138116,-1.4796547472256338,numeric,numeric,positive_numeric_pair,"EN 12457-2, L/S=10 (as described in article)"
Trifyl_France_single_facility,S6,D1,cD1,D,1,<0.25,crushed_fraction_carbonated,EC,μS/cm,3050,380,3050.0,380.0,,-2.0827256168810258,-87.54098360655738,numeric,numeric,positive_numeric_pair,"EN 12457-2, L/S=10 (as described in article)"
Trifyl_France_single_facility,S6,D1,cD1,D,1,<0.25,crushed_fraction_carbonated,pH,-,11.5,8.7,11.5,8.7,-2.8000000000000007,,,numeric,numeric,numeric_pair_absolute_difference_pH,"EN 12457-2, L/S=10 (as described in article)"
Trifyl_France_single_facility,S6,D1,cD1,D,1,<0.25,crushed_fraction_carbonated,Cr,ppb,192.96,108.55,192.96,108.55,,-0.5752720172145199,-43.74481757877281,numeric,numeric,positive_numeric_pair,"EN 12457-2, L/S=10 (as described in article)"
Trifyl_France_single_facility,S6,D1,cD1,D,1,<0.25,crushed_fraction_carbonated,Mn,ppb,2.53,157.94,2.53,157.94,,4.133995911330006,6142.687747035573,numeric,numeric,positive_numeric_pair,"EN 12457-2, L/S=10 (as described in article)"
Trifyl_France_single_facility,S6,D1,cD1,D,1,<0.25,crushed_fraction_carbonated,Fe,ppb,107.92,6384.92,107.92,6384.92,,4.080304027122946,5816.345441067458,numeric,numeric,positive_numeric_pair,"EN 12457-2, L/S=10 (as described in article)"
Trifyl_France_single_facility,S6,D1,cD1,D,1,<0.25,crushed_fraction_carbonated,Co,ppb,0.47,3.64,0.47,3.64,,2.047006265926682,674.4680851063831,numeric,numeric,positive_numeric_pair,"EN 12457-2, L/S=10 (as described in article)"
Trifyl_France_single_facility,S6,D1,cD1,D,1,<0.25,crushed_fraction_carbonated,Ni,ppb,1.76,15.02,1.76,15.02,,2.144068837285928,753.4090909090909,numeric,numeric,positive_numeric_pair,"EN 12457-2, L/S=10 (as described in article)"
Trifyl_France_single_facility,S6,D1,cD1,D,1,<0.25,crushed_fraction_carbonated,Cu,ppb,9.62,15.55,9.62,15.55,,0.4802163739476282,61.642411642411666,numeric,numeric,positive_numeric_pair,"EN 12457-2, L/S=10 (as described in article)"
Trifyl_France_single_facility,S6,D1,cD1,D,1,<0.25,crushed_fraction_carbonated,Zn,ppb,243.89,125.81,243.89,125.81,,-0.6619444716082912,-48.41526917872812,numeric,numeric,positive_numeric_pair,"EN 12457-2, L/S=10 (as described in article)"
Trifyl_France_single_facility,S6,D1,cD1,D,1,<0.25,crushed_fraction_carbonated,As,ppb,12.36,16.24,12.36,16.24,,0.27301188270398713,31.391585760517792,numeric,numeric,positive_numeric_pair,"EN 12457-2, L/S=10 (as described in article)"
Trifyl_France_single_facility,S6,D1,cD1,D,1,<0.25,crushed_fraction_carbonated,Cd,ppb,0.28,0.13,0.28,0.13,,-0.7672551527136673,-53.571428571428584,numeric,numeric,positive_numeric_pair,"EN 12457-2, L/S=10 (as described in article)"
Trifyl_France_single_facility,S6,D1,cD1,D,1,<0.25,crushed_fraction_carbonated,Sb,ppb,62.81,64.31,62.81,64.31,,0.02360084368048233,2.388154752427951,numeric,numeric,positive_numeric_pair,"EN 12457-2, L/S=10 (as described in article)"
Trifyl_France_single_facility,S6,D1,cD1,D,1,<0.25,crushed_fraction_carbonated,Pb,ppb,1.517,43.84,1.517,43.84,,3.363811942273365,2789.9143045484516,numeric,numeric,positive_numeric_pair,"EN 12457-2, L/S=10 (as described in article)"
Trifyl_France_single_facility,S6,D1,cD1,D,1,<0.25,crushed_fraction_carbonated,Li,ppb,64.67,43.05,64.67,43.05,,-0.40693518458476163,-33.43126642956549,numeric,numeric,positive_numeric_pair,"EN 12457-2, L/S=10 (as described in article)"
Trifyl_France_single_facility,S6,D1,cD1,D,1,<0.25,crushed_fraction_carbonated,Ti,ppb,18.82,774.25,18.82,774.25,,3.7169746846960785,4013.974495217853,numeric,numeric,positive_numeric_pair,"EN 12457-2, L/S=10 (as described in article)"
Trifyl_France_single_facility,S6,D1,cD1,D,1,<0.25,crushed_fraction_carbonated,V,ppb,15.52,63.13,15.52,63.13,,1.4030665776244615,306.7654639175258,numeric,numeric,positive_numeric_pair,"EN 12457-2, L/S=10 (as described in article)"
Trifyl_France_single_facility,S6,D2,cD2,D,2,0.25-0.5,crushed_fraction_carbonated,EC,μS/cm,1724,542,1724.0,542.0,,-1.1571364497839922,-68.5614849187935,numeric,numeric,positive_numeric_pair,"EN 12457-2, L/S=10 (as described in article)"
Trifyl_France_single_facility,S6,D2,cD2,D,2,0.25-0.5,crushed_fraction_carbonated,pH,-,11.19,9.46,11.19,9.46,-1.7299999999999986,,,numeric,numeric,numeric_pair_absolute_difference_pH,"EN 12457-2, L/S=10 (as described in article)"
Trifyl_France_single_facility,S6,D2,cD2,D,2,0.25-0.5,crushed_fraction_carbonated,Cr,ppb,108.35,35.00,108.35,35.0,,-1.1300186664929543,-67.6972773419474,numeric,numeric,positive_numeric_pair,"EN 12457-2, L/S=10 (as described in article)"
Trifyl_France_single_facility,S6,D2,cD2,D,2,0.25-0.5,crushed_fraction_carbonated,Mn,ppb,62.56,0.44,62.56,0.44,,-4.957106648306886,-99.29667519181585,numeric,numeric,positive_numeric_pair,"EN 12457-2, L/S=10 (as described in article)"
Trifyl_France_single_facility,S6,D2,cD2,D,2,0.25-0.5,crushed_fraction_carbonated,Fe,ppb,1495.38,159.61,1495.38,159.61,,-2.23740229443391,-89.32645882651902,numeric,numeric,positive_numeric_pair,"EN 12457-2, L/S=10 (as described in article)"
Trifyl_France_single_facility,S6,D2,cD2,D,2,0.25-0.5,crushed_fraction_carbonated,Co,ppb,1.56,0.12,1.56,0.12,,-2.5649493574615367,-92.3076923076923,numeric,numeric,positive_numeric_pair,"EN 12457-2, L/S=10 (as described in article)"
Trifyl_France_single_facility,S6,D2,cD2,D,2,0.25-0.5,crushed_fraction_carbonated,Ni,ppb,10.96,0.56,10.96,0.56,,-2.9740707767728116,-94.8905109489051,numeric,numeric,positive_numeric_pair,"EN 12457-2, L/S=10 (as described in article)"
Trifyl_France_single_facility,S6,D2,cD2,D,2,0.25-0.5,crushed_fraction_carbonated,Cu,ppb,63.57,3.26,63.57,3.26,,-2.9704144655697013,-94.87179487179486,numeric,numeric,positive_numeric_pair,"EN 12457-2, L/S=10 (as described in article)"
Trifyl_France_single_facility,S6,D2,cD2,D,2,0.25-0.5,crushed_fraction_carbonated,Zn,ppb,396.86,30.33,396.86,30.33,,-2.5714462519566164,-92.35750642543971,numeric,numeric,positive_numeric_pair,"EN 12457-2, L/S=10 (as described in article)"
Trifyl_France_single_facility,S6,D2,cD2,D,2,0.25-0.5,crushed_fraction_carbonated,As,ppb,22.28,3.30,22.28,3.3,,-1.9097669465866487,-85.18850987432675,numeric,numeric,positive_numeric_pair,"EN 12457-2, L/S=10 (as described in article)"
Trifyl_France_single_facility,S6,D2,cD2,D,2,0.25-0.5,crushed_fraction_carbonated,Cd,ppb,0.28,0.06,0.28,0.06,,-1.540445040947149,-78.57142857142858,numeric,numeric,positive_numeric_pair,"EN 12457-2, L/S=10 (as described in article)"
Trifyl_France_single_facility,S6,D2,cD2,D,2,0.25-0.5,crushed_fraction_carbonated,Sb,ppb,61.98,55.55,61.98,55.55,,-0.10952823627396319,-10.37431429493385,numeric,numeric,positive_numeric_pair,"EN 12457-2, L/S=10 (as described in article)"
Trifyl_France_single_facility,S6,D2,cD2,D,2,0.25-0.5,crushed_fraction_carbonated,Pb,ppb,18.612,0.302,18.612,0.302,,-4.121134795589669,-98.37739093058242,numeric,numeric,positive_numeric_pair,"EN 12457-2, L/S=10 (as described in article)"
Trifyl_France_single_facility,S6,D2,cD2,D,2,0.25-0.5,crushed_fraction_carbonated,Li,ppb,45.03,22.85,45.03,22.85,,-0.6783778169732665,-49.25605152120808,numeric,numeric,positive_numeric_pair,"EN 12457-2, L/S=10 (as described in article)"
Trifyl_France_single_facility,S6,D2,cD2,D,2,0.25-0.5,crushed_fraction_carbonated,Ti,ppb,113.48,26.82,113.48,26.82,,-1.4424787320871182,-76.36587945012336,numeric,numeric,positive_numeric_pair,"EN 12457-2, L/S=10 (as described in article)"
Trifyl_France_single_facility,S6,D2,cD2,D,2,0.25-0.5,crushed_fraction_carbonated,V,ppb,20.01,4.57,20.01,4.57,,-1.4767189436895287,-77.16141929035483,numeric,numeric,positive_numeric_pair,"EN 12457-2, L/S=10 (as described in article)"
Trifyl_France_single_facility,S6,D3,cD3,D,3,0.5-1,crushed_fraction_carbonated,EC,μS/cm,4400,223,4400.0,223.0,,-2.982188048446234,-94.93181818181819,numeric,numeric,positive_numeric_pair,"EN 12457-2, L/S=10 (as described in article)"
Trifyl_France_single_facility,S6,D3,cD3,D,3,0.5-1,crushed_fraction_carbonated,pH,-,11.68,8.22,11.68,8.22,-3.459999999999999,,,numeric,numeric,numeric_pair_absolute_difference_pH,"EN 12457-2, L/S=10 (as described in article)"
Trifyl_France_single_facility,S6,D3,cD3,D,3,0.5-1,crushed_fraction_carbonated,Cr,ppb,76.05,98.29,76.05,98.29,,0.25653127387323627,29.243918474687725,numeric,numeric,positive_numeric_pair,"EN 12457-2, L/S=10 (as described in article)"
Trifyl_France_single_facility,S6,D3,cD3,D,3,0.5-1,crushed_fraction_carbonated,Mn,ppb,4.82,15.97,4.82,15.97,,1.1979380341644121,231.32780082987549,numeric,numeric,positive_numeric_pair,"EN 12457-2, L/S=10 (as described in article)"
Trifyl_France_single_facility,S6,D3,cD3,D,3,0.5-1,crushed_fraction_carbonated,Fe,ppb,292.60,565.50,292.6,565.5,,0.658903806970151,93.26725905673273,numeric,numeric,positive_numeric_pair,"EN 12457-2, L/S=10 (as described in article)"
Trifyl_France_single_facility,S6,D3,cD3,D,3,0.5-1,crushed_fraction_carbonated,Co,ppb,0.69,1.09,0.69,1.09,,0.4572413776318844,57.97101449275364,numeric,numeric,positive_numeric_pair,"EN 12457-2, L/S=10 (as described in article)"
Trifyl_France_single_facility,S6,D3,cD3,D,3,0.5-1,crushed_fraction_carbonated,Ni,ppb,2.99,2.43,2.99,2.43,,-0.20738213005013795,-18.729096989966553,numeric,numeric,positive_numeric_pair,"EN 12457-2, L/S=10 (as described in article)"
Trifyl_France_single_facility,S6,D3,cD3,D,3,0.5-1,crushed_fraction_carbonated,Cu,ppb,16.57,10.37,16.57,10.37,,-0.46867680919703575,-37.41701870850937,numeric,numeric,positive_numeric_pair,"EN 12457-2, L/S=10 (as described in article)"
Trifyl_France_single_facility,S6,D3,cD3,D,3,0.5-1,crushed_fraction_carbonated,Zn,ppb,403.41,43.15,403.41,43.15,,-2.2352709969744513,-89.30368607620039,numeric,numeric,positive_numeric_pair,"EN 12457-2, L/S=10 (as described in article)"
Trifyl_France_single_facility,S6,D3,cD3,D,3,0.5-1,crushed_fraction_carbonated,As,ppb,9.41,7.64,9.41,7.64,,-0.2083753504188592,-18.80977683315622,numeric,numeric,positive_numeric_pair,"EN 12457-2, L/S=10 (as described in article)"
Trifyl_France_single_facility,S6,D3,cD3,D,3,0.5-1,crushed_fraction_carbonated,Cd,ppb,0.34,0.07,0.34,0.07,,-1.5804503755608479,-79.41176470588235,numeric,numeric,positive_numeric_pair,"EN 12457-2, L/S=10 (as described in article)"
Trifyl_France_single_facility,S6,D3,cD3,D,3,0.5-1,crushed_fraction_carbonated,Sb,ppb,25.88,68.55,25.88,68.55,,0.9740929363756237,164.87635239567234,numeric,numeric,positive_numeric_pair,"EN 12457-2, L/S=10 (as described in article)"
Trifyl_France_single_facility,S6,D3,cD3,D,3,0.5-1,crushed_fraction_carbonated,Pb,ppb,6.587,2.066,6.587,2.066,,-1.1594836389611092,-68.63519052679521,numeric,numeric,positive_numeric_pair,"EN 12457-2, L/S=10 (as described in article)"
Trifyl_France_single_facility,S6,D3,cD3,D,3,0.5-1,crushed_fraction_carbonated,Li,ppb,81.74,38.49,81.74,38.49,,-0.7531450108404764,-52.911671152434536,numeric,numeric,positive_numeric_pair,"EN 12457-2, L/S=10 (as described in article)"
Trifyl_France_single_facility,S6,D3,cD3,D,3,0.5-1,crushed_fraction_carbonated,Ti,ppb,46.06,32.86,46.06,32.86,,-0.3376887817834171,-28.658271819366043,numeric,numeric,positive_numeric_pair,"EN 12457-2, L/S=10 (as described in article)"
Trifyl_France_single_facility,S6,D3,cD3,D,3,0.5-1,crushed_fraction_carbonated,V,ppb,1.67,34.07,1.67,34.07,,3.0155936052442116,1940.1197604790418,numeric,numeric,positive_numeric_pair,"EN 12457-2, L/S=10 (as described in article)"
Trifyl_France_single_facility,S6,D4,cD4,D,4,1-2,crushed_fraction_carbonated,EC,μS/cm,4070,197.7,4070.0,197.7,,-3.0246475482600697,-95.14250614250615,numeric,numeric,positive_numeric_pair,"EN 12457-2, L/S=10 (as described in article)"
Trifyl_France_single_facility,S6,D4,cD4,D,4,1-2,crushed_fraction_carbonated,pH,-,11.61,8.11,11.61,8.11,-3.5,,,numeric,numeric,numeric_pair_absolute_difference_pH,"EN 12457-2, L/S=10 (as described in article)"
Trifyl_France_single_facility,S6,D4,cD4,D,4,1-2,crushed_fraction_carbonated,Cr,ppb,88.17,32.12,88.17,32.12,,-1.009787880020375,-63.57037541113758,numeric,numeric,positive_numeric_pair,"EN 12457-2, L/S=10 (as described in article)"
Trifyl_France_single_facility,S6,D4,cD4,D,4,1-2,crushed_fraction_carbonated,Mn,ppb,144.88,4.24,144.88,4.24,,-3.5313425443312916,-97.07344008834899,numeric,numeric,positive_numeric_pair,"EN 12457-2, L/S=10 (as described in article)"
Trifyl_France_single_facility,S6,D4,cD4,D,4,1-2,crushed_fraction_carbonated,Fe,ppb,8115.97,55.34,8115.97,55.34,,-4.988093030177925,-99.31813449285791,numeric,numeric,positive_numeric_pair,"EN 12457-2, L/S=10 (as described in article)"
Trifyl_France_single_facility,S6,D4,cD4,D,4,1-2,crushed_fraction_carbonated,Co,ppb,4.23,0.30,4.23,0.3,,-2.6461747973841225,-92.90780141843972,numeric,numeric,positive_numeric_pair,"EN 12457-2, L/S=10 (as described in article)"
Trifyl_France_single_facility,S6,D4,cD4,D,4,1-2,crushed_fraction_carbonated,Ni,ppb,47.97,0.34,47.97,0.34,,-4.949385476885903,-99.29122368146759,numeric,numeric,positive_numeric_pair,"EN 12457-2, L/S=10 (as described in article)"
Trifyl_France_single_facility,S6,D4,cD4,D,4,1-2,crushed_fraction_carbonated,Cu,ppb,141.77,0.97,141.77,0.97,,-4.9846652336142485,-99.31579318614658,numeric,numeric,positive_numeric_pair,"EN 12457-2, L/S=10 (as described in article)"
Trifyl_France_single_facility,S6,D4,cD4,D,4,1-2,crushed_fraction_carbonated,Zn,ppb,1523.41,2.67,1523.41,2.67,,-6.346628049769131,-99.82473529778589,numeric,numeric,positive_numeric_pair,"EN 12457-2, L/S=10 (as described in article)"
Trifyl_France_single_facility,S6,D4,cD4,D,4,1-2,crushed_fraction_carbonated,As,ppb,75.38,4.58,75.38,4.58,,-2.800842989712896,-93.9241178031308,numeric,numeric,positive_numeric_pair,"EN 12457-2, L/S=10 (as described in article)"
Trifyl_France_single_facility,S6,D4,cD4,D,4,1-2,crushed_fraction_carbonated,Cd,ppb,0.50,0.04,0.5,0.04,,-2.5257286443082556,-92.0,numeric,numeric,positive_numeric_pair,"EN 12457-2, L/S=10 (as described in article)"
Trifyl_France_single_facility,S6,D4,cD4,D,4,1-2,crushed_fraction_carbonated,Sb,ppb,29.62,54.61,29.62,54.61,,0.6117672073244095,84.36866981769073,numeric,numeric,positive_numeric_pair,"EN 12457-2, L/S=10 (as described in article)"
Trifyl_France_single_facility,S6,D4,cD4,D,4,1-2,crushed_fraction_carbonated,Pb,ppb,32.016,0.155,32.016,0.155,,-5.330565939904268,-99.51586706646677,numeric,numeric,positive_numeric_pair,"EN 12457-2, L/S=10 (as described in article)"
Trifyl_France_single_facility,S6,D4,cD4,D,4,1-2,crushed_fraction_carbonated,Li,ppb,72.17,30.41,72.17,30.41,,-0.8642529453949086,-57.86337813495912,numeric,numeric,positive_numeric_pair,"EN 12457-2, L/S=10 (as described in article)"
Trifyl_France_single_facility,S6,D4,cD4,D,4,1-2,crushed_fraction_carbonated,Ti,ppb,171.41,8.60,171.41,8.6,,-2.9922961442595035,-94.98278980222857,numeric,numeric,positive_numeric_pair,"EN 12457-2, L/S=10 (as described in article)"
Trifyl_France_single_facility,S6,D4,cD4,D,4,1-2,crushed_fraction_carbonated,V,ppb,13.57,23.99,13.57,23.99,,0.5697756030048254,76.7870302137067,numeric,numeric,positive_numeric_pair,"EN 12457-2, L/S=10 (as described in article)"
Trifyl_France_single_facility,S8,A1,rA1,A,1,<0.25,uncrushed_raw_fraction_carbonated,F-,mg/L,13.59,1.26,13.59,1.26,,-2.378222507199666,-90.72847682119205,numeric,numeric,positive_numeric_pair,"EN 12457-2, L/S=10 (as described in article)"
Trifyl_France_single_facility,S8,A1,rA1,A,1,<0.25,uncrushed_raw_fraction_carbonated,Cl-,mg/L,98.69,2.86,98.69,2.86,,-3.5411619993521546,-97.10203668051474,numeric,numeric,positive_numeric_pair,"EN 12457-2, L/S=10 (as described in article)"
Trifyl_France_single_facility,S8,A1,rA1,A,1,<0.25,uncrushed_raw_fraction_carbonated,NO2-,mg/L,-,-,,,,,,dash_uninterpreted,dash_uninterpreted,not_estimable_censored_or_non_numeric,"EN 12457-2, L/S=10 (as described in article)"
Trifyl_France_single_facility,S8,A1,rA1,A,1,<0.25,uncrushed_raw_fraction_carbonated,Br-,mg/L,-,-,,,,,,dash_uninterpreted,dash_uninterpreted,not_estimable_censored_or_non_numeric,"EN 12457-2, L/S=10 (as described in article)"
Trifyl_France_single_facility,S8,A1,rA1,A,1,<0.25,uncrushed_raw_fraction_carbonated,NO3-,mg/L,-,-,,,,,,dash_uninterpreted,dash_uninterpreted,not_estimable_censored_or_non_numeric,"EN 12457-2, L/S=10 (as described in article)"
Trifyl_France_single_facility,S8,A1,rA1,A,1,<0.25,uncrushed_raw_fraction_carbonated,PO43-,mg/L,-,-,,,,,,dash_uninterpreted,dash_uninterpreted,not_estimable_censored_or_non_numeric,"EN 12457-2, L/S=10 (as described in article)"
Trifyl_France_single_facility,S8,A1,rA1,A,1,<0.25,uncrushed_raw_fraction_carbonated,SO42-,mg/L,64.86,1.68,64.86,1.68,,-3.6534373074640043,-97.40980573543015,numeric,numeric,positive_numeric_pair,"EN 12457-2, L/S=10 (as described in article)"
Trifyl_France_single_facility,S8,A1,rA1,A,1,<0.25,uncrushed_raw_fraction_carbonated,Na+,mg/L,207.07,8.55,207.07,8.55,,-3.1871256174032645,-95.87096151060028,numeric,numeric,positive_numeric_pair,"EN 12457-2, L/S=10 (as described in article)"
Trifyl_France_single_facility,S8,A1,rA1,A,1,<0.25,uncrushed_raw_fraction_carbonated,NH4+,mg/L,-,0.11,,0.11,,,,dash_uninterpreted,numeric,not_estimable_censored_or_non_numeric,"EN 12457-2, L/S=10 (as described in article)"
Trifyl_France_single_facility,S8,A1,rA1,A,1,<0.25,uncrushed_raw_fraction_carbonated,K+,mg/L,184.84,4.66,184.84,4.66,,-3.6804751378645113,-97.47890067085046,numeric,numeric,positive_numeric_pair,"EN 12457-2, L/S=10 (as described in article)"
Trifyl_France_single_facility,S8,A1,rA1,A,1,<0.25,uncrushed_raw_fraction_carbonated,Mg2+,mg/L,1.52,5.45,1.52,5.45,,1.2769052738169677,258.5526315789474,numeric,numeric,positive_numeric_pair,"EN 12457-2, L/S=10 (as described in article)"
Trifyl_France_single_facility,S8,A1,rA1,A,1,<0.25,uncrushed_raw_fraction_carbonated,Ca2+,mg/L,122.29,35.12,122.29,35.12,,-1.2476245044343628,-71.28138032545588,numeric,numeric,positive_numeric_pair,"EN 12457-2, L/S=10 (as described in article)"
Trifyl_France_single_facility,S8,A1,rA1,A,1,<0.25,uncrushed_raw_fraction_carbonated,Li+,mg/L,0.014,0.019,0.014,0.019,,0.30538164955118174,35.7142857142857,numeric,numeric,positive_numeric_pair,"EN 12457-2, L/S=10 (as described in article)"
Trifyl_France_single_facility,S8,A2,rA2,A,2,0.25-0.5,uncrushed_raw_fraction_carbonated,F-,mg/L,-,1.32,,1.32,,,,dash_uninterpreted,numeric,not_estimable_censored_or_non_numeric,"EN 12457-2, L/S=10 (as described in article)"
Trifyl_France_single_facility,S8,A2,rA2,A,2,0.25-0.5,uncrushed_raw_fraction_carbonated,Cl-,mg/L,73.51,10.56,73.51,10.56,,-1.9403481731078809,-85.63460753638961,numeric,numeric,positive_numeric_pair,"EN 12457-2, L/S=10 (as described in article)"
Trifyl_France_single_facility,S8,A2,rA2,A,2,0.25-0.5,uncrushed_raw_fraction_carbonated,NO2-,mg/L,-,-,,,,,,dash_uninterpreted,dash_uninterpreted,not_estimable_censored_or_non_numeric,"EN 12457-2, L/S=10 (as described in article)"
Trifyl_France_single_facility,S8,A2,rA2,A,2,0.25-0.5,uncrushed_raw_fraction_carbonated,Br-,mg/L,-,-,,,,,,dash_uninterpreted,dash_uninterpreted,not_estimable_censored_or_non_numeric,"EN 12457-2, L/S=10 (as described in article)"
Trifyl_France_single_facility,S8,A2,rA2,A,2,0.25-0.5,uncrushed_raw_fraction_carbonated,NO3-,mg/L,-,-,,,,,,dash_uninterpreted,dash_uninterpreted,not_estimable_censored_or_non_numeric,"EN 12457-2, L/S=10 (as described in article)"
Trifyl_France_single_facility,S8,A2,rA2,A,2,0.25-0.5,uncrushed_raw_fraction_carbonated,PO43-,mg/L,-,-,,,,,,dash_uninterpreted,dash_uninterpreted,not_estimable_censored_or_non_numeric,"EN 12457-2, L/S=10 (as described in article)"
Trifyl_France_single_facility,S8,A2,rA2,A,2,0.25-0.5,uncrushed_raw_fraction_carbonated,SO42-,mg/L,28.34,6.00,28.34,6.0,,-1.5525147650344793,-78.82851093860268,numeric,numeric,positive_numeric_pair,"EN 12457-2, L/S=10 (as described in article)"
Trifyl_France_single_facility,S8,A2,rA2,A,2,0.25-0.5,uncrushed_raw_fraction_carbonated,Na+,mg/L,130.27,8.46,130.27,8.46,,-2.734260046091341,-93.5057956551777,numeric,numeric,positive_numeric_pair,"EN 12457-2, L/S=10 (as described in article)"
Trifyl_France_single_facility,S8,A2,rA2,A,2,0.25-0.5,uncrushed_raw_fraction_carbonated,NH4+,mg/L,1.13,0.13,1.13,0.13,,-2.1624384612508036,-88.49557522123894,numeric,numeric,positive_numeric_pair,"EN 12457-2, L/S=10 (as described in article)"
Trifyl_France_single_facility,S8,A2,rA2,A,2,0.25-0.5,uncrushed_raw_fraction_carbonated,K+,mg/L,118.67,7.52,118.67,7.52,,-2.7587803937152993,-93.66309935114182,numeric,numeric,positive_numeric_pair,"EN 12457-2, L/S=10 (as described in article)"
Trifyl_France_single_facility,S8,A2,rA2,A,2,0.25-0.5,uncrushed_raw_fraction_carbonated,Mg2+,mg/L,0.02,0.70,0.02,0.7,,3.5553480614894135,3400.0,numeric,numeric,positive_numeric_pair,"EN 12457-2, L/S=10 (as described in article)"
Trifyl_France_single_facility,S8,A2,rA2,A,2,0.25-0.5,uncrushed_raw_fraction_carbonated,Ca2+,mg/L,93.73,39.55,93.73,39.55,,-0.8628526145447316,-57.804331590739366,numeric,numeric,positive_numeric_pair,"EN 12457-2, L/S=10 (as described in article)"
Trifyl_France_single_facility,S8,A2,rA2,A,2,0.25-0.5,uncrushed_raw_fraction_carbonated,Li+,mg/L,-,0.005,,0.005,,,,dash_uninterpreted,numeric,not_estimable_censored_or_non_numeric,"EN 12457-2, L/S=10 (as described in article)"
Trifyl_France_single_facility,S8,A3,rA3,A,3,0.5-1,uncrushed_raw_fraction_carbonated,F-,mg/L,-,4.06,,4.06,,,,dash_uninterpreted,numeric,not_estimable_censored_or_non_numeric,"EN 12457-2, L/S=10 (as described in article)"
Trifyl_France_single_facility,S8,A3,rA3,A,3,0.5-1,uncrushed_raw_fraction_carbonated,Cl-,mg/L,75.77,37.64,75.77,37.64,,-0.699635121226103,-50.32334697109674,numeric,numeric,positive_numeric_pair,"EN 12457-2, L/S=10 (as described in article)"
Trifyl_France_single_facility,S8,A3,rA3,A,3,0.5-1,uncrushed_raw_fraction_carbonated,NO2-,mg/L,-,-,,,,,,dash_uninterpreted,dash_uninterpreted,not_estimable_censored_or_non_numeric,"EN 12457-2, L/S=10 (as described in article)"
Trifyl_France_single_facility,S8,A3,rA3,A,3,0.5-1,uncrushed_raw_fraction_carbonated,Br-,mg/L,-,-,,,,,,dash_uninterpreted,dash_uninterpreted,not_estimable_censored_or_non_numeric,"EN 12457-2, L/S=10 (as described in article)"
Trifyl_France_single_facility,S8,A3,rA3,A,3,0.5-1,uncrushed_raw_fraction_carbonated,NO3-,mg/L,-,0.26,,0.26,,,,dash_uninterpreted,numeric,not_estimable_censored_or_non_numeric,"EN 12457-2, L/S=10 (as described in article)"
Trifyl_France_single_facility,S8,A3,rA3,A,3,0.5-1,uncrushed_raw_fraction_carbonated,PO43-,mg/L,-,-,,,,,,dash_uninterpreted,dash_uninterpreted,not_estimable_censored_or_non_numeric,"EN 12457-2, L/S=10 (as described in article)"
Trifyl_France_single_facility,S8,A3,rA3,A,3,0.5-1,uncrushed_raw_fraction_carbonated,SO42-,mg/L,24.75,16.90,24.75,16.9,,-0.3815118670856716,-31.717171717171723,numeric,numeric,positive_numeric_pair,"EN 12457-2, L/S=10 (as described in article)"
Trifyl_France_single_facility,S8,A3,rA3,A,3,0.5-1,uncrushed_raw_fraction_carbonated,Na+,mg/L,133.43,-1.07,133.43,-1.07,,,,numeric,numeric,numeric_pair_nonpositive_not_log_transformed,"EN 12457-2, L/S=10 (as described in article)"
Trifyl_France_single_facility,S8,A3,rA3,A,3,0.5-1,uncrushed_raw_fraction_carbonated,NH4+,mg/L,-,-,,,,,,dash_uninterpreted,dash_uninterpreted,not_estimable_censored_or_non_numeric,"EN 12457-2, L/S=10 (as described in article)"
Trifyl_France_single_facility,S8,A3,rA3,A,3,0.5-1,uncrushed_raw_fraction_carbonated,K+,mg/L,122.52,11.23,122.52,11.23,,-2.3896855132142227,-90.8341495266079,numeric,numeric,positive_numeric_pair,"EN 12457-2, L/S=10 (as described in article)"
Trifyl_France_single_facility,S8,A3,rA3,A,3,0.5-1,uncrushed_raw_fraction_carbonated,Mg2+,mg/L,0.53,0.19,0.53,0.19,,-1.0258529343856815,-64.15094339622642,numeric,numeric,positive_numeric_pair,"EN 12457-2, L/S=10 (as described in article)"
Trifyl_France_single_facility,S8,A3,rA3,A,3,0.5-1,uncrushed_raw_fraction_carbonated,Ca2+,mg/L,85.94,99.55,85.94,99.55,,0.14701065216335626,15.83663020712125,numeric,numeric,positive_numeric_pair,"EN 12457-2, L/S=10 (as described in article)"
Trifyl_France_single_facility,S8,A3,rA3,A,3,0.5-1,uncrushed_raw_fraction_carbonated,Li+,mg/L,-,-,,,,,,dash_uninterpreted,dash_uninterpreted,not_estimable_censored_or_non_numeric,"EN 12457-2, L/S=10 (as described in article)"
Trifyl_France_single_facility,S8,A4,rA4,A,4,1-2,uncrushed_raw_fraction_carbonated,F-,mg/L,9.84,4.24,9.84,4.24,,-0.8418924418202957,-56.91056910569105,numeric,numeric,positive_numeric_pair,"EN 12457-2, L/S=10 (as described in article)"
Trifyl_France_single_facility,S8,A4,rA4,A,4,1-2,uncrushed_raw_fraction_carbonated,Cl-,mg/L,107.26,9.05,107.26,9.05,,-2.4724910358429444,-91.5625582696252,numeric,numeric,positive_numeric_pair,"EN 12457-2, L/S=10 (as described in article)"
Trifyl_France_single_facility,S8,A4,rA4,A,4,1-2,uncrushed_raw_fraction_carbonated,NO2-,mg/L,-,-,,,,,,dash_uninterpreted,dash_uninterpreted,not_estimable_censored_or_non_numeric,"EN 12457-2, L/S=10 (as described in article)"
Trifyl_France_single_facility,S8,A4,rA4,A,4,1-2,uncrushed_raw_fraction_carbonated,Br-,mg/L,-,-,,,,,,dash_uninterpreted,dash_uninterpreted,not_estimable_censored_or_non_numeric,"EN 12457-2, L/S=10 (as described in article)"
Trifyl_France_single_facility,S8,A4,rA4,A,4,1-2,uncrushed_raw_fraction_carbonated,NO3-,mg/L,-,0.51,,0.51,,,,dash_uninterpreted,numeric,not_estimable_censored_or_non_numeric,"EN 12457-2, L/S=10 (as described in article)"
Trifyl_France_single_facility,S8,A4,rA4,A,4,1-2,uncrushed_raw_fraction_carbonated,PO43-,mg/L,-,-,,,,,,dash_uninterpreted,dash_uninterpreted,not_estimable_censored_or_non_numeric,"EN 12457-2, L/S=10 (as described in article)"
Trifyl_France_single_facility,S8,A4,rA4,A,4,1-2,uncrushed_raw_fraction_carbonated,SO42-,mg/L,27.94,10.30,27.94,10.3,,-0.9979154585932256,-63.13528990694345,numeric,numeric,positive_numeric_pair,"EN 12457-2, L/S=10 (as described in article)"
Trifyl_France_single_facility,S8,A4,rA4,A,4,1-2,uncrushed_raw_fraction_carbonated,Na+,mg/L,122.35,-0.06,122.35,-0.06,,,,numeric,numeric,numeric_pair_nonpositive_not_log_transformed,"EN 12457-2, L/S=10 (as described in article)"
Trifyl_France_single_facility,S8,A4,rA4,A,4,1-2,uncrushed_raw_fraction_carbonated,NH4+,mg/L,0.71,0.22,0.71,0.22,,-1.1716374236829994,-69.01408450704226,numeric,numeric,positive_numeric_pair,"EN 12457-2, L/S=10 (as described in article)"
Trifyl_France_single_facility,S8,A4,rA4,A,4,1-2,uncrushed_raw_fraction_carbonated,K+,mg/L,111.67,7.34,111.67,7.34,,-2.7222092508312765,-93.42706187874988,numeric,numeric,positive_numeric_pair,"EN 12457-2, L/S=10 (as described in article)"
Trifyl_France_single_facility,S8,A4,rA4,A,4,1-2,uncrushed_raw_fraction_carbonated,Mg2+,mg/L,-0.04,1.42,-0.04,1.42,,,,numeric,numeric,numeric_pair_nonpositive_not_log_transformed,"EN 12457-2, L/S=10 (as described in article)"
Trifyl_France_single_facility,S8,A4,rA4,A,4,1-2,uncrushed_raw_fraction_carbonated,Ca2+,mg/L,80.34,9.46,80.34,9.46,,-2.139195245867349,-88.22504356484939,numeric,numeric,positive_numeric_pair,"EN 12457-2, L/S=10 (as described in article)"
Trifyl_France_single_facility,S8,A4,rA4,A,4,1-2,uncrushed_raw_fraction_carbonated,Li+,mg/L,-,-,,,,,,dash_uninterpreted,dash_uninterpreted,not_estimable_censored_or_non_numeric,"EN 12457-2, L/S=10 (as described in article)"
Trifyl_France_single_facility,S8,B1,rB1,B,1,<0.25,uncrushed_raw_fraction_carbonated,F-,mg/L,-,2.02,,2.02,,,,dash_uninterpreted,numeric,not_estimable_censored_or_non_numeric,"EN 12457-2, L/S=10 (as described in article)"
Trifyl_France_single_facility,S8,B1,rB1,B,1,<0.25,uncrushed_raw_fraction_carbonated,Cl-,mg/L,75.00,2.76,75.0,2.76,,-3.302257433807252,-96.32000000000001,numeric,numeric,positive_numeric_pair,"EN 12457-2, L/S=10 (as described in article)"
Trifyl_France_single_facility,S8,B1,rB1,B,1,<0.25,uncrushed_raw_fraction_carbonated,NO2-,mg/L,-,-,,,,,,dash_uninterpreted,dash_uninterpreted,not_estimable_censored_or_non_numeric,"EN 12457-2, L/S=10 (as described in article)"
Trifyl_France_single_facility,S8,B1,rB1,B,1,<0.25,uncrushed_raw_fraction_carbonated,Br-,mg/L,-,-,,,,,,dash_uninterpreted,dash_uninterpreted,not_estimable_censored_or_non_numeric,"EN 12457-2, L/S=10 (as described in article)"
Trifyl_France_single_facility,S8,B1,rB1,B,1,<0.25,uncrushed_raw_fraction_carbonated,NO3-,mg/L,-,-,,,,,,dash_uninterpreted,dash_uninterpreted,not_estimable_censored_or_non_numeric,"EN 12457-2, L/S=10 (as described in article)"
Trifyl_France_single_facility,S8,B1,rB1,B,1,<0.25,uncrushed_raw_fraction_carbonated,PO43-,mg/L,-,-,,,,,,dash_uninterpreted,dash_uninterpreted,not_estimable_censored_or_non_numeric,"EN 12457-2, L/S=10 (as described in article)"
Trifyl_France_single_facility,S8,B1,rB1,B,1,<0.25,uncrushed_raw_fraction_carbonated,SO42-,mg/L,21.95,3.53,21.95,3.53,,-1.827469268575975,-83.91799544419133,numeric,numeric,positive_numeric_pair,"EN 12457-2, L/S=10 (as described in article)"
Trifyl_France_single_facility,S8,B1,rB1,B,1,<0.25,uncrushed_raw_fraction_carbonated,Na+,mg/L,213.74,-0.31,213.74,-0.31,,,,numeric,numeric,numeric_pair_nonpositive_not_log_transformed,"EN 12457-2, L/S=10 (as described in article)"
Trifyl_France_single_facility,S8,B1,rB1,B,1,<0.25,uncrushed_raw_fraction_carbonated,NH4+,mg/L,2.64,-,2.64,,,,,numeric,dash_uninterpreted,not_estimable_censored_or_non_numeric,"EN 12457-2, L/S=10 (as described in article)"
Trifyl_France_single_facility,S8,B1,rB1,B,1,<0.25,uncrushed_raw_fraction_carbonated,K+,mg/L,154.52,1.29,154.52,1.29,,-4.7856813194245,-99.16515661403055,numeric,numeric,positive_numeric_pair,"EN 12457-2, L/S=10 (as described in article)"
Trifyl_France_single_facility,S8,B1,rB1,B,1,<0.25,uncrushed_raw_fraction_carbonated,Mg2+,mg/L,-0.02,0.68,-0.02,0.68,,,,numeric,numeric,numeric_pair_nonpositive_not_log_transformed,"EN 12457-2, L/S=10 (as described in article)"
Trifyl_France_single_facility,S8,B1,rB1,B,1,<0.25,uncrushed_raw_fraction_carbonated,Ca2+,mg/L,34.11,5.40,34.11,5.4,,-1.8431916428603257,-84.1688654353562,numeric,numeric,positive_numeric_pair,"EN 12457-2, L/S=10 (as described in article)"
Trifyl_France_single_facility,S8,B1,rB1,B,1,<0.25,uncrushed_raw_fraction_carbonated,Li+,mg/L,-,0.011,,0.011,,,,dash_uninterpreted,numeric,not_estimable_censored_or_non_numeric,"EN 12457-2, L/S=10 (as described in article)"
Trifyl_France_single_facility,S8,B2,rB2,B,2,0.25-0.5,uncrushed_raw_fraction_carbonated,F-,mg/L,-,2.65,,2.65,,,,dash_uninterpreted,numeric,not_estimable_censored_or_non_numeric,"EN 12457-2, L/S=10 (as described in article)"
Trifyl_France_single_facility,S8,B2,rB2,B,2,0.25-0.5,uncrushed_raw_fraction_carbonated,Cl-,mg/L,1.84,35.33,1.84,35.33,,2.9549668897501595,1820.1086956521738,numeric,numeric,positive_numeric_pair,"EN 12457-2, L/S=10 (as described in article)"
Trifyl_France_single_facility,S8,B2,rB2,B,2,0.25-0.5,uncrushed_raw_fraction_carbonated,NO2-,mg/L,-,-,,,,,,dash_uninterpreted,dash_uninterpreted,not_estimable_censored_or_non_numeric,"EN 12457-2, L/S=10 (as described in article)"
Trifyl_France_single_facility,S8,B2,rB2,B,2,0.25-0.5,uncrushed_raw_fraction_carbonated,Br-,mg/L,-,-,,,,,,dash_uninterpreted,dash_uninterpreted,not_estimable_censored_or_non_numeric,"EN 12457-2, L/S=10 (as described in article)"
Trifyl_France_single_facility,S8,B2,rB2,B,2,0.25-0.5,uncrushed_raw_fraction_carbonated,NO3-,mg/L,2.90,-,2.9,,,,,numeric,dash_uninterpreted,not_estimable_censored_or_non_numeric,"EN 12457-2, L/S=10 (as described in article)"
Trifyl_France_single_facility,S8,B2,rB2,B,2,0.25-0.5,uncrushed_raw_fraction_carbonated,PO43-,mg/L,10.80,-,10.8,,,,,numeric,dash_uninterpreted,not_estimable_censored_or_non_numeric,"EN 12457-2, L/S=10 (as described in article)"
Trifyl_France_single_facility,S8,B2,rB2,B,2,0.25-0.5,uncrushed_raw_fraction_carbonated,SO42-,mg/L,10.05,11.41,10.05,11.41,,0.12691752936889944,13.532338308457703,numeric,numeric,positive_numeric_pair,"EN 12457-2, L/S=10 (as described in article)"
Trifyl_France_single_facility,S8,B2,rB2,B,2,0.25-0.5,uncrushed_raw_fraction_carbonated,Na+,mg/L,160.11,-0.35,160.11,-0.35,,,,numeric,numeric,numeric_pair_nonpositive_not_log_transformed,"EN 12457-2, L/S=10 (as described in article)"
Trifyl_France_single_facility,S8,B2,rB2,B,2,0.25-0.5,uncrushed_raw_fraction_carbonated,NH4+,mg/L,1.44,-,1.44,,,,,numeric,dash_uninterpreted,not_estimable_censored_or_non_numeric,"EN 12457-2, L/S=10 (as described in article)"
Trifyl_France_single_facility,S8,B2,rB2,B,2,0.25-0.5,uncrushed_raw_fraction_carbonated,K+,mg/L,116.42,2.26,116.42,2.26,,-3.9418395285593952,-98.05875279161657,numeric,numeric,positive_numeric_pair,"EN 12457-2, L/S=10 (as described in article)"
Trifyl_France_single_facility,S8,B2,rB2,B,2,0.25-0.5,uncrushed_raw_fraction_carbonated,Mg2+,mg/L,3.03,0.56,3.03,0.56,,-1.6883811147742198,-81.51815181518151,numeric,numeric,positive_numeric_pair,"EN 12457-2, L/S=10 (as described in article)"
Trifyl_France_single_facility,S8,B2,rB2,B,2,0.25-0.5,uncrushed_raw_fraction_carbonated,Ca2+,mg/L,37.69,21.83,37.69,21.83,,-0.5461096367171916,-42.08012735473601,numeric,numeric,positive_numeric_pair,"EN 12457-2, L/S=10 (as described in article)"
Trifyl_France_single_facility,S8,B2,rB2,B,2,0.25-0.5,uncrushed_raw_fraction_carbonated,Li+,mg/L,-,-,,,,,,dash_uninterpreted,dash_uninterpreted,not_estimable_censored_or_non_numeric,"EN 12457-2, L/S=10 (as described in article)"
Trifyl_France_single_facility,S8,B3,rB3,B,3,0.5-1,uncrushed_raw_fraction_carbonated,F-,mg/L,-,4.29,,4.29,,,,dash_uninterpreted,numeric,not_estimable_censored_or_non_numeric,"EN 12457-2, L/S=10 (as described in article)"
Trifyl_France_single_facility,S8,B3,rB3,B,3,0.5-1,uncrushed_raw_fraction_carbonated,Cl-,mg/L,14.04,39.75,14.04,39.75,,1.0406994425026759,183.11965811965814,numeric,numeric,positive_numeric_pair,"EN 12457-2, L/S=10 (as described in article)"
Trifyl_France_single_facility,S8,B3,rB3,B,3,0.5-1,uncrushed_raw_fraction_carbonated,NO2-,mg/L,-,-,,,,,,dash_uninterpreted,dash_uninterpreted,not_estimable_censored_or_non_numeric,"EN 12457-2, L/S=10 (as described in article)"
Trifyl_France_single_facility,S8,B3,rB3,B,3,0.5-1,uncrushed_raw_fraction_carbonated,Br-,mg/L,-,-,,,,,,dash_uninterpreted,dash_uninterpreted,not_estimable_censored_or_non_numeric,"EN 12457-2, L/S=10 (as described in article)"
Trifyl_France_single_facility,S8,B3,rB3,B,3,0.5-1,uncrushed_raw_fraction_carbonated,NO3-,mg/L,-,0.30,,0.3,,,,dash_uninterpreted,numeric,not_estimable_censored_or_non_numeric,"EN 12457-2, L/S=10 (as described in article)"
Trifyl_France_single_facility,S8,B3,rB3,B,3,0.5-1,uncrushed_raw_fraction_carbonated,PO43-,mg/L,-,-,,,,,,dash_uninterpreted,dash_uninterpreted,not_estimable_censored_or_non_numeric,"EN 12457-2, L/S=10 (as described in article)"
Trifyl_France_single_facility,S8,B3,rB3,B,3,0.5-1,uncrushed_raw_fraction_carbonated,SO42-,mg/L,4.71,12.77,4.71,12.77,,0.9974107620161216,171.12526539278133,numeric,numeric,positive_numeric_pair,"EN 12457-2, L/S=10 (as described in article)"
Trifyl_France_single_facility,S8,B3,rB3,B,3,0.5-1,uncrushed_raw_fraction_carbonated,Na+,mg/L,138.49,-0.71,138.49,-0.71,,,,numeric,numeric,numeric_pair_nonpositive_not_log_transformed,"EN 12457-2, L/S=10 (as described in article)"
Trifyl_France_single_facility,S8,B3,rB3,B,3,0.5-1,uncrushed_raw_fraction_carbonated,NH4+,mg/L,1.44,-,1.44,,,,,numeric,dash_uninterpreted,not_estimable_censored_or_non_numeric,"EN 12457-2, L/S=10 (as described in article)"
Trifyl_France_single_facility,S8,B3,rB3,B,3,0.5-1,uncrushed_raw_fraction_carbonated,K+,mg/L,106.92,7.36,106.92,7.36,,-2.6760209585299335,-93.11634867190422,numeric,numeric,positive_numeric_pair,"EN 12457-2, L/S=10 (as described in article)"
Trifyl_France_single_facility,S8,B3,rB3,B,3,0.5-1,uncrushed_raw_fraction_carbonated,Mg2+,mg/L,0.25,0.10,0.25,0.1,,-0.916290731874155,-60.0,numeric,numeric,positive_numeric_pair,"EN 12457-2, L/S=10 (as described in article)"
Trifyl_France_single_facility,S8,B3,rB3,B,3,0.5-1,uncrushed_raw_fraction_carbonated,Ca2+,mg/L,38.04,50.25,38.04,50.25,,0.2783723092619956,32.09779179810725,numeric,numeric,positive_numeric_pair,"EN 12457-2, L/S=10 (as described in article)"
Trifyl_France_single_facility,S8,B3,rB3,B,3,0.5-1,uncrushed_raw_fraction_carbonated,Li+,mg/L,-,-,,,,,,dash_uninterpreted,dash_uninterpreted,not_estimable_censored_or_non_numeric,"EN 12457-2, L/S=10 (as described in article)"
Trifyl_France_single_facility,S8,B4,rB4,B,4,1-2,uncrushed_raw_fraction_carbonated,F-,mg/L,-,2.51,,2.51,,,,dash_uninterpreted,numeric,not_estimable_censored_or_non_numeric,"EN 12457-2, L/S=10 (as described in article)"
Trifyl_France_single_facility,S8,B4,rB4,B,4,1-2,uncrushed_raw_fraction_carbonated,Cl-,mg/L,76.63,7.43,76.63,7.43,,-2.333462786252645,-90.30405846274306,numeric,numeric,positive_numeric_pair,"EN 12457-2, L/S=10 (as described in article)"
Trifyl_France_single_facility,S8,B4,rB4,B,4,1-2,uncrushed_raw_fraction_carbonated,NO2-,mg/L,-,-,,,,,,dash_uninterpreted,dash_uninterpreted,not_estimable_censored_or_non_numeric,"EN 12457-2, L/S=10 (as described in article)"
Trifyl_France_single_facility,S8,B4,rB4,B,4,1-2,uncrushed_raw_fraction_carbonated,Br-,mg/L,-,-,,,,,,dash_uninterpreted,dash_uninterpreted,not_estimable_censored_or_non_numeric,"EN 12457-2, L/S=10 (as described in article)"
Trifyl_France_single_facility,S8,B4,rB4,B,4,1-2,uncrushed_raw_fraction_carbonated,NO3-,mg/L,1.53,-,1.53,,,,,numeric,dash_uninterpreted,not_estimable_censored_or_non_numeric,"EN 12457-2, L/S=10 (as described in article)"
Trifyl_France_single_facility,S8,B4,rB4,B,4,1-2,uncrushed_raw_fraction_carbonated,PO43-,mg/L,-,-,,,,,,dash_uninterpreted,dash_uninterpreted,not_estimable_censored_or_non_numeric,"EN 12457-2, L/S=10 (as described in article)"
Trifyl_France_single_facility,S8,B4,rB4,B,4,1-2,uncrushed_raw_fraction_carbonated,SO42-,mg/L,11.59,8.45,11.59,8.45,,-0.31597621598257786,-27.092320966350304,numeric,numeric,positive_numeric_pair,"EN 12457-2, L/S=10 (as described in article)"
Trifyl_France_single_facility,S8,B4,rB4,B,4,1-2,uncrushed_raw_fraction_carbonated,Na+,mg/L,100.87,-0.56,100.87,-0.56,,,,numeric,numeric,numeric_pair_nonpositive_not_log_transformed,"EN 12457-2, L/S=10 (as described in article)"
Trifyl_France_single_facility,S8,B4,rB4,B,4,1-2,uncrushed_raw_fraction_carbonated,NH4+,mg/L,1.31,-,1.31,,,,,numeric,dash_uninterpreted,not_estimable_censored_or_non_numeric,"EN 12457-2, L/S=10 (as described in article)"
Trifyl_France_single_facility,S8,B4,rB4,B,4,1-2,uncrushed_raw_fraction_carbonated,K+,mg/L,86.76,7.13,86.76,7.13,,-2.498834451532469,-91.78192715537114,numeric,numeric,positive_numeric_pair,"EN 12457-2, L/S=10 (as described in article)"
Trifyl_France_single_facility,S8,B4,rB4,B,4,1-2,uncrushed_raw_fraction_carbonated,Mg2+,mg/L,0.08,0.24,0.08,0.24,,1.0986122886681098,200.0,numeric,numeric,positive_numeric_pair,"EN 12457-2, L/S=10 (as described in article)"
Trifyl_France_single_facility,S8,B4,rB4,B,4,1-2,uncrushed_raw_fraction_carbonated,Ca2+,mg/L,71.87,33.80,71.87,33.8,,-0.7543981289913784,-52.970641435925984,numeric,numeric,positive_numeric_pair,"EN 12457-2, L/S=10 (as described in article)"
Trifyl_France_single_facility,S8,B4,rB4,B,4,1-2,uncrushed_raw_fraction_carbonated,Li+,mg/L,-,0.001,,0.001,,,,dash_uninterpreted,numeric,not_estimable_censored_or_non_numeric,"EN 12457-2, L/S=10 (as described in article)"
Trifyl_France_single_facility,S8,C1,rC1,C,1,<0.25,uncrushed_raw_fraction_carbonated,F-,mg/L,-,2.03,,2.03,,,,dash_uninterpreted,numeric,not_estimable_censored_or_non_numeric,"EN 12457-2, L/S=10 (as described in article)"
Trifyl_France_single_facility,S8,C1,rC1,C,1,<0.25,uncrushed_raw_fraction_carbonated,Cl-,mg/L,13.65,4.25,13.65,4.25,,-1.1668205386946433,-68.86446886446886,numeric,numeric,positive_numeric_pair,"EN 12457-2, L/S=10 (as described in article)"
Trifyl_France_single_facility,S8,C1,rC1,C,1,<0.25,uncrushed_raw_fraction_carbonated,NO2-,mg/L,-,-,,,,,,dash_uninterpreted,dash_uninterpreted,not_estimable_censored_or_non_numeric,"EN 12457-2, L/S=10 (as described in article)"
Trifyl_France_single_facility,S8,C1,rC1,C,1,<0.25,uncrushed_raw_fraction_carbonated,Br-,mg/L,-,-,,,,,,dash_uninterpreted,dash_uninterpreted,not_estimable_censored_or_non_numeric,"EN 12457-2, L/S=10 (as described in article)"
Trifyl_France_single_facility,S8,C1,rC1,C,1,<0.25,uncrushed_raw_fraction_carbonated,NO3-,mg/L,-,-,,,,,,dash_uninterpreted,dash_uninterpreted,not_estimable_censored_or_non_numeric,"EN 12457-2, L/S=10 (as described in article)"
Trifyl_France_single_facility,S8,C1,rC1,C,1,<0.25,uncrushed_raw_fraction_carbonated,PO43-,mg/L,-,-,,,,,,dash_uninterpreted,dash_uninterpreted,not_estimable_censored_or_non_numeric,"EN 12457-2, L/S=10 (as described in article)"
Trifyl_France_single_facility,S8,C1,rC1,C,1,<0.25,uncrushed_raw_fraction_carbonated,SO42-,mg/L,-,5.08,,5.08,,,,dash_uninterpreted,numeric,not_estimable_censored_or_non_numeric,"EN 12457-2, L/S=10 (as described in article)"
Trifyl_France_single_facility,S8,C1,rC1,C,1,<0.25,uncrushed_raw_fraction_carbonated,Na+,mg/L,228.06,7.93,228.06,7.93,,-3.358955716582456,-96.5228448653863,numeric,numeric,positive_numeric_pair,"EN 12457-2, L/S=10 (as described in article)"
Trifyl_France_single_facility,S8,C1,rC1,C,1,<0.25,uncrushed_raw_fraction_carbonated,NH4+,mg/L,1.60,0.18,1.6,0.18,,-2.1848020573376625,-88.75,numeric,numeric,positive_numeric_pair,"EN 12457-2, L/S=10 (as described in article)"
Trifyl_France_single_facility,S8,C1,rC1,C,1,<0.25,uncrushed_raw_fraction_carbonated,K+,mg/L,189.12,5.47,189.12,5.47,,-3.5431031177838435,-97.1076565143824,numeric,numeric,positive_numeric_pair,"EN 12457-2, L/S=10 (as described in article)"
Trifyl_France_single_facility,S8,C1,rC1,C,1,<0.25,uncrushed_raw_fraction_carbonated,Mg2+,mg/L,0.39,3.92,0.39,3.92,,2.307700193660816,905.1282051282051,numeric,numeric,positive_numeric_pair,"EN 12457-2, L/S=10 (as described in article)"
Trifyl_France_single_facility,S8,C1,rC1,C,1,<0.25,uncrushed_raw_fraction_carbonated,Ca2+,mg/L,105.07,48.29,105.07,48.29,,-0.7774022948152334,-54.040163700390224,numeric,numeric,positive_numeric_pair,"EN 12457-2, L/S=10 (as described in article)"
Trifyl_France_single_facility,S8,C1,rC1,C,1,<0.25,uncrushed_raw_fraction_carbonated,Li+,mg/L,-,0.011,,0.011,,,,dash_uninterpreted,numeric,not_estimable_censored_or_non_numeric,"EN 12457-2, L/S=10 (as described in article)"
Trifyl_France_single_facility,S8,C2,rC2,C,2,0.25-0.5,uncrushed_raw_fraction_carbonated,F-,mg/L,-,4.22,,4.22,,,,dash_uninterpreted,numeric,not_estimable_censored_or_non_numeric,"EN 12457-2, L/S=10 (as described in article)"
Trifyl_France_single_facility,S8,C2,rC2,C,2,0.25-0.5,uncrushed_raw_fraction_carbonated,Cl-,mg/L,19.75,61.06,19.75,61.06,,1.128703495959601,209.16455696202533,numeric,numeric,positive_numeric_pair,"EN 12457-2, L/S=10 (as described in article)"
Trifyl_France_single_facility,S8,C2,rC2,C,2,0.25-0.5,uncrushed_raw_fraction_carbonated,NO2-,mg/L,-,-,,,,,,dash_uninterpreted,dash_uninterpreted,not_estimable_censored_or_non_numeric,"EN 12457-2, L/S=10 (as described in article)"
Trifyl_France_single_facility,S8,C2,rC2,C,2,0.25-0.5,uncrushed_raw_fraction_carbonated,Br-,mg/L,-,-,,,,,,dash_uninterpreted,dash_uninterpreted,not_estimable_censored_or_non_numeric,"EN 12457-2, L/S=10 (as described in article)"
Trifyl_France_single_facility,S8,C2,rC2,C,2,0.25-0.5,uncrushed_raw_fraction_carbonated,NO3-,mg/L,-,-,,,,,,dash_uninterpreted,dash_uninterpreted,not_estimable_censored_or_non_numeric,"EN 12457-2, L/S=10 (as described in article)"
Trifyl_France_single_facility,S8,C2,rC2,C,2,0.25-0.5,uncrushed_raw_fraction_carbonated,PO43-,mg/L,-,-,,,,,,dash_uninterpreted,dash_uninterpreted,not_estimable_censored_or_non_numeric,"EN 12457-2, L/S=10 (as described in article)"
Trifyl_France_single_facility,S8,C2,rC2,C,2,0.25-0.5,uncrushed_raw_fraction_carbonated,SO42-,mg/L,6.97,28.51,6.97,28.51,,1.4086396781521482,309.038737446198,numeric,numeric,positive_numeric_pair,"EN 12457-2, L/S=10 (as described in article)"
Trifyl_France_single_facility,S8,C2,rC2,C,2,0.25-0.5,uncrushed_raw_fraction_carbonated,Na+,mg/L,180.19,-0.89,180.19,-0.89,,,,numeric,numeric,numeric_pair_nonpositive_not_log_transformed,"EN 12457-2, L/S=10 (as described in article)"
Trifyl_France_single_facility,S8,C2,rC2,C,2,0.25-0.5,uncrushed_raw_fraction_carbonated,NH4+,mg/L,1.02,-,1.02,,,,,numeric,dash_uninterpreted,not_estimable_censored_or_non_numeric,"EN 12457-2, L/S=10 (as described in article)"
Trifyl_France_single_facility,S8,C2,rC2,C,2,0.25-0.5,uncrushed_raw_fraction_carbonated,K+,mg/L,152.96,10.66,152.96,10.66,,-2.663678030565393,-93.03085774058577,numeric,numeric,positive_numeric_pair,"EN 12457-2, L/S=10 (as described in article)"
Trifyl_France_single_facility,S8,C2,rC2,C,2,0.25-0.5,uncrushed_raw_fraction_carbonated,Mg2+,mg/L,0.34,0.35,0.34,0.35,,0.028987536873252187,2.941176470588225,numeric,numeric,positive_numeric_pair,"EN 12457-2, L/S=10 (as described in article)"
Trifyl_France_single_facility,S8,C2,rC2,C,2,0.25-0.5,uncrushed_raw_fraction_carbonated,Ca2+,mg/L,101.23,106.91,101.23,106.91,,0.054592203414748214,5.610984885903392,numeric,numeric,positive_numeric_pair,"EN 12457-2, L/S=10 (as described in article)"
Trifyl_France_single_facility,S8,C2,rC2,C,2,0.25-0.5,uncrushed_raw_fraction_carbonated,Li+,mg/L,-,-,,,,,,dash_uninterpreted,dash_uninterpreted,not_estimable_censored_or_non_numeric,"EN 12457-2, L/S=10 (as described in article)"
Trifyl_France_single_facility,S8,C3,rC3,C,3,0.5-1,uncrushed_raw_fraction_carbonated,F-,mg/L,-,4.90,,4.9,,,,dash_uninterpreted,numeric,not_estimable_censored_or_non_numeric,"EN 12457-2, L/S=10 (as described in article)"
Trifyl_France_single_facility,S8,C3,rC3,C,3,0.5-1,uncrushed_raw_fraction_carbonated,Cl-,mg/L,251.29,30.89,251.29,30.89,,-2.096175143751286,-87.70742966293923,numeric,numeric,positive_numeric_pair,"EN 12457-2, L/S=10 (as described in article)"
Trifyl_France_single_facility,S8,C3,rC3,C,3,0.5-1,uncrushed_raw_fraction_carbonated,NO2-,mg/L,-,-,,,,,,dash_uninterpreted,dash_uninterpreted,not_estimable_censored_or_non_numeric,"EN 12457-2, L/S=10 (as described in article)"
Trifyl_France_single_facility,S8,C3,rC3,C,3,0.5-1,uncrushed_raw_fraction_carbonated,Br-,mg/L,-,-,,,,,,dash_uninterpreted,dash_uninterpreted,not_estimable_censored_or_non_numeric,"EN 12457-2, L/S=10 (as described in article)"
Trifyl_France_single_facility,S8,C3,rC3,C,3,0.5-1,uncrushed_raw_fraction_carbonated,NO3-,mg/L,-,-,,,,,,dash_uninterpreted,dash_uninterpreted,not_estimable_censored_or_non_numeric,"EN 12457-2, L/S=10 (as described in article)"
Trifyl_France_single_facility,S8,C3,rC3,C,3,0.5-1,uncrushed_raw_fraction_carbonated,PO43-,mg/L,-,-,,,,,,dash_uninterpreted,dash_uninterpreted,not_estimable_censored_or_non_numeric,"EN 12457-2, L/S=10 (as described in article)"
Trifyl_France_single_facility,S8,C3,rC3,C,3,0.5-1,uncrushed_raw_fraction_carbonated,SO42-,mg/L,42.58,8.26,42.58,8.26,,-1.6399600719324468,-80.6012212306247,numeric,numeric,positive_numeric_pair,"EN 12457-2, L/S=10 (as described in article)"
Trifyl_France_single_facility,S8,C3,rC3,C,3,0.5-1,uncrushed_raw_fraction_carbonated,Na+,mg/L,128.51,-1.32,128.51,-1.32,,,,numeric,numeric,numeric_pair_nonpositive_not_log_transformed,"EN 12457-2, L/S=10 (as described in article)"
Trifyl_France_single_facility,S8,C3,rC3,C,3,0.5-1,uncrushed_raw_fraction_carbonated,NH4+,mg/L,-,-,,,,,,dash_uninterpreted,dash_uninterpreted,not_estimable_censored_or_non_numeric,"EN 12457-2, L/S=10 (as described in article)"
Trifyl_France_single_facility,S8,C3,rC3,C,3,0.5-1,uncrushed_raw_fraction_carbonated,K+,mg/L,112.81,13.57,112.81,13.57,,-2.117843513770051,-87.97092456342523,numeric,numeric,positive_numeric_pair,"EN 12457-2, L/S=10 (as described in article)"
Trifyl_France_single_facility,S8,C3,rC3,C,3,0.5-1,uncrushed_raw_fraction_carbonated,Mg2+,mg/L,0.03,-0.04,0.03,-0.04,,,,numeric,numeric,numeric_pair_nonpositive_not_log_transformed,"EN 12457-2, L/S=10 (as described in article)"
Trifyl_France_single_facility,S8,C3,rC3,C,3,0.5-1,uncrushed_raw_fraction_carbonated,Ca2+,mg/L,77.63,148.08,77.63,148.08,,0.6457987178476532,90.75099832538969,numeric,numeric,positive_numeric_pair,"EN 12457-2, L/S=10 (as described in article)"
Trifyl_France_single_facility,S8,C3,rC3,C,3,0.5-1,uncrushed_raw_fraction_carbonated,Li+,mg/L,-,0.000,,0.0,,,,dash_uninterpreted,numeric,not_estimable_censored_or_non_numeric,"EN 12457-2, L/S=10 (as described in article)"
Trifyl_France_single_facility,S8,C4,rC4,C,4,1-2,uncrushed_raw_fraction_carbonated,F-,mg/L,-,4.99,,4.99,,,,dash_uninterpreted,numeric,not_estimable_censored_or_non_numeric,"EN 12457-2, L/S=10 (as described in article)"
Trifyl_France_single_facility,S8,C4,rC4,C,4,1-2,uncrushed_raw_fraction_carbonated,Cl-,mg/L,23.61,12.88,23.61,12.88,,-0.6059946304212139,-45.44684455739093,numeric,numeric,positive_numeric_pair,"EN 12457-2, L/S=10 (as described in article)"
Trifyl_France_single_facility,S8,C4,rC4,C,4,1-2,uncrushed_raw_fraction_carbonated,NO2-,mg/L,-,-,,,,,,dash_uninterpreted,dash_uninterpreted,not_estimable_censored_or_non_numeric,"EN 12457-2, L/S=10 (as described in article)"
Trifyl_France_single_facility,S8,C4,rC4,C,4,1-2,uncrushed_raw_fraction_carbonated,Br-,mg/L,-,-,,,,,,dash_uninterpreted,dash_uninterpreted,not_estimable_censored_or_non_numeric,"EN 12457-2, L/S=10 (as described in article)"
Trifyl_France_single_facility,S8,C4,rC4,C,4,1-2,uncrushed_raw_fraction_carbonated,NO3-,mg/L,-,-,,,,,,dash_uninterpreted,dash_uninterpreted,not_estimable_censored_or_non_numeric,"EN 12457-2, L/S=10 (as described in article)"
Trifyl_France_single_facility,S8,C4,rC4,C,4,1-2,uncrushed_raw_fraction_carbonated,PO43-,mg/L,-,-,,,,,,dash_uninterpreted,dash_uninterpreted,not_estimable_censored_or_non_numeric,"EN 12457-2, L/S=10 (as described in article)"
Trifyl_France_single_facility,S8,C4,rC4,C,4,1-2,uncrushed_raw_fraction_carbonated,SO42-,mg/L,5.63,15.35,5.63,15.35,,1.0030060318816072,172.64653641207818,numeric,numeric,positive_numeric_pair,"EN 12457-2, L/S=10 (as described in article)"
Trifyl_France_single_facility,S8,C4,rC4,C,4,1-2,uncrushed_raw_fraction_carbonated,Na+,mg/L,114.40,15.93,114.4,15.93,,-1.9714969550237404,-86.07517482517483,numeric,numeric,positive_numeric_pair,"EN 12457-2, L/S=10 (as described in article)"
Trifyl_France_single_facility,S8,C4,rC4,C,4,1-2,uncrushed_raw_fraction_carbonated,NH4+,mg/L,0.90,0.39,0.9,0.39,,-0.8362480242006186,-56.666666666666664,numeric,numeric,positive_numeric_pair,"EN 12457-2, L/S=10 (as described in article)"
Trifyl_France_single_facility,S8,C4,rC4,C,4,1-2,uncrushed_raw_fraction_carbonated,K+,mg/L,100.41,13.91,100.41,13.91,,-1.9766537979559933,-86.14679812767653,numeric,numeric,positive_numeric_pair,"EN 12457-2, L/S=10 (as described in article)"
Trifyl_France_single_facility,S8,C4,rC4,C,4,1-2,uncrushed_raw_fraction_carbonated,Mg2+,mg/L,0.04,0.45,0.04,0.45,,2.4203681286504293,1025.0,numeric,numeric,positive_numeric_pair,"EN 12457-2, L/S=10 (as described in article)"
Trifyl_France_single_facility,S8,C4,rC4,C,4,1-2,uncrushed_raw_fraction_carbonated,Ca2+,mg/L,69.37,118.64,69.37,118.64,,0.5366392004324667,71.02493873432319,numeric,numeric,positive_numeric_pair,"EN 12457-2, L/S=10 (as described in article)"
Trifyl_France_single_facility,S8,C4,rC4,C,4,1-2,uncrushed_raw_fraction_carbonated,Li+,mg/L,-,0.004,,0.004,,,,dash_uninterpreted,numeric,not_estimable_censored_or_non_numeric,"EN 12457-2, L/S=10 (as described in article)"
Trifyl_France_single_facility,S8,D1,rD1,D,1,<0.25,uncrushed_raw_fraction_carbonated,F-,mg/L,2.54,2.07,2.54,2.07,,-0.20461547375316766,-18.50393700787403,numeric,numeric,positive_numeric_pair,"EN 12457-2, L/S=10 (as described in article)"
Trifyl_France_single_facility,S8,D1,rD1,D,1,<0.25,uncrushed_raw_fraction_carbonated,Cl-,mg/L,100.92,6.87,100.92,6.87,,-2.687164017538599,-93.19262782401903,numeric,numeric,positive_numeric_pair,"EN 12457-2, L/S=10 (as described in article)"
Trifyl_France_single_facility,S8,D1,rD1,D,1,<0.25,uncrushed_raw_fraction_carbonated,NO2-,mg/L,-,-,,,,,,dash_uninterpreted,dash_uninterpreted,not_estimable_censored_or_non_numeric,"EN 12457-2, L/S=10 (as described in article)"
Trifyl_France_single_facility,S8,D1,rD1,D,1,<0.25,uncrushed_raw_fraction_carbonated,Br-,mg/L,-,-,,,,,,dash_uninterpreted,dash_uninterpreted,not_estimable_censored_or_non_numeric,"EN 12457-2, L/S=10 (as described in article)"
Trifyl_France_single_facility,S8,D1,rD1,D,1,<0.25,uncrushed_raw_fraction_carbonated,NO3-,mg/L,-,-,,,,,,dash_uninterpreted,dash_uninterpreted,not_estimable_censored_or_non_numeric,"EN 12457-2, L/S=10 (as described in article)"
Trifyl_France_single_facility,S8,D1,rD1,D,1,<0.25,uncrushed_raw_fraction_carbonated,PO43-,mg/L,-,-,,,,,,dash_uninterpreted,dash_uninterpreted,not_estimable_censored_or_non_numeric,"EN 12457-2, L/S=10 (as described in article)"
Trifyl_France_single_facility,S8,D1,rD1,D,1,<0.25,uncrushed_raw_fraction_carbonated,SO42-,mg/L,81.66,8.03,81.66,8.03,,-2.3193797579327593,-90.16654420769042,numeric,numeric,positive_numeric_pair,"EN 12457-2, L/S=10 (as described in article)"
Trifyl_France_single_facility,S8,D1,rD1,D,1,<0.25,uncrushed_raw_fraction_carbonated,Na+,mg/L,166.31,6.49,166.31,6.49,,-3.24359098596605,-96.09764896879321,numeric,numeric,positive_numeric_pair,"EN 12457-2, L/S=10 (as described in article)"
Trifyl_France_single_facility,S8,D1,rD1,D,1,<0.25,uncrushed_raw_fraction_carbonated,NH4+,mg/L,1.45,0.16,1.45,0.16,,-2.204145020180793,-88.96551724137932,numeric,numeric,positive_numeric_pair,"EN 12457-2, L/S=10 (as described in article)"
Trifyl_France_single_facility,S8,D1,rD1,D,1,<0.25,uncrushed_raw_fraction_carbonated,K+,mg/L,149.64,4.63,149.64,4.63,,-3.475675541381803,-96.9059075113606,numeric,numeric,positive_numeric_pair,"EN 12457-2, L/S=10 (as described in article)"
Trifyl_France_single_facility,S8,D1,rD1,D,1,<0.25,uncrushed_raw_fraction_carbonated,Mg2+,mg/L,0.03,1.86,0.03,1.86,,4.127134385045092,6100.000000000001,numeric,numeric,positive_numeric_pair,"EN 12457-2, L/S=10 (as described in article)"
Trifyl_France_single_facility,S8,D1,rD1,D,1,<0.25,uncrushed_raw_fraction_carbonated,Ca2+,mg/L,39.21,46.27,39.21,46.27,,0.165561986614668,18.005610813567973,numeric,numeric,positive_numeric_pair,"EN 12457-2, L/S=10 (as described in article)"
Trifyl_France_single_facility,S8,D1,rD1,D,1,<0.25,uncrushed_raw_fraction_carbonated,Li+,mg/L,0.006,0.010,0.006,0.01,,0.5108256237659907,66.66666666666667,numeric,numeric,positive_numeric_pair,"EN 12457-2, L/S=10 (as described in article)"
Trifyl_France_single_facility,S8,D2,rD2,D,2,0.25-0.5,uncrushed_raw_fraction_carbonated,F-,mg/L,-,4.02,,4.02,,,,dash_uninterpreted,numeric,not_estimable_censored_or_non_numeric,"EN 12457-2, L/S=10 (as described in article)"
Trifyl_France_single_facility,S8,D2,rD2,D,2,0.25-0.5,uncrushed_raw_fraction_carbonated,Cl-,mg/L,84.03,34.45,84.03,34.45,,-0.8916648804804592,-59.00273711769606,numeric,numeric,positive_numeric_pair,"EN 12457-2, L/S=10 (as described in article)"
Trifyl_France_single_facility,S8,D2,rD2,D,2,0.25-0.5,uncrushed_raw_fraction_carbonated,NO2-,mg/L,-,-,,,,,,dash_uninterpreted,dash_uninterpreted,not_estimable_censored_or_non_numeric,"EN 12457-2, L/S=10 (as described in article)"
Trifyl_France_single_facility,S8,D2,rD2,D,2,0.25-0.5,uncrushed_raw_fraction_carbonated,Br-,mg/L,-,-,,,,,,dash_uninterpreted,dash_uninterpreted,not_estimable_censored_or_non_numeric,"EN 12457-2, L/S=10 (as described in article)"
Trifyl_France_single_facility,S8,D2,rD2,D,2,0.25-0.5,uncrushed_raw_fraction_carbonated,NO3-,mg/L,-,-,,,,,,dash_uninterpreted,dash_uninterpreted,not_estimable_censored_or_non_numeric,"EN 12457-2, L/S=10 (as described in article)"
Trifyl_France_single_facility,S8,D2,rD2,D,2,0.25-0.5,uncrushed_raw_fraction_carbonated,PO43-,mg/L,-,-,,,,,,dash_uninterpreted,dash_uninterpreted,not_estimable_censored_or_non_numeric,"EN 12457-2, L/S=10 (as described in article)"
Trifyl_France_single_facility,S8,D2,rD2,D,2,0.25-0.5,uncrushed_raw_fraction_carbonated,SO42-,mg/L,23.37,16.12,23.37,16.12,,-0.3713924114722843,-31.022678647839108,numeric,numeric,positive_numeric_pair,"EN 12457-2, L/S=10 (as described in article)"
Trifyl_France_single_facility,S8,D2,rD2,D,2,0.25-0.5,uncrushed_raw_fraction_carbonated,Na+,mg/L,76.84,8.01,76.84,8.01,,-2.261034576820088,-89.57574180114524,numeric,numeric,positive_numeric_pair,"EN 12457-2, L/S=10 (as described in article)"
Trifyl_France_single_facility,S8,D2,rD2,D,2,0.25-0.5,uncrushed_raw_fraction_carbonated,NH4+,mg/L,0.42,0.25,0.42,0.25,,-0.5187937934151675,-40.476190476190474,numeric,numeric,positive_numeric_pair,"EN 12457-2, L/S=10 (as described in article)"
Trifyl_France_single_facility,S8,D2,rD2,D,2,0.25-0.5,uncrushed_raw_fraction_carbonated,K+,mg/L,70.52,6.82,70.52,6.82,,-2.336036885674299,-90.32898468519569,numeric,numeric,positive_numeric_pair,"EN 12457-2, L/S=10 (as described in article)"
Trifyl_France_single_facility,S8,D2,rD2,D,2,0.25-0.5,uncrushed_raw_fraction_carbonated,Mg2+,mg/L,0.24,0.37,0.24,0.37,,0.4328640822962789,54.16666666666667,numeric,numeric,positive_numeric_pair,"EN 12457-2, L/S=10 (as described in article)"
Trifyl_France_single_facility,S8,D2,rD2,D,2,0.25-0.5,uncrushed_raw_fraction_carbonated,Ca2+,mg/L,39.35,77.83,39.35,77.83,,0.6820309861078845,97.78907242693774,numeric,numeric,positive_numeric_pair,"EN 12457-2, L/S=10 (as described in article)"
Trifyl_France_single_facility,S8,D2,rD2,D,2,0.25-0.5,uncrushed_raw_fraction_carbonated,Li+,mg/L,0.002,0.000,0.002,0.0,,,,numeric,numeric,numeric_pair_nonpositive_not_log_transformed,"EN 12457-2, L/S=10 (as described in article)"
Trifyl_France_single_facility,S8,D3,rD3,D,3,0.5-1,uncrushed_raw_fraction_carbonated,F-,mg/L,-,3.96,,3.96,,,,dash_uninterpreted,numeric,not_estimable_censored_or_non_numeric,"EN 12457-2, L/S=10 (as described in article)"
Trifyl_France_single_facility,S8,D3,rD3,D,3,0.5-1,uncrushed_raw_fraction_carbonated,Cl-,mg/L,116.65,41.78,116.65,41.78,,-1.0267602423390192,-64.18345477925418,numeric,numeric,positive_numeric_pair,"EN 12457-2, L/S=10 (as described in article)"
Trifyl_France_single_facility,S8,D3,rD3,D,3,0.5-1,uncrushed_raw_fraction_carbonated,NO2-,mg/L,-,-,,,,,,dash_uninterpreted,dash_uninterpreted,not_estimable_censored_or_non_numeric,"EN 12457-2, L/S=10 (as described in article)"
Trifyl_France_single_facility,S8,D3,rD3,D,3,0.5-1,uncrushed_raw_fraction_carbonated,Br-,mg/L,-,-,,,,,,dash_uninterpreted,dash_uninterpreted,not_estimable_censored_or_non_numeric,"EN 12457-2, L/S=10 (as described in article)"
Trifyl_France_single_facility,S8,D3,rD3,D,3,0.5-1,uncrushed_raw_fraction_carbonated,NO3-,mg/L,-,-,,,,,,dash_uninterpreted,dash_uninterpreted,not_estimable_censored_or_non_numeric,"EN 12457-2, L/S=10 (as described in article)"
Trifyl_France_single_facility,S8,D3,rD3,D,3,0.5-1,uncrushed_raw_fraction_carbonated,PO43-,mg/L,-,-,,,,,,dash_uninterpreted,dash_uninterpreted,not_estimable_censored_or_non_numeric,"EN 12457-2, L/S=10 (as described in article)"
Trifyl_France_single_facility,S8,D3,rD3,D,3,0.5-1,uncrushed_raw_fraction_carbonated,SO42-,mg/L,33.64,11.27,33.64,11.27,,-1.0935715070530625,-66.49821640903686,numeric,numeric,positive_numeric_pair,"EN 12457-2, L/S=10 (as described in article)"
Trifyl_France_single_facility,S8,D3,rD3,D,3,0.5-1,uncrushed_raw_fraction_carbonated,Na+,mg/L,146.26,8.54,146.26,8.54,,-2.840624852042327,-94.1610830028716,numeric,numeric,positive_numeric_pair,"EN 12457-2, L/S=10 (as described in article)"
Trifyl_France_single_facility,S8,D3,rD3,D,3,0.5-1,uncrushed_raw_fraction_carbonated,NH4+,mg/L,1.38,0.12,1.38,0.12,,-2.4423470353692043,-91.30434782608697,numeric,numeric,positive_numeric_pair,"EN 12457-2, L/S=10 (as described in article)"
Trifyl_France_single_facility,S8,D3,rD3,D,3,0.5-1,uncrushed_raw_fraction_carbonated,K+,mg/L,149.20,7.84,149.2,7.84,,-2.946048853407344,-94.74530831099196,numeric,numeric,positive_numeric_pair,"EN 12457-2, L/S=10 (as described in article)"
Trifyl_France_single_facility,S8,D3,rD3,D,3,0.5-1,uncrushed_raw_fraction_carbonated,Mg2+,mg/L,0.16,0.17,0.16,0.17,,0.06062462181643484,6.25,numeric,numeric,positive_numeric_pair,"EN 12457-2, L/S=10 (as described in article)"
Trifyl_France_single_facility,S8,D3,rD3,D,3,0.5-1,uncrushed_raw_fraction_carbonated,Ca2+,mg/L,112.33,96.32,112.33,96.32,,-0.15376498609296707,-14.25264844654145,numeric,numeric,positive_numeric_pair,"EN 12457-2, L/S=10 (as described in article)"
Trifyl_France_single_facility,S8,D3,rD3,D,3,0.5-1,uncrushed_raw_fraction_carbonated,Li+,mg/L,-,-,,,,,,dash_uninterpreted,dash_uninterpreted,not_estimable_censored_or_non_numeric,"EN 12457-2, L/S=10 (as described in article)"
Trifyl_France_single_facility,S8,D4,rD4,D,4,1-2,uncrushed_raw_fraction_carbonated,F-,mg/L,-,5.25,,5.25,,,,dash_uninterpreted,numeric,not_estimable_censored_or_non_numeric,"EN 12457-2, L/S=10 (as described in article)"
Trifyl_France_single_facility,S8,D4,rD4,D,4,1-2,uncrushed_raw_fraction_carbonated,Cl-,mg/L,149.67,15.97,149.67,15.97,,-2.2377209083141345,-89.32985902318433,numeric,numeric,positive_numeric_pair,"EN 12457-2, L/S=10 (as described in article)"
Trifyl_France_single_facility,S8,D4,rD4,D,4,1-2,uncrushed_raw_fraction_carbonated,NO2-,mg/L,-,-,,,,,,dash_uninterpreted,dash_uninterpreted,not_estimable_censored_or_non_numeric,"EN 12457-2, L/S=10 (as described in article)"
Trifyl_France_single_facility,S8,D4,rD4,D,4,1-2,uncrushed_raw_fraction_carbonated,Br-,mg/L,-,-,,,,,,dash_uninterpreted,dash_uninterpreted,not_estimable_censored_or_non_numeric,"EN 12457-2, L/S=10 (as described in article)"
Trifyl_France_single_facility,S8,D4,rD4,D,4,1-2,uncrushed_raw_fraction_carbonated,NO3-,mg/L,-,-,,,,,,dash_uninterpreted,dash_uninterpreted,not_estimable_censored_or_non_numeric,"EN 12457-2, L/S=10 (as described in article)"
Trifyl_France_single_facility,S8,D4,rD4,D,4,1-2,uncrushed_raw_fraction_carbonated,PO43-,mg/L,-,-,,,,,,dash_uninterpreted,dash_uninterpreted,not_estimable_censored_or_non_numeric,"EN 12457-2, L/S=10 (as described in article)"
Trifyl_France_single_facility,S8,D4,rD4,D,4,1-2,uncrushed_raw_fraction_carbonated,SO42-,mg/L,11.17,14.10,11.17,14.1,,0.2329431843030132,26.230975828111003,numeric,numeric,positive_numeric_pair,"EN 12457-2, L/S=10 (as described in article)"
Trifyl_France_single_facility,S8,D4,rD4,D,4,1-2,uncrushed_raw_fraction_carbonated,Na+,mg/L,127.97,10.02,127.97,10.02,,-2.5472127657927857,-92.17003985309057,numeric,numeric,positive_numeric_pair,"EN 12457-2, L/S=10 (as described in article)"
Trifyl_France_single_facility,S8,D4,rD4,D,4,1-2,uncrushed_raw_fraction_carbonated,NH4+,mg/L,1.25,0.28,1.25,0.28,,-1.496109227127097,-77.60000000000001,numeric,numeric,positive_numeric_pair,"EN 12457-2, L/S=10 (as described in article)"
Trifyl_France_single_facility,S8,D4,rD4,D,4,1-2,uncrushed_raw_fraction_carbonated,K+,mg/L,131.19,10.86,131.19,10.86,,-2.4915603395871497,-91.72193002515435,numeric,numeric,positive_numeric_pair,"EN 12457-2, L/S=10 (as described in article)"
Trifyl_France_single_facility,S8,D4,rD4,D,4,1-2,uncrushed_raw_fraction_carbonated,Mg2+,mg/L,-0.08,0.49,-0.08,0.49,,,,numeric,numeric,numeric_pair_nonpositive_not_log_transformed,"EN 12457-2, L/S=10 (as described in article)"
Trifyl_France_single_facility,S8,D4,rD4,D,4,1-2,uncrushed_raw_fraction_carbonated,Ca2+,mg/L,117.28,101.35,117.28,101.35,,-0.14598436524033234,-13.582878581173263,numeric,numeric,positive_numeric_pair,"EN 12457-2, L/S=10 (as described in article)"
Trifyl_France_single_facility,S8,D4,rD4,D,4,1-2,uncrushed_raw_fraction_carbonated,Li+,mg/L,-,0.001,,0.001,,,,dash_uninterpreted,numeric,not_estimable_censored_or_non_numeric,"EN 12457-2, L/S=10 (as described in article)"
Trifyl_France_single_facility,S8,A1,cA1,A,1,<0.25,crushed_fraction_carbonated,F-,mg/L,13.59,1.31,13.59,1.31,,-2.3393070909499922,-90.36055923473143,numeric,numeric,positive_numeric_pair,"EN 12457-2, L/S=10 (as described in article)"
Trifyl_France_single_facility,S8,A1,cA1,A,1,<0.25,crushed_fraction_carbonated,Cl-,mg/L,98.69,8.32,98.69,8.32,,-2.4733213693507987,-91.56956125240653,numeric,numeric,positive_numeric_pair,"EN 12457-2, L/S=10 (as described in article)"
Trifyl_France_single_facility,S8,A1,cA1,A,1,<0.25,crushed_fraction_carbonated,NO2-,mg/L,-,-,,,,,,dash_uninterpreted,dash_uninterpreted,not_estimable_censored_or_non_numeric,"EN 12457-2, L/S=10 (as described in article)"
Trifyl_France_single_facility,S8,A1,cA1,A,1,<0.25,crushed_fraction_carbonated,Br-,mg/L,-,-,,,,,,dash_uninterpreted,dash_uninterpreted,not_estimable_censored_or_non_numeric,"EN 12457-2, L/S=10 (as described in article)"
Trifyl_France_single_facility,S8,A1,cA1,A,1,<0.25,crushed_fraction_carbonated,NO3-,mg/L,-,-,,,,,,dash_uninterpreted,dash_uninterpreted,not_estimable_censored_or_non_numeric,"EN 12457-2, L/S=10 (as described in article)"
Trifyl_France_single_facility,S8,A1,cA1,A,1,<0.25,crushed_fraction_carbonated,PO43-,mg/L,-,-,,,,,,dash_uninterpreted,dash_uninterpreted,not_estimable_censored_or_non_numeric,"EN 12457-2, L/S=10 (as described in article)"
Trifyl_France_single_facility,S8,A1,cA1,A,1,<0.25,crushed_fraction_carbonated,SO42-,mg/L,64.86,5.71,64.86,5.71,,-2.430012077211253,-91.19642306506321,numeric,numeric,positive_numeric_pair,"EN 12457-2, L/S=10 (as described in article)"
Trifyl_France_single_facility,S8,A1,cA1,A,1,<0.25,crushed_fraction_carbonated,Na+,mg/L,207.07,8.92,207.07,8.92,,-3.144760953760015,-95.6922779736321,numeric,numeric,positive_numeric_pair,"EN 12457-2, L/S=10 (as described in article)"
Trifyl_France_single_facility,S8,A1,cA1,A,1,<0.25,crushed_fraction_carbonated,NH4+,mg/L,-,0.05,,0.05,,,,dash_uninterpreted,numeric,not_estimable_censored_or_non_numeric,"EN 12457-2, L/S=10 (as described in article)"
Trifyl_France_single_facility,S8,A1,cA1,A,1,<0.25,crushed_fraction_carbonated,K+,mg/L,184.84,5.13,184.84,5.13,,-3.5843849268193875,-97.22462670417659,numeric,numeric,positive_numeric_pair,"EN 12457-2, L/S=10 (as described in article)"
Trifyl_France_single_facility,S8,A1,cA1,A,1,<0.25,crushed_fraction_carbonated,Mg2+,mg/L,1.52,5.49,1.52,5.49,,1.2842179206632542,261.1842105263158,numeric,numeric,positive_numeric_pair,"EN 12457-2, L/S=10 (as described in article)"
Trifyl_France_single_facility,S8,A1,cA1,A,1,<0.25,crushed_fraction_carbonated,Ca2+,mg/L,122.29,35.53,122.29,35.53,,-1.2360178631683427,-70.9461117016927,numeric,numeric,positive_numeric_pair,"EN 12457-2, L/S=10 (as described in article)"
Trifyl_France_single_facility,S8,A1,cA1,A,1,<0.25,crushed_fraction_carbonated,Li+,mg/L,0.014,0.021,0.014,0.021,,0.4054651081081644,50.0,numeric,numeric,positive_numeric_pair,"EN 12457-2, L/S=10 (as described in article)"
Trifyl_France_single_facility,S8,A2,cA2,A,2,0.25-0.5,crushed_fraction_carbonated,F-,mg/L,-,1.27,,1.27,,,,dash_uninterpreted,numeric,not_estimable_censored_or_non_numeric,"EN 12457-2, L/S=10 (as described in article)"
Trifyl_France_single_facility,S8,A2,cA2,A,2,0.25-0.5,crushed_fraction_carbonated,Cl-,mg/L,73.51,9.90,73.51,9.9,,-2.004886694245452,-86.53244456536527,numeric,numeric,positive_numeric_pair,"EN 12457-2, L/S=10 (as described in article)"
Trifyl_France_single_facility,S8,A2,cA2,A,2,0.25-0.5,crushed_fraction_carbonated,NO2-,mg/L,-,-,,,,,,dash_uninterpreted,dash_uninterpreted,not_estimable_censored_or_non_numeric,"EN 12457-2, L/S=10 (as described in article)"
Trifyl_France_single_facility,S8,A2,cA2,A,2,0.25-0.5,crushed_fraction_carbonated,Br-,mg/L,-,-,,,,,,dash_uninterpreted,dash_uninterpreted,not_estimable_censored_or_non_numeric,"EN 12457-2, L/S=10 (as described in article)"
Trifyl_France_single_facility,S8,A2,cA2,A,2,0.25-0.5,crushed_fraction_carbonated,NO3-,mg/L,-,-,,,,,,dash_uninterpreted,dash_uninterpreted,not_estimable_censored_or_non_numeric,"EN 12457-2, L/S=10 (as described in article)"
Trifyl_France_single_facility,S8,A2,cA2,A,2,0.25-0.5,crushed_fraction_carbonated,PO43-,mg/L,-,-,,,,,,dash_uninterpreted,dash_uninterpreted,not_estimable_censored_or_non_numeric,"EN 12457-2, L/S=10 (as described in article)"
Trifyl_France_single_facility,S8,A2,cA2,A,2,0.25-0.5,crushed_fraction_carbonated,SO42-,mg/L,28.34,6.09,28.34,6.09,,-1.5376261525407289,-78.51093860268172,numeric,numeric,positive_numeric_pair,"EN 12457-2, L/S=10 (as described in article)"
Trifyl_France_single_facility,S8,A2,cA2,A,2,0.25-0.5,crushed_fraction_carbonated,Na+,mg/L,130.27,9.60,130.27,9.6,,-2.6078461212356823,-92.6306901051662,numeric,numeric,positive_numeric_pair,"EN 12457-2, L/S=10 (as described in article)"
Trifyl_France_single_facility,S8,A2,cA2,A,2,0.25-0.5,crushed_fraction_carbonated,NH4+,mg/L,1.13,0.01,1.13,0.01,,-4.727387818712341,-99.11504424778761,numeric,numeric,positive_numeric_pair,"EN 12457-2, L/S=10 (as described in article)"
Trifyl_France_single_facility,S8,A2,cA2,A,2,0.25-0.5,crushed_fraction_carbonated,K+,mg/L,118.67,6.84,118.67,6.84,,-2.8535588000425887,-94.23611696300665,numeric,numeric,positive_numeric_pair,"EN 12457-2, L/S=10 (as described in article)"
Trifyl_France_single_facility,S8,A2,cA2,A,2,0.25-0.5,crushed_fraction_carbonated,Mg2+,mg/L,0.02,1.70,0.02,1.7,,4.442651256490317,8400.0,numeric,numeric,positive_numeric_pair,"EN 12457-2, L/S=10 (as described in article)"
Trifyl_France_single_facility,S8,A2,cA2,A,2,0.25-0.5,crushed_fraction_carbonated,Ca2+,mg/L,93.73,39.16,93.73,39.16,,-0.8727624910960848,-58.22042035634269,numeric,numeric,positive_numeric_pair,"EN 12457-2, L/S=10 (as described in article)"
Trifyl_France_single_facility,S8,A2,cA2,A,2,0.25-0.5,crushed_fraction_carbonated,Li+,mg/L,-,0.007,,0.007,,,,dash_uninterpreted,numeric,not_estimable_censored_or_non_numeric,"EN 12457-2, L/S=10 (as described in article)"
Trifyl_France_single_facility,S8,A3,cA3,A,3,0.5-1,crushed_fraction_carbonated,F-,mg/L,-,0.99,,0.99,,,,dash_uninterpreted,numeric,not_estimable_censored_or_non_numeric,"EN 12457-2, L/S=10 (as described in article)"
Trifyl_France_single_facility,S8,A3,cA3,A,3,0.5-1,crushed_fraction_carbonated,Cl-,mg/L,75.77,1.52,75.77,1.52,,-3.9089921010850968,-97.99392899564472,numeric,numeric,positive_numeric_pair,"EN 12457-2, L/S=10 (as described in article)"
Trifyl_France_single_facility,S8,A3,cA3,A,3,0.5-1,crushed_fraction_carbonated,NO2-,mg/L,-,-,,,,,,dash_uninterpreted,dash_uninterpreted,not_estimable_censored_or_non_numeric,"EN 12457-2, L/S=10 (as described in article)"
Trifyl_France_single_facility,S8,A3,cA3,A,3,0.5-1,crushed_fraction_carbonated,Br-,mg/L,-,-,,,,,,dash_uninterpreted,dash_uninterpreted,not_estimable_censored_or_non_numeric,"EN 12457-2, L/S=10 (as described in article)"
Trifyl_France_single_facility,S8,A3,cA3,A,3,0.5-1,crushed_fraction_carbonated,NO3-,mg/L,-,-,,,,,,dash_uninterpreted,dash_uninterpreted,not_estimable_censored_or_non_numeric,"EN 12457-2, L/S=10 (as described in article)"
Trifyl_France_single_facility,S8,A3,cA3,A,3,0.5-1,crushed_fraction_carbonated,PO43-,mg/L,-,-,,,,,,dash_uninterpreted,dash_uninterpreted,not_estimable_censored_or_non_numeric,"EN 12457-2, L/S=10 (as described in article)"
Trifyl_France_single_facility,S8,A3,cA3,A,3,0.5-1,crushed_fraction_carbonated,SO42-,mg/L,24.75,0.54,24.75,0.54,,-3.8250116284385163,-97.81818181818181,numeric,numeric,positive_numeric_pair,"EN 12457-2, L/S=10 (as described in article)"
Trifyl_France_single_facility,S8,A3,cA3,A,3,0.5-1,crushed_fraction_carbonated,Na+,mg/L,133.43,14.98,133.43,14.98,,-2.186861017665256,-88.77313947388143,numeric,numeric,positive_numeric_pair,"EN 12457-2, L/S=10 (as described in article)"
Trifyl_France_single_facility,S8,A3,cA3,A,3,0.5-1,crushed_fraction_carbonated,NH4+,mg/L,-,0.75,,0.75,,,,dash_uninterpreted,numeric,not_estimable_censored_or_non_numeric,"EN 12457-2, L/S=10 (as described in article)"
Trifyl_France_single_facility,S8,A3,cA3,A,3,0.5-1,crushed_fraction_carbonated,K+,mg/L,122.52,7.12,122.52,7.12,,-2.84536655654069,-94.18870388507999,numeric,numeric,positive_numeric_pair,"EN 12457-2, L/S=10 (as described in article)"
Trifyl_France_single_facility,S8,A3,cA3,A,3,0.5-1,crushed_fraction_carbonated,Mg2+,mg/L,0.53,2.59,0.53,2.59,,1.5865361481474158,388.6792452830188,numeric,numeric,positive_numeric_pair,"EN 12457-2, L/S=10 (as described in article)"
Trifyl_France_single_facility,S8,A3,cA3,A,3,0.5-1,crushed_fraction_carbonated,Ca2+,mg/L,85.94,16.70,85.94,16.7,,-1.6382406589241396,-80.56783802653014,numeric,numeric,positive_numeric_pair,"EN 12457-2, L/S=10 (as described in article)"
Trifyl_France_single_facility,S8,A3,cA3,A,3,0.5-1,crushed_fraction_carbonated,Li+,mg/L,-,0.012,,0.012,,,,dash_uninterpreted,numeric,not_estimable_censored_or_non_numeric,"EN 12457-2, L/S=10 (as described in article)"
Trifyl_France_single_facility,S8,A4,cA4,A,4,1-2,crushed_fraction_carbonated,F-,mg/L,9.84,1.26,9.84,1.26,,-2.0553439901007753,-87.1951219512195,numeric,numeric,positive_numeric_pair,"EN 12457-2, L/S=10 (as described in article)"
Trifyl_France_single_facility,S8,A4,cA4,A,4,1-2,crushed_fraction_carbonated,Cl-,mg/L,107.26,8.40,107.26,8.4,,-2.5470240877055113,-92.16856237180683,numeric,numeric,positive_numeric_pair,"EN 12457-2, L/S=10 (as described in article)"
Trifyl_France_single_facility,S8,A4,cA4,A,4,1-2,crushed_fraction_carbonated,NO2-,mg/L,-,-,,,,,,dash_uninterpreted,dash_uninterpreted,not_estimable_censored_or_non_numeric,"EN 12457-2, L/S=10 (as described in article)"
Trifyl_France_single_facility,S8,A4,cA4,A,4,1-2,crushed_fraction_carbonated,Br-,mg/L,-,-,,,,,,dash_uninterpreted,dash_uninterpreted,not_estimable_censored_or_non_numeric,"EN 12457-2, L/S=10 (as described in article)"
Trifyl_France_single_facility,S8,A4,cA4,A,4,1-2,crushed_fraction_carbonated,NO3-,mg/L,-,-,,,,,,dash_uninterpreted,dash_uninterpreted,not_estimable_censored_or_non_numeric,"EN 12457-2, L/S=10 (as described in article)"
Trifyl_France_single_facility,S8,A4,cA4,A,4,1-2,crushed_fraction_carbonated,PO43-,mg/L,-,-,,,,,,dash_uninterpreted,dash_uninterpreted,not_estimable_censored_or_non_numeric,"EN 12457-2, L/S=10 (as described in article)"
Trifyl_France_single_facility,S8,A4,cA4,A,4,1-2,crushed_fraction_carbonated,SO42-,mg/L,27.94,5.08,27.94,5.08,,-1.7047480922384253,-81.81818181818181,numeric,numeric,positive_numeric_pair,"EN 12457-2, L/S=10 (as described in article)"
Trifyl_France_single_facility,S8,A4,cA4,A,4,1-2,crushed_fraction_carbonated,Na+,mg/L,122.35,17.35,122.35,17.35,,-1.9532932834958123,-85.81937065794851,numeric,numeric,positive_numeric_pair,"EN 12457-2, L/S=10 (as described in article)"
Trifyl_France_single_facility,S8,A4,cA4,A,4,1-2,crushed_fraction_carbonated,NH4+,mg/L,0.71,0.12,0.71,0.12,,-1.777773227253315,-83.09859154929578,numeric,numeric,positive_numeric_pair,"EN 12457-2, L/S=10 (as described in article)"
Trifyl_France_single_facility,S8,A4,cA4,A,4,1-2,crushed_fraction_carbonated,K+,mg/L,111.67,6.77,111.67,6.77,,-2.803047006533517,-93.93749440315214,numeric,numeric,positive_numeric_pair,"EN 12457-2, L/S=10 (as described in article)"
Trifyl_France_single_facility,S8,A4,cA4,A,4,1-2,crushed_fraction_carbonated,Mg2+,mg/L,-0.04,2.51,-0.04,2.51,,,,numeric,numeric,numeric_pair_nonpositive_not_log_transformed,"EN 12457-2, L/S=10 (as described in article)"
Trifyl_France_single_facility,S8,A4,cA4,A,4,1-2,crushed_fraction_carbonated,Ca2+,mg/L,80.34,16.34,80.34,16.34,,-1.5926515394992795,-79.66143888473985,numeric,numeric,positive_numeric_pair,"EN 12457-2, L/S=10 (as described in article)"
Trifyl_France_single_facility,S8,A4,cA4,A,4,1-2,crushed_fraction_carbonated,Li+,mg/L,-,0.020,,0.02,,,,dash_uninterpreted,numeric,not_estimable_censored_or_non_numeric,"EN 12457-2, L/S=10 (as described in article)"
Trifyl_France_single_facility,S8,B1,cB1,B,1,<0.25,crushed_fraction_carbonated,F-,mg/L,-,1.97,,1.97,,,,dash_uninterpreted,numeric,not_estimable_censored_or_non_numeric,"EN 12457-2, L/S=10 (as described in article)"
Trifyl_France_single_facility,S8,B1,cB1,B,1,<0.25,crushed_fraction_carbonated,Cl-,mg/L,75.00,15.96,75.0,15.96,,-1.5474025215146476,-78.72,numeric,numeric,positive_numeric_pair,"EN 12457-2, L/S=10 (as described in article)"
Trifyl_France_single_facility,S8,B1,cB1,B,1,<0.25,crushed_fraction_carbonated,NO2-,mg/L,-,-,,,,,,dash_uninterpreted,dash_uninterpreted,not_estimable_censored_or_non_numeric,"EN 12457-2, L/S=10 (as described in article)"
Trifyl_France_single_facility,S8,B1,cB1,B,1,<0.25,crushed_fraction_carbonated,Br-,mg/L,-,-,,,,,,dash_uninterpreted,dash_uninterpreted,not_estimable_censored_or_non_numeric,"EN 12457-2, L/S=10 (as described in article)"
Trifyl_France_single_facility,S8,B1,cB1,B,1,<0.25,crushed_fraction_carbonated,NO3-,mg/L,-,-,,,,,,dash_uninterpreted,dash_uninterpreted,not_estimable_censored_or_non_numeric,"EN 12457-2, L/S=10 (as described in article)"
Trifyl_France_single_facility,S8,B1,cB1,B,1,<0.25,crushed_fraction_carbonated,PO43-,mg/L,-,-,,,,,,dash_uninterpreted,dash_uninterpreted,not_estimable_censored_or_non_numeric,"EN 12457-2, L/S=10 (as described in article)"
Trifyl_France_single_facility,S8,B1,cB1,B,1,<0.25,crushed_fraction_carbonated,SO42-,mg/L,21.95,5.89,21.95,5.89,,-1.315511141857685,-73.16628701594533,numeric,numeric,positive_numeric_pair,"EN 12457-2, L/S=10 (as described in article)"
Trifyl_France_single_facility,S8,B1,cB1,B,1,<0.25,crushed_fraction_carbonated,Na+,mg/L,213.74,-0.28,213.74,-0.28,,,,numeric,numeric,numeric_pair_nonpositive_not_log_transformed,"EN 12457-2, L/S=10 (as described in article)"
Trifyl_France_single_facility,S8,B1,cB1,B,1,<0.25,crushed_fraction_carbonated,NH4+,mg/L,2.64,-,2.64,,,,,numeric,dash_uninterpreted,not_estimable_censored_or_non_numeric,"EN 12457-2, L/S=10 (as described in article)"
Trifyl_France_single_facility,S8,B1,cB1,B,1,<0.25,crushed_fraction_carbonated,K+,mg/L,154.52,1.00,154.52,1.0,,-5.040323537798081,-99.3528345845198,numeric,numeric,positive_numeric_pair,"EN 12457-2, L/S=10 (as described in article)"
Trifyl_France_single_facility,S8,B1,cB1,B,1,<0.25,crushed_fraction_carbonated,Mg2+,mg/L,-0.02,0.27,-0.02,0.27,,,,numeric,numeric,numeric_pair_nonpositive_not_log_transformed,"EN 12457-2, L/S=10 (as described in article)"
Trifyl_France_single_facility,S8,B1,cB1,B,1,<0.25,crushed_fraction_carbonated,Ca2+,mg/L,34.11,7.88,34.11,7.88,,-1.4652626925607666,-76.89827030196423,numeric,numeric,positive_numeric_pair,"EN 12457-2, L/S=10 (as described in article)"
Trifyl_France_single_facility,S8,B1,cB1,B,1,<0.25,crushed_fraction_carbonated,Li+,mg/L,-,-,,,,,,dash_uninterpreted,dash_uninterpreted,not_estimable_censored_or_non_numeric,"EN 12457-2, L/S=10 (as described in article)"
Trifyl_France_single_facility,S8,B2,cB2,B,2,0.25-0.5,crushed_fraction_carbonated,F-,mg/L,-,-,,,,,,dash_uninterpreted,dash_uninterpreted,not_estimable_censored_or_non_numeric,"EN 12457-2, L/S=10 (as described in article)"
Trifyl_France_single_facility,S8,B2,cB2,B,2,0.25-0.5,crushed_fraction_carbonated,Cl-,mg/L,1.84,17.96,1.84,17.96,,2.278381491253159,876.086956521739,numeric,numeric,positive_numeric_pair,"EN 12457-2, L/S=10 (as described in article)"
Trifyl_France_single_facility,S8,B2,cB2,B,2,0.25-0.5,crushed_fraction_carbonated,NO2-,mg/L,-,-,,,,,,dash_uninterpreted,dash_uninterpreted,not_estimable_censored_or_non_numeric,"EN 12457-2, L/S=10 (as described in article)"
Trifyl_France_single_facility,S8,B2,cB2,B,2,0.25-0.5,crushed_fraction_carbonated,Br-,mg/L,-,-,,,,,,dash_uninterpreted,dash_uninterpreted,not_estimable_censored_or_non_numeric,"EN 12457-2, L/S=10 (as described in article)"
Trifyl_France_single_facility,S8,B2,cB2,B,2,0.25-0.5,crushed_fraction_carbonated,NO3-,mg/L,2.90,-,2.9,,,,,numeric,dash_uninterpreted,not_estimable_censored_or_non_numeric,"EN 12457-2, L/S=10 (as described in article)"
Trifyl_France_single_facility,S8,B2,cB2,B,2,0.25-0.5,crushed_fraction_carbonated,PO43-,mg/L,10.80,-,10.8,,,,,numeric,dash_uninterpreted,not_estimable_censored_or_non_numeric,"EN 12457-2, L/S=10 (as described in article)"
Trifyl_France_single_facility,S8,B2,cB2,B,2,0.25-0.5,crushed_fraction_carbonated,SO42-,mg/L,10.05,6.55,10.05,6.55,,-0.42810758485792433,-34.82587064676618,numeric,numeric,positive_numeric_pair,"EN 12457-2, L/S=10 (as described in article)"
Trifyl_France_single_facility,S8,B2,cB2,B,2,0.25-0.5,crushed_fraction_carbonated,Na+,mg/L,160.11,3.54,160.11,3.54,,-3.8117343518682802,-97.78902004871651,numeric,numeric,positive_numeric_pair,"EN 12457-2, L/S=10 (as described in article)"
Trifyl_France_single_facility,S8,B2,cB2,B,2,0.25-0.5,crushed_fraction_carbonated,NH4+,mg/L,1.44,-,1.44,,,,,numeric,dash_uninterpreted,not_estimable_censored_or_non_numeric,"EN 12457-2, L/S=10 (as described in article)"
Trifyl_France_single_facility,S8,B2,cB2,B,2,0.25-0.5,crushed_fraction_carbonated,K+,mg/L,116.42,2.92,116.42,2.92,,-3.6856207255633993,-97.49183989005326,numeric,numeric,positive_numeric_pair,"EN 12457-2, L/S=10 (as described in article)"
Trifyl_France_single_facility,S8,B2,cB2,B,2,0.25-0.5,crushed_fraction_carbonated,Mg2+,mg/L,3.03,0.13,3.03,0.13,,-3.148783448047832,-95.7095709570957,numeric,numeric,positive_numeric_pair,"EN 12457-2, L/S=10 (as described in article)"
Trifyl_France_single_facility,S8,B2,cB2,B,2,0.25-0.5,crushed_fraction_carbonated,Ca2+,mg/L,37.69,29.52,37.69,29.52,,-0.24432680754677225,-21.67683735738922,numeric,numeric,positive_numeric_pair,"EN 12457-2, L/S=10 (as described in article)"
Trifyl_France_single_facility,S8,B2,cB2,B,2,0.25-0.5,crushed_fraction_carbonated,Li+,mg/L,-,-,,,,,,dash_uninterpreted,dash_uninterpreted,not_estimable_censored_or_non_numeric,"EN 12457-2, L/S=10 (as described in article)"
Trifyl_France_single_facility,S8,B3,cB3,B,3,0.5-1,crushed_fraction_carbonated,F-,mg/L,-,1.27,,1.27,,,,dash_uninterpreted,numeric,not_estimable_censored_or_non_numeric,"EN 12457-2, L/S=10 (as described in article)"
Trifyl_France_single_facility,S8,B3,cB3,B,3,0.5-1,crushed_fraction_carbonated,Cl-,mg/L,14.04,7.45,14.04,7.45,,-0.6336963662061967,-46.93732193732193,numeric,numeric,positive_numeric_pair,"EN 12457-2, L/S=10 (as described in article)"
Trifyl_France_single_facility,S8,B3,cB3,B,3,0.5-1,crushed_fraction_carbonated,NO2-,mg/L,-,-,,,,,,dash_uninterpreted,dash_uninterpreted,not_estimable_censored_or_non_numeric,"EN 12457-2, L/S=10 (as described in article)"
Trifyl_France_single_facility,S8,B3,cB3,B,3,0.5-1,crushed_fraction_carbonated,Br-,mg/L,-,-,,,,,,dash_uninterpreted,dash_uninterpreted,not_estimable_censored_or_non_numeric,"EN 12457-2, L/S=10 (as described in article)"
Trifyl_France_single_facility,S8,B3,cB3,B,3,0.5-1,crushed_fraction_carbonated,NO3-,mg/L,-,-,,,,,,dash_uninterpreted,dash_uninterpreted,not_estimable_censored_or_non_numeric,"EN 12457-2, L/S=10 (as described in article)"
Trifyl_France_single_facility,S8,B3,cB3,B,3,0.5-1,crushed_fraction_carbonated,PO43-,mg/L,-,-,,,,,,dash_uninterpreted,dash_uninterpreted,not_estimable_censored_or_non_numeric,"EN 12457-2, L/S=10 (as described in article)"
Trifyl_France_single_facility,S8,B3,cB3,B,3,0.5-1,crushed_fraction_carbonated,SO42-,mg/L,4.71,2.49,4.71,2.49,,-0.63740519755171,-47.13375796178343,numeric,numeric,positive_numeric_pair,"EN 12457-2, L/S=10 (as described in article)"
Trifyl_France_single_facility,S8,B3,cB3,B,3,0.5-1,crushed_fraction_carbonated,Na+,mg/L,138.49,9.03,138.49,9.03,,-2.7302457534257325,-93.47967362264423,numeric,numeric,positive_numeric_pair,"EN 12457-2, L/S=10 (as described in article)"
Trifyl_France_single_facility,S8,B3,cB3,B,3,0.5-1,crushed_fraction_carbonated,NH4+,mg/L,1.44,0.26,1.44,0.26,,-1.7117167615545184,-81.94444444444444,numeric,numeric,positive_numeric_pair,"EN 12457-2, L/S=10 (as described in article)"
Trifyl_France_single_facility,S8,B3,cB3,B,3,0.5-1,crushed_fraction_carbonated,K+,mg/L,106.92,3.72,106.92,3.72,,-3.358357222985663,-96.52076318742986,numeric,numeric,positive_numeric_pair,"EN 12457-2, L/S=10 (as described in article)"
Trifyl_France_single_facility,S8,B3,cB3,B,3,0.5-1,crushed_fraction_carbonated,Mg2+,mg/L,0.25,1.80,0.25,1.8,,1.9740810260220096,620.0,numeric,numeric,positive_numeric_pair,"EN 12457-2, L/S=10 (as described in article)"
Trifyl_France_single_facility,S8,B3,cB3,B,3,0.5-1,crushed_fraction_carbonated,Ca2+,mg/L,38.04,16.60,38.04,16.6,,-0.8292355423146919,-56.36172450052575,numeric,numeric,positive_numeric_pair,"EN 12457-2, L/S=10 (as described in article)"
Trifyl_France_single_facility,S8,B3,cB3,B,3,0.5-1,crushed_fraction_carbonated,Li+,mg/L,-,0.012,,0.012,,,,dash_uninterpreted,numeric,not_estimable_censored_or_non_numeric,"EN 12457-2, L/S=10 (as described in article)"
Trifyl_France_single_facility,S8,B4,cB4,B,4,1-2,crushed_fraction_carbonated,F-,mg/L,-,1.07,,1.07,,,,dash_uninterpreted,numeric,not_estimable_censored_or_non_numeric,"EN 12457-2, L/S=10 (as described in article)"
Trifyl_France_single_facility,S8,B4,cB4,B,4,1-2,crushed_fraction_carbonated,Cl-,mg/L,76.63,5.79,76.63,5.79,,-2.582856353397409,-92.44421244943234,numeric,numeric,positive_numeric_pair,"EN 12457-2, L/S=10 (as described in article)"
Trifyl_France_single_facility,S8,B4,cB4,B,4,1-2,crushed_fraction_carbonated,NO2-,mg/L,-,-,,,,,,dash_uninterpreted,dash_uninterpreted,not_estimable_censored_or_non_numeric,"EN 12457-2, L/S=10 (as described in article)"
Trifyl_France_single_facility,S8,B4,cB4,B,4,1-2,crushed_fraction_carbonated,Br-,mg/L,-,-,,,,,,dash_uninterpreted,dash_uninterpreted,not_estimable_censored_or_non_numeric,"EN 12457-2, L/S=10 (as described in article)"
Trifyl_France_single_facility,S8,B4,cB4,B,4,1-2,crushed_fraction_carbonated,NO3-,mg/L,1.53,-,1.53,,,,,numeric,dash_uninterpreted,not_estimable_censored_or_non_numeric,"EN 12457-2, L/S=10 (as described in article)"
Trifyl_France_single_facility,S8,B4,cB4,B,4,1-2,crushed_fraction_carbonated,PO43-,mg/L,-,-,,,,,,dash_uninterpreted,dash_uninterpreted,not_estimable_censored_or_non_numeric,"EN 12457-2, L/S=10 (as described in article)"
Trifyl_France_single_facility,S8,B4,cB4,B,4,1-2,crushed_fraction_carbonated,SO42-,mg/L,11.59,1.91,11.59,1.91,,-1.803039415293122,-83.52027610008628,numeric,numeric,positive_numeric_pair,"EN 12457-2, L/S=10 (as described in article)"
Trifyl_France_single_facility,S8,B4,cB4,B,4,1-2,crushed_fraction_carbonated,Na+,mg/L,100.87,16.56,100.87,16.56,,-1.8068424101096305,-83.5828293843561,numeric,numeric,positive_numeric_pair,"EN 12457-2, L/S=10 (as described in article)"
Trifyl_France_single_facility,S8,B4,cB4,B,4,1-2,crushed_fraction_carbonated,NH4+,mg/L,1.31,-,1.31,,,,,numeric,dash_uninterpreted,not_estimable_censored_or_non_numeric,"EN 12457-2, L/S=10 (as described in article)"
Trifyl_France_single_facility,S8,B4,cB4,B,4,1-2,crushed_fraction_carbonated,K+,mg/L,86.76,3.12,86.76,3.12,,-3.3253126841372826,-96.40387275242047,numeric,numeric,positive_numeric_pair,"EN 12457-2, L/S=10 (as described in article)"
Trifyl_France_single_facility,S8,B4,cB4,B,4,1-2,crushed_fraction_carbonated,Mg2+,mg/L,0.08,1.67,0.08,1.67,,3.0385522707369192,1987.5,numeric,numeric,positive_numeric_pair,"EN 12457-2, L/S=10 (as described in article)"
Trifyl_France_single_facility,S8,B4,cB4,B,4,1-2,crushed_fraction_carbonated,Ca2+,mg/L,71.87,10.95,71.87,10.95,,-1.8815194752178417,-84.76415750660917,numeric,numeric,positive_numeric_pair,"EN 12457-2, L/S=10 (as described in article)"
Trifyl_France_single_facility,S8,B4,cB4,B,4,1-2,crushed_fraction_carbonated,Li+,mg/L,-,0.011,,0.011,,,,dash_uninterpreted,numeric,not_estimable_censored_or_non_numeric,"EN 12457-2, L/S=10 (as described in article)"
Trifyl_France_single_facility,S8,C1,cC1,C,1,<0.25,crushed_fraction_carbonated,F-,mg/L,-,2.14,,2.14,,,,dash_uninterpreted,numeric,not_estimable_censored_or_non_numeric,"EN 12457-2, L/S=10 (as described in article)"
Trifyl_France_single_facility,S8,C1,cC1,C,1,<0.25,crushed_fraction_carbonated,Cl-,mg/L,13.65,15.40,13.65,15.4,,0.12062798778861472,12.82051282051282,numeric,numeric,positive_numeric_pair,"EN 12457-2, L/S=10 (as described in article)"
Trifyl_France_single_facility,S8,C1,cC1,C,1,<0.25,crushed_fraction_carbonated,NO2-,mg/L,-,-,,,,,,dash_uninterpreted,dash_uninterpreted,not_estimable_censored_or_non_numeric,"EN 12457-2, L/S=10 (as described in article)"
Trifyl_France_single_facility,S8,C1,cC1,C,1,<0.25,crushed_fraction_carbonated,Br-,mg/L,-,-,,,,,,dash_uninterpreted,dash_uninterpreted,not_estimable_censored_or_non_numeric,"EN 12457-2, L/S=10 (as described in article)"
Trifyl_France_single_facility,S8,C1,cC1,C,1,<0.25,crushed_fraction_carbonated,NO3-,mg/L,-,-,,,,,,dash_uninterpreted,dash_uninterpreted,not_estimable_censored_or_non_numeric,"EN 12457-2, L/S=10 (as described in article)"
Trifyl_France_single_facility,S8,C1,cC1,C,1,<0.25,crushed_fraction_carbonated,PO43-,mg/L,-,-,,,,,,dash_uninterpreted,dash_uninterpreted,not_estimable_censored_or_non_numeric,"EN 12457-2, L/S=10 (as described in article)"
Trifyl_France_single_facility,S8,C1,cC1,C,1,<0.25,crushed_fraction_carbonated,SO42-,mg/L,-,9.03,,9.03,,,,dash_uninterpreted,numeric,not_estimable_censored_or_non_numeric,"EN 12457-2, L/S=10 (as described in article)"
Trifyl_France_single_facility,S8,C1,cC1,C,1,<0.25,crushed_fraction_carbonated,Na+,mg/L,228.06,9.86,228.06,9.86,,-3.1411225836146683,-95.67657633955976,numeric,numeric,positive_numeric_pair,"EN 12457-2, L/S=10 (as described in article)"
Trifyl_France_single_facility,S8,C1,cC1,C,1,<0.25,crushed_fraction_carbonated,NH4+,mg/L,1.60,0.13,1.6,0.13,,-2.5102244577722903,-91.875,numeric,numeric,positive_numeric_pair,"EN 12457-2, L/S=10 (as described in article)"
Trifyl_France_single_facility,S8,C1,cC1,C,1,<0.25,crushed_fraction_carbonated,K+,mg/L,189.12,6.28,189.12,6.28,,-3.405011753737626,-96.67935702199661,numeric,numeric,positive_numeric_pair,"EN 12457-2, L/S=10 (as described in article)"
Trifyl_France_single_facility,S8,C1,cC1,C,1,<0.25,crushed_fraction_carbonated,Mg2+,mg/L,0.39,3.19,0.39,3.19,,2.101629456655198,717.9487179487179,numeric,numeric,positive_numeric_pair,"EN 12457-2, L/S=10 (as described in article)"
Trifyl_France_single_facility,S8,C1,cC1,C,1,<0.25,crushed_fraction_carbonated,Ca2+,mg/L,105.07,52.00,105.07,52.0,,-0.7033830761192565,-50.50918435328828,numeric,numeric,positive_numeric_pair,"EN 12457-2, L/S=10 (as described in article)"
Trifyl_France_single_facility,S8,C1,cC1,C,1,<0.25,crushed_fraction_carbonated,Li+,mg/L,-,0.014,,0.014,,,,dash_uninterpreted,numeric,not_estimable_censored_or_non_numeric,"EN 12457-2, L/S=10 (as described in article)"
Trifyl_France_single_facility,S8,C2,cC2,C,2,0.25-0.5,crushed_fraction_carbonated,F-,mg/L,-,3.91,,3.91,,,,dash_uninterpreted,numeric,not_estimable_censored_or_non_numeric,"EN 12457-2, L/S=10 (as described in article)"
Trifyl_France_single_facility,S8,C2,cC2,C,2,0.25-0.5,crushed_fraction_carbonated,Cl-,mg/L,19.75,21.16,19.75,21.16,,0.06895911564296786,7.139240506329125,numeric,numeric,positive_numeric_pair,"EN 12457-2, L/S=10 (as described in article)"
Trifyl_France_single_facility,S8,C2,cC2,C,2,0.25-0.5,crushed_fraction_carbonated,NO2-,mg/L,-,-,,,,,,dash_uninterpreted,dash_uninterpreted,not_estimable_censored_or_non_numeric,"EN 12457-2, L/S=10 (as described in article)"
Trifyl_France_single_facility,S8,C2,cC2,C,2,0.25-0.5,crushed_fraction_carbonated,Br-,mg/L,-,-,,,,,,dash_uninterpreted,dash_uninterpreted,not_estimable_censored_or_non_numeric,"EN 12457-2, L/S=10 (as described in article)"
Trifyl_France_single_facility,S8,C2,cC2,C,2,0.25-0.5,crushed_fraction_carbonated,NO3-,mg/L,-,-,,,,,,dash_uninterpreted,dash_uninterpreted,not_estimable_censored_or_non_numeric,"EN 12457-2, L/S=10 (as described in article)"
Trifyl_France_single_facility,S8,C2,cC2,C,2,0.25-0.5,crushed_fraction_carbonated,PO43-,mg/L,-,-,,,,,,dash_uninterpreted,dash_uninterpreted,not_estimable_censored_or_non_numeric,"EN 12457-2, L/S=10 (as described in article)"
Trifyl_France_single_facility,S8,C2,cC2,C,2,0.25-0.5,crushed_fraction_carbonated,SO42-,mg/L,6.97,5.47,6.97,5.47,,-0.24233660833854268,-21.52080344332855,numeric,numeric,positive_numeric_pair,"EN 12457-2, L/S=10 (as described in article)"
Trifyl_France_single_facility,S8,C2,cC2,C,2,0.25-0.5,crushed_fraction_carbonated,Na+,mg/L,180.19,-0.92,180.19,-0.92,,,,numeric,numeric,numeric_pair_nonpositive_not_log_transformed,"EN 12457-2, L/S=10 (as described in article)"
Trifyl_France_single_facility,S8,C2,cC2,C,2,0.25-0.5,crushed_fraction_carbonated,NH4+,mg/L,1.02,-,1.02,,,,,numeric,dash_uninterpreted,not_estimable_censored_or_non_numeric,"EN 12457-2, L/S=10 (as described in article)"
Trifyl_France_single_facility,S8,C2,cC2,C,2,0.25-0.5,crushed_fraction_carbonated,K+,mg/L,152.96,6.31,152.96,6.31,,-3.1880407727499693,-95.87473849372385,numeric,numeric,positive_numeric_pair,"EN 12457-2, L/S=10 (as described in article)"
Trifyl_France_single_facility,S8,C2,cC2,C,2,0.25-0.5,crushed_fraction_carbonated,Mg2+,mg/L,0.34,0.27,0.34,0.27,,-0.23052365861183238,-20.588235294117652,numeric,numeric,positive_numeric_pair,"EN 12457-2, L/S=10 (as described in article)"
Trifyl_France_single_facility,S8,C2,cC2,C,2,0.25-0.5,crushed_fraction_carbonated,Ca2+,mg/L,101.23,85.58,101.23,85.58,,-0.16794354462198963,-15.459843919786632,numeric,numeric,positive_numeric_pair,"EN 12457-2, L/S=10 (as described in article)"
Trifyl_France_single_facility,S8,C2,cC2,C,2,0.25-0.5,crushed_fraction_carbonated,Li+,mg/L,-,-,,,,,,dash_uninterpreted,dash_uninterpreted,not_estimable_censored_or_non_numeric,"EN 12457-2, L/S=10 (as described in article)"
Trifyl_France_single_facility,S8,C3,cC3,C,3,0.5-1,crushed_fraction_carbonated,F-,mg/L,-,1.23,,1.23,,,,dash_uninterpreted,numeric,not_estimable_censored_or_non_numeric,"EN 12457-2, L/S=10 (as described in article)"
Trifyl_France_single_facility,S8,C3,cC3,C,3,0.5-1,crushed_fraction_carbonated,Cl-,mg/L,251.29,18.34,251.29,18.34,,-2.6175231838534576,-92.70165943730352,numeric,numeric,positive_numeric_pair,"EN 12457-2, L/S=10 (as described in article)"
Trifyl_France_single_facility,S8,C3,cC3,C,3,0.5-1,crushed_fraction_carbonated,NO2-,mg/L,-,-,,,,,,dash_uninterpreted,dash_uninterpreted,not_estimable_censored_or_non_numeric,"EN 12457-2, L/S=10 (as described in article)"
Trifyl_France_single_facility,S8,C3,cC3,C,3,0.5-1,crushed_fraction_carbonated,Br-,mg/L,-,-,,,,,,dash_uninterpreted,dash_uninterpreted,not_estimable_censored_or_non_numeric,"EN 12457-2, L/S=10 (as described in article)"
Trifyl_France_single_facility,S8,C3,cC3,C,3,0.5-1,crushed_fraction_carbonated,NO3-,mg/L,-,-,,,,,,dash_uninterpreted,dash_uninterpreted,not_estimable_censored_or_non_numeric,"EN 12457-2, L/S=10 (as described in article)"
Trifyl_France_single_facility,S8,C3,cC3,C,3,0.5-1,crushed_fraction_carbonated,PO43-,mg/L,-,-,,,,,,dash_uninterpreted,dash_uninterpreted,not_estimable_censored_or_non_numeric,"EN 12457-2, L/S=10 (as described in article)"
Trifyl_France_single_facility,S8,C3,cC3,C,3,0.5-1,crushed_fraction_carbonated,SO42-,mg/L,42.58,3.86,42.58,3.86,,-2.400717475988594,-90.93471113198684,numeric,numeric,positive_numeric_pair,"EN 12457-2, L/S=10 (as described in article)"
Trifyl_France_single_facility,S8,C3,cC3,C,3,0.5-1,crushed_fraction_carbonated,Na+,mg/L,128.51,12.42,128.51,12.42,,-2.336698645813717,-90.33538246050891,numeric,numeric,positive_numeric_pair,"EN 12457-2, L/S=10 (as described in article)"
Trifyl_France_single_facility,S8,C3,cC3,C,3,0.5-1,crushed_fraction_carbonated,NH4+,mg/L,-,-,,,,,,dash_uninterpreted,dash_uninterpreted,not_estimable_censored_or_non_numeric,"EN 12457-2, L/S=10 (as described in article)"
Trifyl_France_single_facility,S8,C3,cC3,C,3,0.5-1,crushed_fraction_carbonated,K+,mg/L,112.81,4.83,112.81,4.83,,-3.150858519952348,-95.71846467511746,numeric,numeric,positive_numeric_pair,"EN 12457-2, L/S=10 (as described in article)"
Trifyl_France_single_facility,S8,C3,cC3,C,3,0.5-1,crushed_fraction_carbonated,Mg2+,mg/L,0.03,2.12,0.03,2.12,,4.257973986003903,6966.666666666667,numeric,numeric,positive_numeric_pair,"EN 12457-2, L/S=10 (as described in article)"
Trifyl_France_single_facility,S8,C3,cC3,C,3,0.5-1,crushed_fraction_carbonated,Ca2+,mg/L,77.63,18.81,77.63,18.81,,-1.41756530710465,-75.76967667138993,numeric,numeric,positive_numeric_pair,"EN 12457-2, L/S=10 (as described in article)"
Trifyl_France_single_facility,S8,C3,cC3,C,3,0.5-1,crushed_fraction_carbonated,Li+,mg/L,-,0.018,,0.018,,,,dash_uninterpreted,numeric,not_estimable_censored_or_non_numeric,"EN 12457-2, L/S=10 (as described in article)"
Trifyl_France_single_facility,S8,C4,cC4,C,4,1-2,crushed_fraction_carbonated,F-,mg/L,-,1.23,,1.23,,,,dash_uninterpreted,numeric,not_estimable_censored_or_non_numeric,"EN 12457-2, L/S=10 (as described in article)"
Trifyl_France_single_facility,S8,C4,cC4,C,4,1-2,crushed_fraction_carbonated,Cl-,mg/L,23.61,7.02,23.61,7.02,,-1.2129071330597019,-70.26683608640407,numeric,numeric,positive_numeric_pair,"EN 12457-2, L/S=10 (as described in article)"
Trifyl_France_single_facility,S8,C4,cC4,C,4,1-2,crushed_fraction_carbonated,NO2-,mg/L,-,-,,,,,,dash_uninterpreted,dash_uninterpreted,not_estimable_censored_or_non_numeric,"EN 12457-2, L/S=10 (as described in article)"
Trifyl_France_single_facility,S8,C4,cC4,C,4,1-2,crushed_fraction_carbonated,Br-,mg/L,-,-,,,,,,dash_uninterpreted,dash_uninterpreted,not_estimable_censored_or_non_numeric,"EN 12457-2, L/S=10 (as described in article)"
Trifyl_France_single_facility,S8,C4,cC4,C,4,1-2,crushed_fraction_carbonated,NO3-,mg/L,-,-,,,,,,dash_uninterpreted,dash_uninterpreted,not_estimable_censored_or_non_numeric,"EN 12457-2, L/S=10 (as described in article)"
Trifyl_France_single_facility,S8,C4,cC4,C,4,1-2,crushed_fraction_carbonated,PO43-,mg/L,-,-,,,,,,dash_uninterpreted,dash_uninterpreted,not_estimable_censored_or_non_numeric,"EN 12457-2, L/S=10 (as described in article)"
Trifyl_France_single_facility,S8,C4,cC4,C,4,1-2,crushed_fraction_carbonated,SO42-,mg/L,5.63,1.62,5.63,1.62,,-1.2456832929073063,-71.22557726465364,numeric,numeric,positive_numeric_pair,"EN 12457-2, L/S=10 (as described in article)"
Trifyl_France_single_facility,S8,C4,cC4,C,4,1-2,crushed_fraction_carbonated,Na+,mg/L,114.40,16.26,114.4,16.26,,-1.950992974826033,-85.7867132867133,numeric,numeric,positive_numeric_pair,"EN 12457-2, L/S=10 (as described in article)"
Trifyl_France_single_facility,S8,C4,cC4,C,4,1-2,crushed_fraction_carbonated,NH4+,mg/L,0.90,-,0.9,,,,,numeric,dash_uninterpreted,not_estimable_censored_or_non_numeric,"EN 12457-2, L/S=10 (as described in article)"
Trifyl_France_single_facility,S8,C4,cC4,C,4,1-2,crushed_fraction_carbonated,K+,mg/L,100.41,4.33,100.41,4.33,,-3.1436942618769463,-95.68768050990937,numeric,numeric,positive_numeric_pair,"EN 12457-2, L/S=10 (as described in article)"
Trifyl_France_single_facility,S8,C4,cC4,C,4,1-2,crushed_fraction_carbonated,Mg2+,mg/L,0.04,1.72,0.04,1.72,,3.7612001156935624,4200.0,numeric,numeric,positive_numeric_pair,"EN 12457-2, L/S=10 (as described in article)"
Trifyl_France_single_facility,S8,C4,cC4,C,4,1-2,crushed_fraction_carbonated,Ca2+,mg/L,69.37,15.28,69.37,15.28,,-1.5129097136588356,-77.97318725673922,numeric,numeric,positive_numeric_pair,"EN 12457-2, L/S=10 (as described in article)"
Trifyl_France_single_facility,S8,C4,cC4,C,4,1-2,crushed_fraction_carbonated,Li+,mg/L,-,0.014,,0.014,,,,dash_uninterpreted,numeric,not_estimable_censored_or_non_numeric,"EN 12457-2, L/S=10 (as described in article)"
Trifyl_France_single_facility,S8,D1,cD1,D,1,<0.25,crushed_fraction_carbonated,F-,mg/L,2.54,2.03,2.54,2.03,,-0.22412828797674936,-20.078740157480325,numeric,numeric,positive_numeric_pair,"EN 12457-2, L/S=10 (as described in article)"
Trifyl_France_single_facility,S8,D1,cD1,D,1,<0.25,crushed_fraction_carbonated,Cl-,mg/L,100.92,13.78,100.92,13.78,,-1.9911098581873445,-86.34562029330162,numeric,numeric,positive_numeric_pair,"EN 12457-2, L/S=10 (as described in article)"
Trifyl_France_single_facility,S8,D1,cD1,D,1,<0.25,crushed_fraction_carbonated,NO2-,mg/L,-,-,,,,,,dash_uninterpreted,dash_uninterpreted,not_estimable_censored_or_non_numeric,"EN 12457-2, L/S=10 (as described in article)"
Trifyl_France_single_facility,S8,D1,cD1,D,1,<0.25,crushed_fraction_carbonated,Br-,mg/L,-,-,,,,,,dash_uninterpreted,dash_uninterpreted,not_estimable_censored_or_non_numeric,"EN 12457-2, L/S=10 (as described in article)"
Trifyl_France_single_facility,S8,D1,cD1,D,1,<0.25,crushed_fraction_carbonated,NO3-,mg/L,-,-,,,,,,dash_uninterpreted,dash_uninterpreted,not_estimable_censored_or_non_numeric,"EN 12457-2, L/S=10 (as described in article)"
Trifyl_France_single_facility,S8,D1,cD1,D,1,<0.25,crushed_fraction_carbonated,PO43-,mg/L,-,-,,,,,,dash_uninterpreted,dash_uninterpreted,not_estimable_censored_or_non_numeric,"EN 12457-2, L/S=10 (as described in article)"
Trifyl_France_single_facility,S8,D1,cD1,D,1,<0.25,crushed_fraction_carbonated,SO42-,mg/L,81.66,6.90,81.66,6.9,,-2.471042874288216,-91.55033063923585,numeric,numeric,positive_numeric_pair,"EN 12457-2, L/S=10 (as described in article)"
Trifyl_France_single_facility,S8,D1,cD1,D,1,<0.25,crushed_fraction_carbonated,Na+,mg/L,166.31,7.05,166.31,7.05,,-3.1608258998578713,-95.76092838674764,numeric,numeric,positive_numeric_pair,"EN 12457-2, L/S=10 (as described in article)"
Trifyl_France_single_facility,S8,D1,cD1,D,1,<0.25,crushed_fraction_carbonated,NH4+,mg/L,1.45,0.15,1.45,0.15,,-2.268683541318364,-89.65517241379311,numeric,numeric,positive_numeric_pair,"EN 12457-2, L/S=10 (as described in article)"
Trifyl_France_single_facility,S8,D1,cD1,D,1,<0.25,crushed_fraction_carbonated,K+,mg/L,149.64,4.16,149.64,4.16,,-3.582717335206773,-97.21999465383587,numeric,numeric,positive_numeric_pair,"EN 12457-2, L/S=10 (as described in article)"
Trifyl_France_single_facility,S8,D1,cD1,D,1,<0.25,crushed_fraction_carbonated,Mg2+,mg/L,0.03,3.09,0.03,3.09,,4.634728988229636,10200.0,numeric,numeric,positive_numeric_pair,"EN 12457-2, L/S=10 (as described in article)"
Trifyl_France_single_facility,S8,D1,cD1,D,1,<0.25,crushed_fraction_carbonated,Ca2+,mg/L,39.21,42.79,39.21,42.79,,0.08737261412448524,9.130323896965065,numeric,numeric,positive_numeric_pair,"EN 12457-2, L/S=10 (as described in article)"
Trifyl_France_single_facility,S8,D1,cD1,D,1,<0.25,crushed_fraction_carbonated,Li+,mg/L,0.006,0.011,0.006,0.011,,0.6061358035703155,83.33333333333333,numeric,numeric,positive_numeric_pair,"EN 12457-2, L/S=10 (as described in article)"
Trifyl_France_single_facility,S8,D2,cD2,D,2,0.25-0.5,crushed_fraction_carbonated,F-,mg/L,-,2.68,,2.68,,,,dash_uninterpreted,numeric,not_estimable_censored_or_non_numeric,"EN 12457-2, L/S=10 (as described in article)"
Trifyl_France_single_facility,S8,D2,cD2,D,2,0.25-0.5,crushed_fraction_carbonated,Cl-,mg/L,84.03,19.76,84.03,19.76,,-1.447514185620405,-76.48458883732,numeric,numeric,positive_numeric_pair,"EN 12457-2, L/S=10 (as described in article)"
Trifyl_France_single_facility,S8,D2,cD2,D,2,0.25-0.5,crushed_fraction_carbonated,NO2-,mg/L,-,-,,,,,,dash_uninterpreted,dash_uninterpreted,not_estimable_censored_or_non_numeric,"EN 12457-2, L/S=10 (as described in article)"
Trifyl_France_single_facility,S8,D2,cD2,D,2,0.25-0.5,crushed_fraction_carbonated,Br-,mg/L,-,-,,,,,,dash_uninterpreted,dash_uninterpreted,not_estimable_censored_or_non_numeric,"EN 12457-2, L/S=10 (as described in article)"
Trifyl_France_single_facility,S8,D2,cD2,D,2,0.25-0.5,crushed_fraction_carbonated,NO3-,mg/L,-,0.14,,0.14,,,,dash_uninterpreted,numeric,not_estimable_censored_or_non_numeric,"EN 12457-2, L/S=10 (as described in article)"
Trifyl_France_single_facility,S8,D2,cD2,D,2,0.25-0.5,crushed_fraction_carbonated,PO43-,mg/L,-,-,,,,,,dash_uninterpreted,dash_uninterpreted,not_estimable_censored_or_non_numeric,"EN 12457-2, L/S=10 (as described in article)"
Trifyl_France_single_facility,S8,D2,cD2,D,2,0.25-0.5,crushed_fraction_carbonated,SO42-,mg/L,23.37,5.77,23.37,5.77,,-1.3987810680307584,-75.3102267864784,numeric,numeric,positive_numeric_pair,"EN 12457-2, L/S=10 (as described in article)"
Trifyl_France_single_facility,S8,D2,cD2,D,2,0.25-0.5,crushed_fraction_carbonated,Na+,mg/L,76.84,7.40,76.84,7.4,,-2.3402453376902317,-90.36959916710046,numeric,numeric,positive_numeric_pair,"EN 12457-2, L/S=10 (as described in article)"
Trifyl_France_single_facility,S8,D2,cD2,D,2,0.25-0.5,crushed_fraction_carbonated,NH4+,mg/L,0.42,0.18,0.42,0.18,,-0.8472978603872037,-57.14285714285714,numeric,numeric,positive_numeric_pair,"EN 12457-2, L/S=10 (as described in article)"
Trifyl_France_single_facility,S8,D2,cD2,D,2,0.25-0.5,crushed_fraction_carbonated,K+,mg/L,70.52,4.79,70.52,4.79,,-2.6893659461068458,-93.20760068065796,numeric,numeric,positive_numeric_pair,"EN 12457-2, L/S=10 (as described in article)"
Trifyl_France_single_facility,S8,D2,cD2,D,2,0.25-0.5,crushed_fraction_carbonated,Mg2+,mg/L,0.24,0.23,0.24,0.23,,-0.04255961441879589,-4.1666666666666625,numeric,numeric,positive_numeric_pair,"EN 12457-2, L/S=10 (as described in article)"
Trifyl_France_single_facility,S8,D2,cD2,D,2,0.25-0.5,crushed_fraction_carbonated,Ca2+,mg/L,39.35,54.82,39.35,54.82,,0.33155911601122756,39.313850063532406,numeric,numeric,positive_numeric_pair,"EN 12457-2, L/S=10 (as described in article)"
Trifyl_France_single_facility,S8,D2,cD2,D,2,0.25-0.5,crushed_fraction_carbonated,Li+,mg/L,0.002,0.010,0.002,0.01,,1.6094379124341003,400.0,numeric,numeric,positive_numeric_pair,"EN 12457-2, L/S=10 (as described in article)"
Trifyl_France_single_facility,S8,D3,cD3,D,3,0.5-1,crushed_fraction_carbonated,F-,mg/L,-,1.26,,1.26,,,,dash_uninterpreted,numeric,not_estimable_censored_or_non_numeric,"EN 12457-2, L/S=10 (as described in article)"
Trifyl_France_single_facility,S8,D3,cD3,D,3,0.5-1,crushed_fraction_carbonated,Cl-,mg/L,116.65,11.81,116.65,11.81,,-2.290231368258168,-89.87569652807544,numeric,numeric,positive_numeric_pair,"EN 12457-2, L/S=10 (as described in article)"
Trifyl_France_single_facility,S8,D3,cD3,D,3,0.5-1,crushed_fraction_carbonated,NO2-,mg/L,-,-,,,,,,dash_uninterpreted,dash_uninterpreted,not_estimable_censored_or_non_numeric,"EN 12457-2, L/S=10 (as described in article)"
Trifyl_France_single_facility,S8,D3,cD3,D,3,0.5-1,crushed_fraction_carbonated,Br-,mg/L,-,-,,,,,,dash_uninterpreted,dash_uninterpreted,not_estimable_censored_or_non_numeric,"EN 12457-2, L/S=10 (as described in article)"
Trifyl_France_single_facility,S8,D3,cD3,D,3,0.5-1,crushed_fraction_carbonated,NO3-,mg/L,-,-,,,,,,dash_uninterpreted,dash_uninterpreted,not_estimable_censored_or_non_numeric,"EN 12457-2, L/S=10 (as described in article)"
Trifyl_France_single_facility,S8,D3,cD3,D,3,0.5-1,crushed_fraction_carbonated,PO43-,mg/L,-,-,,,,,,dash_uninterpreted,dash_uninterpreted,not_estimable_censored_or_non_numeric,"EN 12457-2, L/S=10 (as described in article)"
Trifyl_France_single_facility,S8,D3,cD3,D,3,0.5-1,crushed_fraction_carbonated,SO42-,mg/L,33.64,2.59,33.64,2.59,,-2.564057959393301,-92.30083234244947,numeric,numeric,positive_numeric_pair,"EN 12457-2, L/S=10 (as described in article)"
Trifyl_France_single_facility,S8,D3,cD3,D,3,0.5-1,crushed_fraction_carbonated,Na+,mg/L,146.26,10.06,146.26,10.06,,-2.676818695171212,-93.12183782305483,numeric,numeric,positive_numeric_pair,"EN 12457-2, L/S=10 (as described in article)"
Trifyl_France_single_facility,S8,D3,cD3,D,3,0.5-1,crushed_fraction_carbonated,NH4+,mg/L,1.38,0.06,1.38,0.06,,-3.1354942159291497,-95.65217391304348,numeric,numeric,positive_numeric_pair,"EN 12457-2, L/S=10 (as described in article)"
Trifyl_France_single_facility,S8,D3,cD3,D,3,0.5-1,crushed_fraction_carbonated,K+,mg/L,149.20,3.68,149.2,3.68,,-3.702374935588821,-97.53351206434317,numeric,numeric,positive_numeric_pair,"EN 12457-2, L/S=10 (as described in article)"
Trifyl_France_single_facility,S8,D3,cD3,D,3,0.5-1,crushed_fraction_carbonated,Mg2+,mg/L,0.16,1.99,0.16,1.99,,2.520716102484711,1143.75,numeric,numeric,positive_numeric_pair,"EN 12457-2, L/S=10 (as described in article)"
Trifyl_France_single_facility,S8,D3,cD3,D,3,0.5-1,crushed_fraction_carbonated,Ca2+,mg/L,112.33,16.53,112.33,16.53,,-1.916264055820545,-85.28442980503871,numeric,numeric,positive_numeric_pair,"EN 12457-2, L/S=10 (as described in article)"
Trifyl_France_single_facility,S8,D3,cD3,D,3,0.5-1,crushed_fraction_carbonated,Li+,mg/L,-,0.014,,0.014,,,,dash_uninterpreted,numeric,not_estimable_censored_or_non_numeric,"EN 12457-2, L/S=10 (as described in article)"
Trifyl_France_single_facility,S8,D4,cD4,D,4,1-2,crushed_fraction_carbonated,F-,mg/L,-,0.98,,0.98,,,,dash_uninterpreted,numeric,not_estimable_censored_or_non_numeric,"EN 12457-2, L/S=10 (as described in article)"
Trifyl_France_single_facility,S8,D4,cD4,D,4,1-2,crushed_fraction_carbonated,Cl-,mg/L,149.67,4.83,149.67,4.83,,-3.4335864028765744,-96.77290038083784,numeric,numeric,positive_numeric_pair,"EN 12457-2, L/S=10 (as described in article)"
Trifyl_France_single_facility,S8,D4,cD4,D,4,1-2,crushed_fraction_carbonated,NO2-,mg/L,-,0.01,,0.01,,,,dash_uninterpreted,numeric,not_estimable_censored_or_non_numeric,"EN 12457-2, L/S=10 (as described in article)"
Trifyl_France_single_facility,S8,D4,cD4,D,4,1-2,crushed_fraction_carbonated,Br-,mg/L,-,-,,,,,,dash_uninterpreted,dash_uninterpreted,not_estimable_censored_or_non_numeric,"EN 12457-2, L/S=10 (as described in article)"
Trifyl_France_single_facility,S8,D4,cD4,D,4,1-2,crushed_fraction_carbonated,NO3-,mg/L,-,-,,,,,,dash_uninterpreted,dash_uninterpreted,not_estimable_censored_or_non_numeric,"EN 12457-2, L/S=10 (as described in article)"
Trifyl_France_single_facility,S8,D4,cD4,D,4,1-2,crushed_fraction_carbonated,PO43-,mg/L,-,-,,,,,,dash_uninterpreted,dash_uninterpreted,not_estimable_censored_or_non_numeric,"EN 12457-2, L/S=10 (as described in article)"
Trifyl_France_single_facility,S8,D4,cD4,D,4,1-2,crushed_fraction_carbonated,SO42-,mg/L,11.17,0.79,11.17,0.79,,-2.648953946602179,-92.92748433303491,numeric,numeric,positive_numeric_pair,"EN 12457-2, L/S=10 (as described in article)"
Trifyl_France_single_facility,S8,D4,cD4,D,4,1-2,crushed_fraction_carbonated,Na+,mg/L,127.97,8.86,127.97,8.86,,-2.670249096832515,-93.07650230522779,numeric,numeric,positive_numeric_pair,"EN 12457-2, L/S=10 (as described in article)"
Trifyl_France_single_facility,S8,D4,cD4,D,4,1-2,crushed_fraction_carbonated,NH4+,mg/L,1.25,0.08,1.25,0.08,,-2.7488721956224653,-93.6,numeric,numeric,positive_numeric_pair,"EN 12457-2, L/S=10 (as described in article)"
Trifyl_France_single_facility,S8,D4,cD4,D,4,1-2,crushed_fraction_carbonated,K+,mg/L,131.19,2.86,131.19,2.86,,-3.825825029261178,-97.81995578931321,numeric,numeric,positive_numeric_pair,"EN 12457-2, L/S=10 (as described in article)"
Trifyl_France_single_facility,S8,D4,cD4,D,4,1-2,crushed_fraction_carbonated,Mg2+,mg/L,-0.08,2.39,-0.08,2.39,,,,numeric,numeric,numeric_pair_nonpositive_not_log_transformed,"EN 12457-2, L/S=10 (as described in article)"
Trifyl_France_single_facility,S8,D4,cD4,D,4,1-2,crushed_fraction_carbonated,Ca2+,mg/L,117.28,14.14,117.28,14.14,,-2.115556577669915,-87.94338335607094,numeric,numeric,positive_numeric_pair,"EN 12457-2, L/S=10 (as described in article)"
Trifyl_France_single_facility,S8,D4,cD4,D,4,1-2,crushed_fraction_carbonated,Li+,mg/L,-,0.011,,0.011,,,,dash_uninterpreted,numeric,not_estimable_censored_or_non_numeric,"EN 12457-2, L/S=10 (as described in article)"
