study_id,citation,doi,source_url,country,eu27_status,source_lineage_id,source_lineage_count_in_article,treatment_id,treatment,particle_fraction,response_matrix,endpoint,endpoint_class,leaching_protocol,liquid_solid_ratio,duration_or_condition,unit,baseline_mean,baseline_sd,treated_mean,treated_sd,baseline_value_status,treated_value_status,reported_percent_change,change_pct_calc,log_response_ratio,response_direction,threshold_value,threshold_unit,treated_mean_threshold_relation,uncertainty_crosses_threshold,replication_note,exact_locator,data_access_and_limitation,source_material,lineage_replication_note,baseline_condition,treated_condition,technical_duplicate_id,table_page_label_occurrence,protocol_family,baseline_value,treated_value,absolute_change,percent_change_calculated,threshold_or_compliance_assessed,data_access_limitation,zero_and_blank_rule,source_value_unit,extraction_record_status
ABIS2021,"Abis et al. (2021), Materials 14:3133",10.3390/ma14113133,https://doi.org/10.3390/ma14113133,Germany,EU-27 at study publication; country-specific evidence only,ABIS2021-Plant-A,2,Plant-A-abrasion-60min,dry abrasion 60 min,coarse MIBA after prior Fe/NFe recovery and 12-week storage,ash eluate; cumulative column release,Cl-,salt_anion,DIN 19528 column leaching,cumulative 4 L/kg,60 min abrasion,mg/kg,3244,111,2329,275,numeric_mean_transcribed_from_public_table,numeric_mean_transcribed_from_public_table,,-28.205918618988903,-0.33136814535096254,lower,,,not_applicable,not_assessed,"Published table values only; raw lab dataset is not public under consortium confidentiality. 15 increments were merged into one composite for each plant; triplicate columns are technical, not independent feedstocks.",Published article Table 4; Methods §§2.2–2.5; DIN 19528 column test; values at cumulative L/S=4 L/kg,"Published table values only; raw lab dataset is not public under consortium confidentiality. 15 increments were merged into one composite for each plant; triplicate columns are technical, not independent feedstocks.",,,,,,,,,,,,,,,,
ABIS2021,"Abis et al. (2021), Materials 14:3133",10.3390/ma14113133,https://doi.org/10.3390/ma14113133,Germany,EU-27 at study publication; country-specific evidence only,ABIS2021-Plant-A,2,Plant-A-abrasion-120min,dry abrasion 120 min,coarse MIBA after prior Fe/NFe recovery and 12-week storage,ash eluate; cumulative column release,Cl-,salt_anion,DIN 19528 column leaching,cumulative 4 L/kg,120 min abrasion,mg/kg,3244,111,1589,123,numeric_mean_transcribed_from_public_table,numeric_mean_transcribed_from_public_table,,-51.01726263871763,-0.7137022486985876,lower,,,not_applicable,not_assessed,"Published table values only; raw lab dataset is not public under consortium confidentiality. 15 increments were merged into one composite for each plant; triplicate columns are technical, not independent feedstocks.",Published article Table 4; Methods §§2.2–2.5; DIN 19528 column test; values at cumulative L/S=4 L/kg,"Published table values only; raw lab dataset is not public under consortium confidentiality. 15 increments were merged into one composite for each plant; triplicate columns are technical, not independent feedstocks.",,,,,,,,,,,,,,,,
ABIS2021,"Abis et al. (2021), Materials 14:3133",10.3390/ma14113133,https://doi.org/10.3390/ma14113133,Sweden,EU-27 at study publication; country-specific evidence only,ABIS2021-Plant-B,2,Plant-B-abrasion-60min,dry abrasion 60 min,coarse MIBA after prior Fe/NFe recovery and 12-week storage,ash eluate; cumulative column release,Cl-,salt_anion,DIN 19528 column leaching,cumulative 4 L/kg,60 min abrasion,mg/kg,1043,102,872,56,numeric_mean_transcribed_from_public_table,numeric_mean_transcribed_from_public_table,,-16.39501438159156,-0.17906703109179287,lower,,,not_applicable,not_assessed,"Published table values only; raw lab dataset is not public under consortium confidentiality. 15 increments were merged into one composite for each plant; triplicate columns are technical, not independent feedstocks.",Published article Table 4; Methods §§2.2–2.5; DIN 19528 column test; values at cumulative L/S=4 L/kg,"Published table values only; raw lab dataset is not public under consortium confidentiality. 15 increments were merged into one composite for each plant; triplicate columns are technical, not independent feedstocks.",,,,,,,,,,,,,,,,
ABIS2021,"Abis et al. (2021), Materials 14:3133",10.3390/ma14113133,https://doi.org/10.3390/ma14113133,Sweden,EU-27 at study publication; country-specific evidence only,ABIS2021-Plant-B,2,Plant-B-abrasion-120min,dry abrasion 120 min,coarse MIBA after prior Fe/NFe recovery and 12-week storage,ash eluate; cumulative column release,Cl-,salt_anion,DIN 19528 column leaching,cumulative 4 L/kg,120 min abrasion,mg/kg,1043,102,774,27,numeric_mean_transcribed_from_public_table,numeric_mean_transcribed_from_public_table,,-25.790987535953978,-0.29828458141104536,lower,,,not_applicable,not_assessed,"Published table values only; raw lab dataset is not public under consortium confidentiality. 15 increments were merged into one composite for each plant; triplicate columns are technical, not independent feedstocks.",Published article Table 4; Methods §§2.2–2.5; DIN 19528 column test; values at cumulative L/S=4 L/kg,"Published table values only; raw lab dataset is not public under consortium confidentiality. 15 increments were merged into one composite for each plant; triplicate columns are technical, not independent feedstocks.",,,,,,,,,,,,,,,,
ABIS2021,"Abis et al. (2021), Materials 14:3133",10.3390/ma14113133,https://doi.org/10.3390/ma14113133,Germany,EU-27 at study publication; country-specific evidence only,ABIS2021-Plant-A,2,Plant-A-abrasion-60min,dry abrasion 60 min,coarse MIBA after prior Fe/NFe recovery and 12-week storage,ash eluate; cumulative column release,SO4(2-),salt_anion,DIN 19528 column leaching,cumulative 4 L/kg,60 min abrasion,mg/kg,1587,73,1160,42,numeric_mean_transcribed_from_public_table,numeric_mean_transcribed_from_public_table,,-26.90611216131065,-0.31342543642599874,lower,,,not_applicable,not_assessed,"Published table values only; raw lab dataset is not public under consortium confidentiality. 15 increments were merged into one composite for each plant; triplicate columns are technical, not independent feedstocks.",Published article Table 4; Methods §§2.2–2.5; DIN 19528 column test; values at cumulative L/S=4 L/kg,"Published table values only; raw lab dataset is not public under consortium confidentiality. 15 increments were merged into one composite for each plant; triplicate columns are technical, not independent feedstocks.",,,,,,,,,,,,,,,,
ABIS2021,"Abis et al. (2021), Materials 14:3133",10.3390/ma14113133,https://doi.org/10.3390/ma14113133,Germany,EU-27 at study publication; country-specific evidence only,ABIS2021-Plant-A,2,Plant-A-abrasion-120min,dry abrasion 120 min,coarse MIBA after prior Fe/NFe recovery and 12-week storage,ash eluate; cumulative column release,SO4(2-),salt_anion,DIN 19528 column leaching,cumulative 4 L/kg,120 min abrasion,mg/kg,1587,73,806,39,numeric_mean_transcribed_from_public_table,numeric_mean_transcribed_from_public_table,,-49.21235034656585,-0.6775169780197807,lower,,,not_applicable,not_assessed,"Published table values only; raw lab dataset is not public under consortium confidentiality. 15 increments were merged into one composite for each plant; triplicate columns are technical, not independent feedstocks.",Published article Table 4; Methods §§2.2–2.5; DIN 19528 column test; values at cumulative L/S=4 L/kg,"Published table values only; raw lab dataset is not public under consortium confidentiality. 15 increments were merged into one composite for each plant; triplicate columns are technical, not independent feedstocks.",,,,,,,,,,,,,,,,
ABIS2021,"Abis et al. (2021), Materials 14:3133",10.3390/ma14113133,https://doi.org/10.3390/ma14113133,Sweden,EU-27 at study publication; country-specific evidence only,ABIS2021-Plant-B,2,Plant-B-abrasion-60min,dry abrasion 60 min,coarse MIBA after prior Fe/NFe recovery and 12-week storage,ash eluate; cumulative column release,SO4(2-),salt_anion,DIN 19528 column leaching,cumulative 4 L/kg,60 min abrasion,mg/kg,2037,70,1441,76,numeric_mean_transcribed_from_public_table,numeric_mean_transcribed_from_public_table,,-29.258713794796268,-0.34614082022728365,lower,,,not_applicable,not_assessed,"Published table values only; raw lab dataset is not public under consortium confidentiality. 15 increments were merged into one composite for each plant; triplicate columns are technical, not independent feedstocks.",Published article Table 4; Methods §§2.2–2.5; DIN 19528 column test; values at cumulative L/S=4 L/kg,"Published table values only; raw lab dataset is not public under consortium confidentiality. 15 increments were merged into one composite for each plant; triplicate columns are technical, not independent feedstocks.",,,,,,,,,,,,,,,,
ABIS2021,"Abis et al. (2021), Materials 14:3133",10.3390/ma14113133,https://doi.org/10.3390/ma14113133,Sweden,EU-27 at study publication; country-specific evidence only,ABIS2021-Plant-B,2,Plant-B-abrasion-120min,dry abrasion 120 min,coarse MIBA after prior Fe/NFe recovery and 12-week storage,ash eluate; cumulative column release,SO4(2-),salt_anion,DIN 19528 column leaching,cumulative 4 L/kg,120 min abrasion,mg/kg,2037,70,1132,54,numeric_mean_transcribed_from_public_table,numeric_mean_transcribed_from_public_table,,-44.428080510554736,-0.5874921574636776,lower,,,not_applicable,not_assessed,"Published table values only; raw lab dataset is not public under consortium confidentiality. 15 increments were merged into one composite for each plant; triplicate columns are technical, not independent feedstocks.",Published article Table 4; Methods §§2.2–2.5; DIN 19528 column test; values at cumulative L/S=4 L/kg,"Published table values only; raw lab dataset is not public under consortium confidentiality. 15 increments were merged into one composite for each plant; triplicate columns are technical, not independent feedstocks.",,,,,,,,,,,,,,,,
ABIS2021,"Abis et al. (2021), Materials 14:3133",10.3390/ma14113133,https://doi.org/10.3390/ma14113133,Germany,EU-27 at study publication; country-specific evidence only,ABIS2021-Plant-A,2,Plant-A-abrasion-60min,dry abrasion 60 min,coarse MIBA after prior Fe/NFe recovery and 12-week storage,ash eluate; cumulative column release,DOC,major_eluate_component,DIN 19528 column leaching,cumulative 4 L/kg,60 min abrasion,mg/kg,264,16,180,11,numeric_mean_transcribed_from_public_table,numeric_mean_transcribed_from_public_table,,-31.818181818181817,-0.38299225225610584,lower,,,not_applicable,not_assessed,"Published table values only; raw lab dataset is not public under consortium confidentiality. 15 increments were merged into one composite for each plant; triplicate columns are technical, not independent feedstocks.",Published article Table 4; Methods §§2.2–2.5; DIN 19528 column test; values at cumulative L/S=4 L/kg,"Published table values only; raw lab dataset is not public under consortium confidentiality. 15 increments were merged into one composite for each plant; triplicate columns are technical, not independent feedstocks.",,,,,,,,,,,,,,,,
ABIS2021,"Abis et al. (2021), Materials 14:3133",10.3390/ma14113133,https://doi.org/10.3390/ma14113133,Germany,EU-27 at study publication; country-specific evidence only,ABIS2021-Plant-A,2,Plant-A-abrasion-120min,dry abrasion 120 min,coarse MIBA after prior Fe/NFe recovery and 12-week storage,ash eluate; cumulative column release,DOC,major_eluate_component,DIN 19528 column leaching,cumulative 4 L/kg,120 min abrasion,mg/kg,264,16,120,9,numeric_mean_transcribed_from_public_table,numeric_mean_transcribed_from_public_table,,-54.54545454545455,-0.7884573603642702,lower,,,not_applicable,not_assessed,"Published table values only; raw lab dataset is not public under consortium confidentiality. 15 increments were merged into one composite for each plant; triplicate columns are technical, not independent feedstocks.",Published article Table 4; Methods §§2.2–2.5; DIN 19528 column test; values at cumulative L/S=4 L/kg,"Published table values only; raw lab dataset is not public under consortium confidentiality. 15 increments were merged into one composite for each plant; triplicate columns are technical, not independent feedstocks.",,,,,,,,,,,,,,,,
ABIS2021,"Abis et al. (2021), Materials 14:3133",10.3390/ma14113133,https://doi.org/10.3390/ma14113133,Sweden,EU-27 at study publication; country-specific evidence only,ABIS2021-Plant-B,2,Plant-B-abrasion-60min,dry abrasion 60 min,coarse MIBA after prior Fe/NFe recovery and 12-week storage,ash eluate; cumulative column release,DOC,major_eluate_component,DIN 19528 column leaching,cumulative 4 L/kg,60 min abrasion,mg/kg,157,24,117,3,numeric_mean_transcribed_from_public_table,numeric_mean_transcribed_from_public_table,,-25.477707006369428,-0.294071870550552,lower,,,not_applicable,not_assessed,"Published table values only; raw lab dataset is not public under consortium confidentiality. 15 increments were merged into one composite for each plant; triplicate columns are technical, not independent feedstocks.",Published article Table 4; Methods §§2.2–2.5; DIN 19528 column test; values at cumulative L/S=4 L/kg,"Published table values only; raw lab dataset is not public under consortium confidentiality. 15 increments were merged into one composite for each plant; triplicate columns are technical, not independent feedstocks.",,,,,,,,,,,,,,,,
ABIS2021,"Abis et al. (2021), Materials 14:3133",10.3390/ma14113133,https://doi.org/10.3390/ma14113133,Sweden,EU-27 at study publication; country-specific evidence only,ABIS2021-Plant-B,2,Plant-B-abrasion-120min,dry abrasion 120 min,coarse MIBA after prior Fe/NFe recovery and 12-week storage,ash eluate; cumulative column release,DOC,major_eluate_component,DIN 19528 column leaching,cumulative 4 L/kg,120 min abrasion,mg/kg,157,24,96,5,numeric_mean_transcribed_from_public_table,numeric_mean_transcribed_from_public_table,,-38.853503184713375,-0.4918976138804719,lower,,,not_applicable,not_assessed,"Published table values only; raw lab dataset is not public under consortium confidentiality. 15 increments were merged into one composite for each plant; triplicate columns are technical, not independent feedstocks.",Published article Table 4; Methods §§2.2–2.5; DIN 19528 column test; values at cumulative L/S=4 L/kg,"Published table values only; raw lab dataset is not public under consortium confidentiality. 15 increments were merged into one composite for each plant; triplicate columns are technical, not independent feedstocks.",,,,,,,,,,,,,,,,
ABIS2021,"Abis et al. (2021), Materials 14:3133",10.3390/ma14113133,https://doi.org/10.3390/ma14113133,Germany,EU-27 at study publication; country-specific evidence only,ABIS2021-Plant-A,2,Plant-A-abrasion-60min,dry abrasion 60 min,coarse MIBA after prior Fe/NFe recovery and 12-week storage,ash eluate; cumulative column release,Ca,major_eluate_component,DIN 19528 column leaching,cumulative 4 L/kg,60 min abrasion,mg/kg,1360,134,887,33,numeric_mean_transcribed_from_public_table,numeric_mean_transcribed_from_public_table,,-34.779411764705884,-0.4273949964205182,lower,,,not_applicable,not_assessed,"Published table values only; raw lab dataset is not public under consortium confidentiality. 15 increments were merged into one composite for each plant; triplicate columns are technical, not independent feedstocks.",Published article Table 4; Methods §§2.2–2.5; DIN 19528 column test; values at cumulative L/S=4 L/kg,"Published table values only; raw lab dataset is not public under consortium confidentiality. 15 increments were merged into one composite for each plant; triplicate columns are technical, not independent feedstocks.",,,,,,,,,,,,,,,,
ABIS2021,"Abis et al. (2021), Materials 14:3133",10.3390/ma14113133,https://doi.org/10.3390/ma14113133,Germany,EU-27 at study publication; country-specific evidence only,ABIS2021-Plant-A,2,Plant-A-abrasion-120min,dry abrasion 120 min,coarse MIBA after prior Fe/NFe recovery and 12-week storage,ash eluate; cumulative column release,Ca,major_eluate_component,DIN 19528 column leaching,cumulative 4 L/kg,120 min abrasion,mg/kg,1360,134,668,23,numeric_mean_transcribed_from_public_table,numeric_mean_transcribed_from_public_table,,-50.88235294117647,-0.710951805193452,lower,,,not_applicable,not_assessed,"Published table values only; raw lab dataset is not public under consortium confidentiality. 15 increments were merged into one composite for each plant; triplicate columns are technical, not independent feedstocks.",Published article Table 4; Methods §§2.2–2.5; DIN 19528 column test; values at cumulative L/S=4 L/kg,"Published table values only; raw lab dataset is not public under consortium confidentiality. 15 increments were merged into one composite for each plant; triplicate columns are technical, not independent feedstocks.",,,,,,,,,,,,,,,,
ABIS2021,"Abis et al. (2021), Materials 14:3133",10.3390/ma14113133,https://doi.org/10.3390/ma14113133,Sweden,EU-27 at study publication; country-specific evidence only,ABIS2021-Plant-B,2,Plant-B-abrasion-60min,dry abrasion 60 min,coarse MIBA after prior Fe/NFe recovery and 12-week storage,ash eluate; cumulative column release,Ca,major_eluate_component,DIN 19528 column leaching,cumulative 4 L/kg,60 min abrasion,mg/kg,529,29,404,16,numeric_mean_transcribed_from_public_table,numeric_mean_transcribed_from_public_table,,-23.629489603024574,-0.2695735538971494,lower,,,not_applicable,not_assessed,"Published table values only; raw lab dataset is not public under consortium confidentiality. 15 increments were merged into one composite for each plant; triplicate columns are technical, not independent feedstocks.",Published article Table 4; Methods §§2.2–2.5; DIN 19528 column test; values at cumulative L/S=4 L/kg,"Published table values only; raw lab dataset is not public under consortium confidentiality. 15 increments were merged into one composite for each plant; triplicate columns are technical, not independent feedstocks.",,,,,,,,,,,,,,,,
ABIS2021,"Abis et al. (2021), Materials 14:3133",10.3390/ma14113133,https://doi.org/10.3390/ma14113133,Sweden,EU-27 at study publication; country-specific evidence only,ABIS2021-Plant-B,2,Plant-B-abrasion-120min,dry abrasion 120 min,coarse MIBA after prior Fe/NFe recovery and 12-week storage,ash eluate; cumulative column release,Ca,major_eluate_component,DIN 19528 column leaching,cumulative 4 L/kg,120 min abrasion,mg/kg,529,29,325,8,numeric_mean_transcribed_from_public_table,numeric_mean_transcribed_from_public_table,,-38.56332703213611,-0.48716324952856194,lower,,,not_applicable,not_assessed,"Published table values only; raw lab dataset is not public under consortium confidentiality. 15 increments were merged into one composite for each plant; triplicate columns are technical, not independent feedstocks.",Published article Table 4; Methods §§2.2–2.5; DIN 19528 column test; values at cumulative L/S=4 L/kg,"Published table values only; raw lab dataset is not public under consortium confidentiality. 15 increments were merged into one composite for each plant; triplicate columns are technical, not independent feedstocks.",,,,,,,,,,,,,,,,
ABIS2021,"Abis et al. (2021), Materials 14:3133",10.3390/ma14113133,https://doi.org/10.3390/ma14113133,Germany,EU-27 at study publication; country-specific evidence only,ABIS2021-Plant-A,2,Plant-A-abrasion-60min,dry abrasion 60 min,coarse MIBA after prior Fe/NFe recovery and 12-week storage,ash eluate; cumulative column release,K,major_eluate_component,DIN 19528 column leaching,cumulative 4 L/kg,60 min abrasion,mg/kg,627,19,454,36,numeric_mean_transcribed_from_public_table,numeric_mean_transcribed_from_public_table,,-27.59170653907496,-0.32284934259157266,lower,,,not_applicable,not_assessed,"Published table values only; raw lab dataset is not public under consortium confidentiality. 15 increments were merged into one composite for each plant; triplicate columns are technical, not independent feedstocks.",Published article Table 4; Methods §§2.2–2.5; DIN 19528 column test; values at cumulative L/S=4 L/kg,"Published table values only; raw lab dataset is not public under consortium confidentiality. 15 increments were merged into one composite for each plant; triplicate columns are technical, not independent feedstocks.",,,,,,,,,,,,,,,,
ABIS2021,"Abis et al. (2021), Materials 14:3133",10.3390/ma14113133,https://doi.org/10.3390/ma14113133,Germany,EU-27 at study publication; country-specific evidence only,ABIS2021-Plant-A,2,Plant-A-abrasion-120min,dry abrasion 120 min,coarse MIBA after prior Fe/NFe recovery and 12-week storage,ash eluate; cumulative column release,K,major_eluate_component,DIN 19528 column leaching,cumulative 4 L/kg,120 min abrasion,mg/kg,627,19,345,20,numeric_mean_transcribed_from_public_table,numeric_mean_transcribed_from_public_table,,-44.97607655502392,-0.597402123601561,lower,,,not_applicable,not_assessed,"Published table values only; raw lab dataset is not public under consortium confidentiality. 15 increments were merged into one composite for each plant; triplicate columns are technical, not independent feedstocks.",Published article Table 4; Methods §§2.2–2.5; DIN 19528 column test; values at cumulative L/S=4 L/kg,"Published table values only; raw lab dataset is not public under consortium confidentiality. 15 increments were merged into one composite for each plant; triplicate columns are technical, not independent feedstocks.",,,,,,,,,,,,,,,,
ABIS2021,"Abis et al. (2021), Materials 14:3133",10.3390/ma14113133,https://doi.org/10.3390/ma14113133,Sweden,EU-27 at study publication; country-specific evidence only,ABIS2021-Plant-B,2,Plant-B-abrasion-60min,dry abrasion 60 min,coarse MIBA after prior Fe/NFe recovery and 12-week storage,ash eluate; cumulative column release,K,major_eluate_component,DIN 19528 column leaching,cumulative 4 L/kg,60 min abrasion,mg/kg,249,21,203,11,numeric_mean_transcribed_from_public_table,numeric_mean_transcribed_from_public_table,,-18.473895582329316,-0.20424691742292025,lower,,,not_applicable,not_assessed,"Published table values only; raw lab dataset is not public under consortium confidentiality. 15 increments were merged into one composite for each plant; triplicate columns are technical, not independent feedstocks.",Published article Table 4; Methods §§2.2–2.5; DIN 19528 column test; values at cumulative L/S=4 L/kg,"Published table values only; raw lab dataset is not public under consortium confidentiality. 15 increments were merged into one composite for each plant; triplicate columns are technical, not independent feedstocks.",,,,,,,,,,,,,,,,
ABIS2021,"Abis et al. (2021), Materials 14:3133",10.3390/ma14113133,https://doi.org/10.3390/ma14113133,Sweden,EU-27 at study publication; country-specific evidence only,ABIS2021-Plant-B,2,Plant-B-abrasion-120min,dry abrasion 120 min,coarse MIBA after prior Fe/NFe recovery and 12-week storage,ash eluate; cumulative column release,K,major_eluate_component,DIN 19528 column leaching,cumulative 4 L/kg,120 min abrasion,mg/kg,249,21,176,7,numeric_mean_transcribed_from_public_table,numeric_mean_transcribed_from_public_table,,-29.31726907630522,-0.3469689014265558,lower,,,not_applicable,not_assessed,"Published table values only; raw lab dataset is not public under consortium confidentiality. 15 increments were merged into one composite for each plant; triplicate columns are technical, not independent feedstocks.",Published article Table 4; Methods §§2.2–2.5; DIN 19528 column test; values at cumulative L/S=4 L/kg,"Published table values only; raw lab dataset is not public under consortium confidentiality. 15 increments were merged into one composite for each plant; triplicate columns are technical, not independent feedstocks.",,,,,,,,,,,,,,,,
ABIS2021,"Abis et al. (2021), Materials 14:3133",10.3390/ma14113133,https://doi.org/10.3390/ma14113133,Germany,EU-27 at study publication; country-specific evidence only,ABIS2021-Plant-A,2,Plant-A-abrasion-60min,dry abrasion 60 min,coarse MIBA after prior Fe/NFe recovery and 12-week storage,ash eluate; cumulative column release,Na,major_eluate_component,DIN 19528 column leaching,cumulative 4 L/kg,60 min abrasion,mg/kg,1224,33,912,78,numeric_mean_transcribed_from_public_table,numeric_mean_transcribed_from_public_table,,-25.49019607843137,-0.29423947299793995,lower,,,not_applicable,not_assessed,"Published table values only; raw lab dataset is not public under consortium confidentiality. 15 increments were merged into one composite for each plant; triplicate columns are technical, not independent feedstocks.",Published article Table 4; Methods §§2.2–2.5; DIN 19528 column test; values at cumulative L/S=4 L/kg,"Published table values only; raw lab dataset is not public under consortium confidentiality. 15 increments were merged into one composite for each plant; triplicate columns are technical, not independent feedstocks.",,,,,,,,,,,,,,,,
ABIS2021,"Abis et al. (2021), Materials 14:3133",10.3390/ma14113133,https://doi.org/10.3390/ma14113133,Germany,EU-27 at study publication; country-specific evidence only,ABIS2021-Plant-A,2,Plant-A-abrasion-120min,dry abrasion 120 min,coarse MIBA after prior Fe/NFe recovery and 12-week storage,ash eluate; cumulative column release,Na,major_eluate_component,DIN 19528 column leaching,cumulative 4 L/kg,120 min abrasion,mg/kg,1224,33,711,46,numeric_mean_transcribed_from_public_table,numeric_mean_transcribed_from_public_table,,-41.911764705882355,-0.5432070332690304,lower,,,not_applicable,not_assessed,"Published table values only; raw lab dataset is not public under consortium confidentiality. 15 increments were merged into one composite for each plant; triplicate columns are technical, not independent feedstocks.",Published article Table 4; Methods §§2.2–2.5; DIN 19528 column test; values at cumulative L/S=4 L/kg,"Published table values only; raw lab dataset is not public under consortium confidentiality. 15 increments were merged into one composite for each plant; triplicate columns are technical, not independent feedstocks.",,,,,,,,,,,,,,,,
ABIS2021,"Abis et al. (2021), Materials 14:3133",10.3390/ma14113133,https://doi.org/10.3390/ma14113133,Sweden,EU-27 at study publication; country-specific evidence only,ABIS2021-Plant-B,2,Plant-B-abrasion-60min,dry abrasion 60 min,coarse MIBA after prior Fe/NFe recovery and 12-week storage,ash eluate; cumulative column release,Na,major_eluate_component,DIN 19528 column leaching,cumulative 4 L/kg,60 min abrasion,mg/kg,834,80,674,45,numeric_mean_transcribed_from_public_table,numeric_mean_transcribed_from_public_table,,-19.18465227817746,-0.21300329144643976,lower,,,not_applicable,not_assessed,"Published table values only; raw lab dataset is not public under consortium confidentiality. 15 increments were merged into one composite for each plant; triplicate columns are technical, not independent feedstocks.",Published article Table 4; Methods §§2.2–2.5; DIN 19528 column test; values at cumulative L/S=4 L/kg,"Published table values only; raw lab dataset is not public under consortium confidentiality. 15 increments were merged into one composite for each plant; triplicate columns are technical, not independent feedstocks.",,,,,,,,,,,,,,,,
ABIS2021,"Abis et al. (2021), Materials 14:3133",10.3390/ma14113133,https://doi.org/10.3390/ma14113133,Sweden,EU-27 at study publication; country-specific evidence only,ABIS2021-Plant-B,2,Plant-B-abrasion-120min,dry abrasion 120 min,coarse MIBA after prior Fe/NFe recovery and 12-week storage,ash eluate; cumulative column release,Na,major_eluate_component,DIN 19528 column leaching,cumulative 4 L/kg,120 min abrasion,mg/kg,834,80,587,33,numeric_mean_transcribed_from_public_table,numeric_mean_transcribed_from_public_table,,-29.61630695443645,-0.35120858253065035,lower,,,not_applicable,not_assessed,"Published table values only; raw lab dataset is not public under consortium confidentiality. 15 increments were merged into one composite for each plant; triplicate columns are technical, not independent feedstocks.",Published article Table 4; Methods §§2.2–2.5; DIN 19528 column test; values at cumulative L/S=4 L/kg,"Published table values only; raw lab dataset is not public under consortium confidentiality. 15 increments were merged into one composite for each plant; triplicate columns are technical, not independent feedstocks.",,,,,,,,,,,,,,,,
ABIS2021,"Abis et al. (2021), Materials 14:3133",10.3390/ma14113133,https://doi.org/10.3390/ma14113133,Germany,EU-27 at study publication; country-specific evidence only,ABIS2021-Plant-A,2,Plant-A-abrasion-60min,dry abrasion 60 min,coarse MIBA after prior Fe/NFe recovery and 12-week storage,ash eluate; cumulative column release,Al,measured_element_endpoint; hazard_not_adjudicated,DIN 19528 column leaching,cumulative 4 L/kg,60 min abrasion,µg/kg,3913,769,9822,1267,numeric_mean_transcribed_from_public_table,numeric_mean_transcribed_from_public_table,,151.00945566061844,0.9203204243887774,higher,,,not_applicable,not_assessed,"Published table values only; raw lab dataset is not public under consortium confidentiality. 15 increments were merged into one composite for each plant; triplicate columns are technical, not independent feedstocks.",Published article Table 4; Methods §§2.2–2.5; DIN 19528 column test; values at cumulative L/S=4 L/kg,"Published table values only; raw lab dataset is not public under consortium confidentiality. 15 increments were merged into one composite for each plant; triplicate columns are technical, not independent feedstocks.",,,,,,,,,,,,,,,,
ABIS2021,"Abis et al. (2021), Materials 14:3133",10.3390/ma14113133,https://doi.org/10.3390/ma14113133,Germany,EU-27 at study publication; country-specific evidence only,ABIS2021-Plant-A,2,Plant-A-abrasion-120min,dry abrasion 120 min,coarse MIBA after prior Fe/NFe recovery and 12-week storage,ash eluate; cumulative column release,Al,measured_element_endpoint; hazard_not_adjudicated,DIN 19528 column leaching,cumulative 4 L/kg,120 min abrasion,µg/kg,3913,769,17290,4085,numeric_mean_transcribed_from_public_table,numeric_mean_transcribed_from_public_table,,341.86046511627904,1.4858239564669238,higher,,,not_applicable,not_assessed,"Published table values only; raw lab dataset is not public under consortium confidentiality. 15 increments were merged into one composite for each plant; triplicate columns are technical, not independent feedstocks.",Published article Table 4; Methods §§2.2–2.5; DIN 19528 column test; values at cumulative L/S=4 L/kg,"Published table values only; raw lab dataset is not public under consortium confidentiality. 15 increments were merged into one composite for each plant; triplicate columns are technical, not independent feedstocks.",,,,,,,,,,,,,,,,
ABIS2021,"Abis et al. (2021), Materials 14:3133",10.3390/ma14113133,https://doi.org/10.3390/ma14113133,Sweden,EU-27 at study publication; country-specific evidence only,ABIS2021-Plant-B,2,Plant-B-abrasion-60min,dry abrasion 60 min,coarse MIBA after prior Fe/NFe recovery and 12-week storage,ash eluate; cumulative column release,Al,measured_element_endpoint; hazard_not_adjudicated,DIN 19528 column leaching,cumulative 4 L/kg,60 min abrasion,µg/kg,7222,521,6192,167,numeric_mean_transcribed_from_public_table,numeric_mean_transcribed_from_public_table,,-14.261977291608973,-0.15387378656784004,lower,,,not_applicable,not_assessed,"Published table values only; raw lab dataset is not public under consortium confidentiality. 15 increments were merged into one composite for each plant; triplicate columns are technical, not independent feedstocks.",Published article Table 4; Methods §§2.2–2.5; DIN 19528 column test; values at cumulative L/S=4 L/kg,"Published table values only; raw lab dataset is not public under consortium confidentiality. 15 increments were merged into one composite for each plant; triplicate columns are technical, not independent feedstocks.",,,,,,,,,,,,,,,,
ABIS2021,"Abis et al. (2021), Materials 14:3133",10.3390/ma14113133,https://doi.org/10.3390/ma14113133,Sweden,EU-27 at study publication; country-specific evidence only,ABIS2021-Plant-B,2,Plant-B-abrasion-120min,dry abrasion 120 min,coarse MIBA after prior Fe/NFe recovery and 12-week storage,ash eluate; cumulative column release,Al,measured_element_endpoint; hazard_not_adjudicated,DIN 19528 column leaching,cumulative 4 L/kg,120 min abrasion,µg/kg,7222,521,5964,195,numeric_mean_transcribed_from_public_table,numeric_mean_transcribed_from_public_table,,-17.418997507615618,-0.19139052595277403,lower,,,not_applicable,not_assessed,"Published table values only; raw lab dataset is not public under consortium confidentiality. 15 increments were merged into one composite for each plant; triplicate columns are technical, not independent feedstocks.",Published article Table 4; Methods §§2.2–2.5; DIN 19528 column test; values at cumulative L/S=4 L/kg,"Published table values only; raw lab dataset is not public under consortium confidentiality. 15 increments were merged into one composite for each plant; triplicate columns are technical, not independent feedstocks.",,,,,,,,,,,,,,,,
ABIS2021,"Abis et al. (2021), Materials 14:3133",10.3390/ma14113133,https://doi.org/10.3390/ma14113133,Germany,EU-27 at study publication; country-specific evidence only,ABIS2021-Plant-A,2,Plant-A-abrasion-60min,dry abrasion 60 min,coarse MIBA after prior Fe/NFe recovery and 12-week storage,ash eluate; cumulative column release,B,measured_element_endpoint; hazard_not_adjudicated,DIN 19528 column leaching,cumulative 4 L/kg,60 min abrasion,µg/kg,495,126,373,13,numeric_mean_transcribed_from_public_table,numeric_mean_transcribed_from_public_table,,-24.646464646464647,-0.2829793429248748,lower,,,not_applicable,not_assessed,"Published table values only; raw lab dataset is not public under consortium confidentiality. 15 increments were merged into one composite for each plant; triplicate columns are technical, not independent feedstocks.",Published article Table 4; Methods §§2.2–2.5; DIN 19528 column test; values at cumulative L/S=4 L/kg,"Published table values only; raw lab dataset is not public under consortium confidentiality. 15 increments were merged into one composite for each plant; triplicate columns are technical, not independent feedstocks.",,,,,,,,,,,,,,,,
ABIS2021,"Abis et al. (2021), Materials 14:3133",10.3390/ma14113133,https://doi.org/10.3390/ma14113133,Germany,EU-27 at study publication; country-specific evidence only,ABIS2021-Plant-A,2,Plant-A-abrasion-120min,dry abrasion 120 min,coarse MIBA after prior Fe/NFe recovery and 12-week storage,ash eluate; cumulative column release,B,measured_element_endpoint; hazard_not_adjudicated,DIN 19528 column leaching,cumulative 4 L/kg,120 min abrasion,µg/kg,495,126,698,167,numeric_mean_transcribed_from_public_table,numeric_mean_transcribed_from_public_table,,41.01010101010101,0.34366134019368216,higher,,,not_applicable,not_assessed,"Published table values only; raw lab dataset is not public under consortium confidentiality. 15 increments were merged into one composite for each plant; triplicate columns are technical, not independent feedstocks.",Published article Table 4; Methods §§2.2–2.5; DIN 19528 column test; values at cumulative L/S=4 L/kg,"Published table values only; raw lab dataset is not public under consortium confidentiality. 15 increments were merged into one composite for each plant; triplicate columns are technical, not independent feedstocks.",,,,,,,,,,,,,,,,
ABIS2021,"Abis et al. (2021), Materials 14:3133",10.3390/ma14113133,https://doi.org/10.3390/ma14113133,Sweden,EU-27 at study publication; country-specific evidence only,ABIS2021-Plant-B,2,Plant-B-abrasion-60min,dry abrasion 60 min,coarse MIBA after prior Fe/NFe recovery and 12-week storage,ash eluate; cumulative column release,B,measured_element_endpoint; hazard_not_adjudicated,DIN 19528 column leaching,cumulative 4 L/kg,60 min abrasion,µg/kg,1891,124,1593,51,numeric_mean_transcribed_from_public_table,numeric_mean_transcribed_from_public_table,,-15.758857747223692,-0.1714867587484089,lower,,,not_applicable,not_assessed,"Published table values only; raw lab dataset is not public under consortium confidentiality. 15 increments were merged into one composite for each plant; triplicate columns are technical, not independent feedstocks.",Published article Table 4; Methods §§2.2–2.5; DIN 19528 column test; values at cumulative L/S=4 L/kg,"Published table values only; raw lab dataset is not public under consortium confidentiality. 15 increments were merged into one composite for each plant; triplicate columns are technical, not independent feedstocks.",,,,,,,,,,,,,,,,
ABIS2021,"Abis et al. (2021), Materials 14:3133",10.3390/ma14113133,https://doi.org/10.3390/ma14113133,Sweden,EU-27 at study publication; country-specific evidence only,ABIS2021-Plant-B,2,Plant-B-abrasion-120min,dry abrasion 120 min,coarse MIBA after prior Fe/NFe recovery and 12-week storage,ash eluate; cumulative column release,B,measured_element_endpoint; hazard_not_adjudicated,DIN 19528 column leaching,cumulative 4 L/kg,120 min abrasion,µg/kg,1891,124,1815,228,numeric_mean_transcribed_from_public_table,numeric_mean_transcribed_from_public_table,,-4.0190375462718135,-0.041020321959506285,lower,,,not_applicable,not_assessed,"Published table values only; raw lab dataset is not public under consortium confidentiality. 15 increments were merged into one composite for each plant; triplicate columns are technical, not independent feedstocks.",Published article Table 4; Methods §§2.2–2.5; DIN 19528 column test; values at cumulative L/S=4 L/kg,"Published table values only; raw lab dataset is not public under consortium confidentiality. 15 increments were merged into one composite for each plant; triplicate columns are technical, not independent feedstocks.",,,,,,,,,,,,,,,,
ABIS2021,"Abis et al. (2021), Materials 14:3133",10.3390/ma14113133,https://doi.org/10.3390/ma14113133,Germany,EU-27 at study publication; country-specific evidence only,ABIS2021-Plant-A,2,Plant-A-abrasion-60min,dry abrasion 60 min,coarse MIBA after prior Fe/NFe recovery and 12-week storage,ash eluate; cumulative column release,Ba,measured_element_endpoint; hazard_not_adjudicated,DIN 19528 column leaching,cumulative 4 L/kg,60 min abrasion,µg/kg,639,62,557,15,numeric_mean_transcribed_from_public_table,numeric_mean_transcribed_from_public_table,,-12.832550860719875,-0.13733921445025074,lower,,,not_applicable,not_assessed,"Published table values only; raw lab dataset is not public under consortium confidentiality. 15 increments were merged into one composite for each plant; triplicate columns are technical, not independent feedstocks.",Published article Table 4; Methods §§2.2–2.5; DIN 19528 column test; values at cumulative L/S=4 L/kg,"Published table values only; raw lab dataset is not public under consortium confidentiality. 15 increments were merged into one composite for each plant; triplicate columns are technical, not independent feedstocks.",,,,,,,,,,,,,,,,
ABIS2021,"Abis et al. (2021), Materials 14:3133",10.3390/ma14113133,https://doi.org/10.3390/ma14113133,Germany,EU-27 at study publication; country-specific evidence only,ABIS2021-Plant-A,2,Plant-A-abrasion-120min,dry abrasion 120 min,coarse MIBA after prior Fe/NFe recovery and 12-week storage,ash eluate; cumulative column release,Ba,measured_element_endpoint; hazard_not_adjudicated,DIN 19528 column leaching,cumulative 4 L/kg,120 min abrasion,µg/kg,639,62,476,28,numeric_mean_transcribed_from_public_table,numeric_mean_transcribed_from_public_table,,-25.508607198748045,-0.29448660014611483,lower,,,not_applicable,not_assessed,"Published table values only; raw lab dataset is not public under consortium confidentiality. 15 increments were merged into one composite for each plant; triplicate columns are technical, not independent feedstocks.",Published article Table 4; Methods §§2.2–2.5; DIN 19528 column test; values at cumulative L/S=4 L/kg,"Published table values only; raw lab dataset is not public under consortium confidentiality. 15 increments were merged into one composite for each plant; triplicate columns are technical, not independent feedstocks.",,,,,,,,,,,,,,,,
ABIS2021,"Abis et al. (2021), Materials 14:3133",10.3390/ma14113133,https://doi.org/10.3390/ma14113133,Sweden,EU-27 at study publication; country-specific evidence only,ABIS2021-Plant-B,2,Plant-B-abrasion-60min,dry abrasion 60 min,coarse MIBA after prior Fe/NFe recovery and 12-week storage,ash eluate; cumulative column release,Ba,measured_element_endpoint; hazard_not_adjudicated,DIN 19528 column leaching,cumulative 4 L/kg,60 min abrasion,µg/kg,220,9,219,12,numeric_mean_transcribed_from_public_table,numeric_mean_transcribed_from_public_table,,-0.45454545454545453,-0.004555816535860691,lower,,,not_applicable,not_assessed,"Published table values only; raw lab dataset is not public under consortium confidentiality. 15 increments were merged into one composite for each plant; triplicate columns are technical, not independent feedstocks.",Published article Table 4; Methods §§2.2–2.5; DIN 19528 column test; values at cumulative L/S=4 L/kg,"Published table values only; raw lab dataset is not public under consortium confidentiality. 15 increments were merged into one composite for each plant; triplicate columns are technical, not independent feedstocks.",,,,,,,,,,,,,,,,
ABIS2021,"Abis et al. (2021), Materials 14:3133",10.3390/ma14113133,https://doi.org/10.3390/ma14113133,Sweden,EU-27 at study publication; country-specific evidence only,ABIS2021-Plant-B,2,Plant-B-abrasion-120min,dry abrasion 120 min,coarse MIBA after prior Fe/NFe recovery and 12-week storage,ash eluate; cumulative column release,Ba,measured_element_endpoint; hazard_not_adjudicated,DIN 19528 column leaching,cumulative 4 L/kg,120 min abrasion,µg/kg,220,9,206,5,numeric_mean_transcribed_from_public_table,numeric_mean_transcribed_from_public_table,,-6.363636363636363,-0.06575137756278042,lower,,,not_applicable,not_assessed,"Published table values only; raw lab dataset is not public under consortium confidentiality. 15 increments were merged into one composite for each plant; triplicate columns are technical, not independent feedstocks.",Published article Table 4; Methods §§2.2–2.5; DIN 19528 column test; values at cumulative L/S=4 L/kg,"Published table values only; raw lab dataset is not public under consortium confidentiality. 15 increments were merged into one composite for each plant; triplicate columns are technical, not independent feedstocks.",,,,,,,,,,,,,,,,
ABIS2021,"Abis et al. (2021), Materials 14:3133",10.3390/ma14113133,https://doi.org/10.3390/ma14113133,Germany,EU-27 at study publication; country-specific evidence only,ABIS2021-Plant-A,2,Plant-A-abrasion-60min,dry abrasion 60 min,coarse MIBA after prior Fe/NFe recovery and 12-week storage,ash eluate; cumulative column release,Co,measured_element_endpoint; hazard_not_adjudicated,DIN 19528 column leaching,cumulative 4 L/kg,60 min abrasion,µg/kg,11,4,16,2,numeric_mean_transcribed_from_public_table,numeric_mean_transcribed_from_public_table,,45.45454545454545,0.3746934494414107,higher,,,not_applicable,not_assessed,"Published table values only; raw lab dataset is not public under consortium confidentiality. 15 increments were merged into one composite for each plant; triplicate columns are technical, not independent feedstocks.",Published article Table 4; Methods §§2.2–2.5; DIN 19528 column test; values at cumulative L/S=4 L/kg,"Published table values only; raw lab dataset is not public under consortium confidentiality. 15 increments were merged into one composite for each plant; triplicate columns are technical, not independent feedstocks.",,,,,,,,,,,,,,,,
ABIS2021,"Abis et al. (2021), Materials 14:3133",10.3390/ma14113133,https://doi.org/10.3390/ma14113133,Germany,EU-27 at study publication; country-specific evidence only,ABIS2021-Plant-A,2,Plant-A-abrasion-120min,dry abrasion 120 min,coarse MIBA after prior Fe/NFe recovery and 12-week storage,ash eluate; cumulative column release,Co,measured_element_endpoint; hazard_not_adjudicated,DIN 19528 column leaching,cumulative 4 L/kg,120 min abrasion,µg/kg,11,4,18,3,numeric_mean_transcribed_from_public_table,numeric_mean_transcribed_from_public_table,,63.63636363636363,0.49247648509779424,higher,,,not_applicable,not_assessed,"Published table values only; raw lab dataset is not public under consortium confidentiality. 15 increments were merged into one composite for each plant; triplicate columns are technical, not independent feedstocks.",Published article Table 4; Methods §§2.2–2.5; DIN 19528 column test; values at cumulative L/S=4 L/kg,"Published table values only; raw lab dataset is not public under consortium confidentiality. 15 increments were merged into one composite for each plant; triplicate columns are technical, not independent feedstocks.",,,,,,,,,,,,,,,,
ABIS2021,"Abis et al. (2021), Materials 14:3133",10.3390/ma14113133,https://doi.org/10.3390/ma14113133,Sweden,EU-27 at study publication; country-specific evidence only,ABIS2021-Plant-B,2,Plant-B-abrasion-60min,dry abrasion 60 min,coarse MIBA after prior Fe/NFe recovery and 12-week storage,ash eluate; cumulative column release,Co,measured_element_endpoint; hazard_not_adjudicated,DIN 19528 column leaching,cumulative 4 L/kg,60 min abrasion,µg/kg,37,4,49,11,numeric_mean_transcribed_from_public_table,numeric_mean_transcribed_from_public_table,,32.432432432432435,0.28090238546640217,higher,,,not_applicable,not_assessed,"Published table values only; raw lab dataset is not public under consortium confidentiality. 15 increments were merged into one composite for each plant; triplicate columns are technical, not independent feedstocks.",Published article Table 4; Methods §§2.2–2.5; DIN 19528 column test; values at cumulative L/S=4 L/kg,"Published table values only; raw lab dataset is not public under consortium confidentiality. 15 increments were merged into one composite for each plant; triplicate columns are technical, not independent feedstocks.",,,,,,,,,,,,,,,,
ABIS2021,"Abis et al. (2021), Materials 14:3133",10.3390/ma14113133,https://doi.org/10.3390/ma14113133,Sweden,EU-27 at study publication; country-specific evidence only,ABIS2021-Plant-B,2,Plant-B-abrasion-120min,dry abrasion 120 min,coarse MIBA after prior Fe/NFe recovery and 12-week storage,ash eluate; cumulative column release,Co,measured_element_endpoint; hazard_not_adjudicated,DIN 19528 column leaching,cumulative 4 L/kg,120 min abrasion,µg/kg,37,4,57,3,numeric_mean_transcribed_from_public_table,numeric_mean_transcribed_from_public_table,,54.054054054054056,0.43213335519032575,higher,,,not_applicable,not_assessed,"Published table values only; raw lab dataset is not public under consortium confidentiality. 15 increments were merged into one composite for each plant; triplicate columns are technical, not independent feedstocks.",Published article Table 4; Methods §§2.2–2.5; DIN 19528 column test; values at cumulative L/S=4 L/kg,"Published table values only; raw lab dataset is not public under consortium confidentiality. 15 increments were merged into one composite for each plant; triplicate columns are technical, not independent feedstocks.",,,,,,,,,,,,,,,,
ABIS2021,"Abis et al. (2021), Materials 14:3133",10.3390/ma14113133,https://doi.org/10.3390/ma14113133,Germany,EU-27 at study publication; country-specific evidence only,ABIS2021-Plant-A,2,Plant-A-abrasion-60min,dry abrasion 60 min,coarse MIBA after prior Fe/NFe recovery and 12-week storage,ash eluate; cumulative column release,Cr,measured_element_endpoint; hazard_not_adjudicated,DIN 19528 column leaching,cumulative 4 L/kg,60 min abrasion,µg/kg,276,45,152,17,numeric_mean_transcribed_from_public_table,numeric_mean_transcribed_from_public_table,,-44.927536231884055,-0.5965203448708736,lower,,,not_applicable,not_assessed,"Published table values only; raw lab dataset is not public under consortium confidentiality. 15 increments were merged into one composite for each plant; triplicate columns are technical, not independent feedstocks.",Published article Table 4; Methods §§2.2–2.5; DIN 19528 column test; values at cumulative L/S=4 L/kg,"Published table values only; raw lab dataset is not public under consortium confidentiality. 15 increments were merged into one composite for each plant; triplicate columns are technical, not independent feedstocks.",,,,,,,,,,,,,,,,
ABIS2021,"Abis et al. (2021), Materials 14:3133",10.3390/ma14113133,https://doi.org/10.3390/ma14113133,Germany,EU-27 at study publication; country-specific evidence only,ABIS2021-Plant-A,2,Plant-A-abrasion-120min,dry abrasion 120 min,coarse MIBA after prior Fe/NFe recovery and 12-week storage,ash eluate; cumulative column release,Cr,measured_element_endpoint; hazard_not_adjudicated,DIN 19528 column leaching,cumulative 4 L/kg,120 min abrasion,µg/kg,276,45,141,15,numeric_mean_transcribed_from_public_table,numeric_mean_transcribed_from_public_table,,-48.91304347826087,-0.6716409753389816,lower,,,not_applicable,not_assessed,"Published table values only; raw lab dataset is not public under consortium confidentiality. 15 increments were merged into one composite for each plant; triplicate columns are technical, not independent feedstocks.",Published article Table 4; Methods §§2.2–2.5; DIN 19528 column test; values at cumulative L/S=4 L/kg,"Published table values only; raw lab dataset is not public under consortium confidentiality. 15 increments were merged into one composite for each plant; triplicate columns are technical, not independent feedstocks.",,,,,,,,,,,,,,,,
ABIS2021,"Abis et al. (2021), Materials 14:3133",10.3390/ma14113133,https://doi.org/10.3390/ma14113133,Sweden,EU-27 at study publication; country-specific evidence only,ABIS2021-Plant-B,2,Plant-B-abrasion-60min,dry abrasion 60 min,coarse MIBA after prior Fe/NFe recovery and 12-week storage,ash eluate; cumulative column release,Cr,measured_element_endpoint; hazard_not_adjudicated,DIN 19528 column leaching,cumulative 4 L/kg,60 min abrasion,µg/kg,469,76,290,67,numeric_mean_transcribed_from_public_table,numeric_mean_transcribed_from_public_table,,-38.166311300639656,-0.4807218454657596,lower,,,not_applicable,not_assessed,"Published table values only; raw lab dataset is not public under consortium confidentiality. 15 increments were merged into one composite for each plant; triplicate columns are technical, not independent feedstocks.",Published article Table 4; Methods §§2.2–2.5; DIN 19528 column test; values at cumulative L/S=4 L/kg,"Published table values only; raw lab dataset is not public under consortium confidentiality. 15 increments were merged into one composite for each plant; triplicate columns are technical, not independent feedstocks.",,,,,,,,,,,,,,,,
ABIS2021,"Abis et al. (2021), Materials 14:3133",10.3390/ma14113133,https://doi.org/10.3390/ma14113133,Sweden,EU-27 at study publication; country-specific evidence only,ABIS2021-Plant-B,2,Plant-B-abrasion-120min,dry abrasion 120 min,coarse MIBA after prior Fe/NFe recovery and 12-week storage,ash eluate; cumulative column release,Cr,measured_element_endpoint; hazard_not_adjudicated,DIN 19528 column leaching,cumulative 4 L/kg,120 min abrasion,µg/kg,469,76,221,43,numeric_mean_transcribed_from_public_table,numeric_mean_transcribed_from_public_table,,-52.87846481876333,-0.7524400669285266,lower,,,not_applicable,not_assessed,"Published table values only; raw lab dataset is not public under consortium confidentiality. 15 increments were merged into one composite for each plant; triplicate columns are technical, not independent feedstocks.",Published article Table 4; Methods §§2.2–2.5; DIN 19528 column test; values at cumulative L/S=4 L/kg,"Published table values only; raw lab dataset is not public under consortium confidentiality. 15 increments were merged into one composite for each plant; triplicate columns are technical, not independent feedstocks.",,,,,,,,,,,,,,,,
ABIS2021,"Abis et al. (2021), Materials 14:3133",10.3390/ma14113133,https://doi.org/10.3390/ma14113133,Germany,EU-27 at study publication; country-specific evidence only,ABIS2021-Plant-A,2,Plant-A-abrasion-60min,dry abrasion 60 min,coarse MIBA after prior Fe/NFe recovery and 12-week storage,ash eluate; cumulative column release,Cu,measured_element_endpoint; hazard_not_adjudicated,DIN 19528 column leaching,cumulative 4 L/kg,60 min abrasion,µg/kg,1613,76,868,61,numeric_mean_transcribed_from_public_table,numeric_mean_transcribed_from_public_table,,-46.187228766274025,-0.6196593634648587,lower,,,not_applicable,not_assessed,"Published table values only; raw lab dataset is not public under consortium confidentiality. 15 increments were merged into one composite for each plant; triplicate columns are technical, not independent feedstocks.",Published article Table 4; Methods §§2.2–2.5; DIN 19528 column test; values at cumulative L/S=4 L/kg,"Published table values only; raw lab dataset is not public under consortium confidentiality. 15 increments were merged into one composite for each plant; triplicate columns are technical, not independent feedstocks.",,,,,,,,,,,,,,,,
ABIS2021,"Abis et al. (2021), Materials 14:3133",10.3390/ma14113133,https://doi.org/10.3390/ma14113133,Germany,EU-27 at study publication; country-specific evidence only,ABIS2021-Plant-A,2,Plant-A-abrasion-120min,dry abrasion 120 min,coarse MIBA after prior Fe/NFe recovery and 12-week storage,ash eluate; cumulative column release,Cu,measured_element_endpoint; hazard_not_adjudicated,DIN 19528 column leaching,cumulative 4 L/kg,120 min abrasion,µg/kg,1613,76,619,135,numeric_mean_transcribed_from_public_table,numeric_mean_transcribed_from_public_table,,-61.62430254184749,-0.9577458054406127,lower,,,not_applicable,not_assessed,"Published table values only; raw lab dataset is not public under consortium confidentiality. 15 increments were merged into one composite for each plant; triplicate columns are technical, not independent feedstocks.",Published article Table 4; Methods §§2.2–2.5; DIN 19528 column test; values at cumulative L/S=4 L/kg,"Published table values only; raw lab dataset is not public under consortium confidentiality. 15 increments were merged into one composite for each plant; triplicate columns are technical, not independent feedstocks.",,,,,,,,,,,,,,,,
ABIS2021,"Abis et al. (2021), Materials 14:3133",10.3390/ma14113133,https://doi.org/10.3390/ma14113133,Sweden,EU-27 at study publication; country-specific evidence only,ABIS2021-Plant-B,2,Plant-B-abrasion-60min,dry abrasion 60 min,coarse MIBA after prior Fe/NFe recovery and 12-week storage,ash eluate; cumulative column release,Cu,measured_element_endpoint; hazard_not_adjudicated,DIN 19528 column leaching,cumulative 4 L/kg,60 min abrasion,µg/kg,448,118,301,172,numeric_mean_transcribed_from_public_table,numeric_mean_transcribed_from_public_table,,-32.8125,-0.39768296766610944,lower,,,not_applicable,not_assessed,"Published table values only; raw lab dataset is not public under consortium confidentiality. 15 increments were merged into one composite for each plant; triplicate columns are technical, not independent feedstocks.",Published article Table 4; Methods §§2.2–2.5; DIN 19528 column test; values at cumulative L/S=4 L/kg,"Published table values only; raw lab dataset is not public under consortium confidentiality. 15 increments were merged into one composite for each plant; triplicate columns are technical, not independent feedstocks.",,,,,,,,,,,,,,,,
ABIS2021,"Abis et al. (2021), Materials 14:3133",10.3390/ma14113133,https://doi.org/10.3390/ma14113133,Sweden,EU-27 at study publication; country-specific evidence only,ABIS2021-Plant-B,2,Plant-B-abrasion-120min,dry abrasion 120 min,coarse MIBA after prior Fe/NFe recovery and 12-week storage,ash eluate; cumulative column release,Cu,measured_element_endpoint; hazard_not_adjudicated,DIN 19528 column leaching,cumulative 4 L/kg,120 min abrasion,µg/kg,448,118,181,31,numeric_mean_transcribed_from_public_table,numeric_mean_transcribed_from_public_table,,-59.598214285714285,-0.9062962011491594,lower,,,not_applicable,not_assessed,"Published table values only; raw lab dataset is not public under consortium confidentiality. 15 increments were merged into one composite for each plant; triplicate columns are technical, not independent feedstocks.",Published article Table 4; Methods §§2.2–2.5; DIN 19528 column test; values at cumulative L/S=4 L/kg,"Published table values only; raw lab dataset is not public under consortium confidentiality. 15 increments were merged into one composite for each plant; triplicate columns are technical, not independent feedstocks.",,,,,,,,,,,,,,,,
ABIS2021,"Abis et al. (2021), Materials 14:3133",10.3390/ma14113133,https://doi.org/10.3390/ma14113133,Germany,EU-27 at study publication; country-specific evidence only,ABIS2021-Plant-A,2,Plant-A-abrasion-60min,dry abrasion 60 min,coarse MIBA after prior Fe/NFe recovery and 12-week storage,ash eluate; cumulative column release,Fe,measured_element_endpoint; hazard_not_adjudicated,DIN 19528 column leaching,cumulative 4 L/kg,60 min abrasion,µg/kg,181,65,206,41,numeric_mean_transcribed_from_public_table,numeric_mean_transcribed_from_public_table,,13.812154696132596,0.12937913752375532,higher,,,not_applicable,not_assessed,"Published table values only; raw lab dataset is not public under consortium confidentiality. 15 increments were merged into one composite for each plant; triplicate columns are technical, not independent feedstocks.",Published article Table 4; Methods §§2.2–2.5; DIN 19528 column test; values at cumulative L/S=4 L/kg,"Published table values only; raw lab dataset is not public under consortium confidentiality. 15 increments were merged into one composite for each plant; triplicate columns are technical, not independent feedstocks.",,,,,,,,,,,,,,,,
ABIS2021,"Abis et al. (2021), Materials 14:3133",10.3390/ma14113133,https://doi.org/10.3390/ma14113133,Germany,EU-27 at study publication; country-specific evidence only,ABIS2021-Plant-A,2,Plant-A-abrasion-120min,dry abrasion 120 min,coarse MIBA after prior Fe/NFe recovery and 12-week storage,ash eluate; cumulative column release,Fe,measured_element_endpoint; hazard_not_adjudicated,DIN 19528 column leaching,cumulative 4 L/kg,120 min abrasion,µg/kg,181,65,216,42,numeric_mean_transcribed_from_public_table,numeric_mean_transcribed_from_public_table,,19.337016574585636,0.1767813764183393,higher,,,not_applicable,not_assessed,"Published table values only; raw lab dataset is not public under consortium confidentiality. 15 increments were merged into one composite for each plant; triplicate columns are technical, not independent feedstocks.",Published article Table 4; Methods §§2.2–2.5; DIN 19528 column test; values at cumulative L/S=4 L/kg,"Published table values only; raw lab dataset is not public under consortium confidentiality. 15 increments were merged into one composite for each plant; triplicate columns are technical, not independent feedstocks.",,,,,,,,,,,,,,,,
ABIS2021,"Abis et al. (2021), Materials 14:3133",10.3390/ma14113133,https://doi.org/10.3390/ma14113133,Sweden,EU-27 at study publication; country-specific evidence only,ABIS2021-Plant-B,2,Plant-B-abrasion-60min,dry abrasion 60 min,coarse MIBA after prior Fe/NFe recovery and 12-week storage,ash eluate; cumulative column release,Fe,measured_element_endpoint; hazard_not_adjudicated,DIN 19528 column leaching,cumulative 4 L/kg,60 min abrasion,µg/kg,323,83,245,19,numeric_mean_transcribed_from_public_table,numeric_mean_transcribed_from_public_table,,-24.148606811145513,-0.27639411267792957,lower,,,not_applicable,not_assessed,"Published table values only; raw lab dataset is not public under consortium confidentiality. 15 increments were merged into one composite for each plant; triplicate columns are technical, not independent feedstocks.",Published article Table 4; Methods §§2.2–2.5; DIN 19528 column test; values at cumulative L/S=4 L/kg,"Published table values only; raw lab dataset is not public under consortium confidentiality. 15 increments were merged into one composite for each plant; triplicate columns are technical, not independent feedstocks.",,,,,,,,,,,,,,,,
ABIS2021,"Abis et al. (2021), Materials 14:3133",10.3390/ma14113133,https://doi.org/10.3390/ma14113133,Sweden,EU-27 at study publication; country-specific evidence only,ABIS2021-Plant-B,2,Plant-B-abrasion-120min,dry abrasion 120 min,coarse MIBA after prior Fe/NFe recovery and 12-week storage,ash eluate; cumulative column release,Fe,measured_element_endpoint; hazard_not_adjudicated,DIN 19528 column leaching,cumulative 4 L/kg,120 min abrasion,µg/kg,323,83,316,49,numeric_mean_transcribed_from_public_table,numeric_mean_transcribed_from_public_table,,-2.1671826625387,-0.021910109635744458,lower,,,not_applicable,not_assessed,"Published table values only; raw lab dataset is not public under consortium confidentiality. 15 increments were merged into one composite for each plant; triplicate columns are technical, not independent feedstocks.",Published article Table 4; Methods §§2.2–2.5; DIN 19528 column test; values at cumulative L/S=4 L/kg,"Published table values only; raw lab dataset is not public under consortium confidentiality. 15 increments were merged into one composite for each plant; triplicate columns are technical, not independent feedstocks.",,,,,,,,,,,,,,,,
ABIS2021,"Abis et al. (2021), Materials 14:3133",10.3390/ma14113133,https://doi.org/10.3390/ma14113133,Germany,EU-27 at study publication; country-specific evidence only,ABIS2021-Plant-A,2,Plant-A-abrasion-60min,dry abrasion 60 min,coarse MIBA after prior Fe/NFe recovery and 12-week storage,ash eluate; cumulative column release,Li,measured_element_endpoint; hazard_not_adjudicated,DIN 19528 column leaching,cumulative 4 L/kg,60 min abrasion,µg/kg,500,42,285,17,numeric_mean_transcribed_from_public_table,numeric_mean_transcribed_from_public_table,,-43.0,-0.5621189181535413,lower,,,not_applicable,not_assessed,"Published table values only; raw lab dataset is not public under consortium confidentiality. 15 increments were merged into one composite for each plant; triplicate columns are technical, not independent feedstocks.",Published article Table 4; Methods §§2.2–2.5; DIN 19528 column test; values at cumulative L/S=4 L/kg,"Published table values only; raw lab dataset is not public under consortium confidentiality. 15 increments were merged into one composite for each plant; triplicate columns are technical, not independent feedstocks.",,,,,,,,,,,,,,,,
ABIS2021,"Abis et al. (2021), Materials 14:3133",10.3390/ma14113133,https://doi.org/10.3390/ma14113133,Germany,EU-27 at study publication; country-specific evidence only,ABIS2021-Plant-A,2,Plant-A-abrasion-120min,dry abrasion 120 min,coarse MIBA after prior Fe/NFe recovery and 12-week storage,ash eluate; cumulative column release,Li,measured_element_endpoint; hazard_not_adjudicated,DIN 19528 column leaching,cumulative 4 L/kg,120 min abrasion,µg/kg,500,42,184,4,numeric_mean_transcribed_from_public_table,numeric_mean_transcribed_from_public_table,,-63.2,-0.9996723408132061,lower,,,not_applicable,not_assessed,"Published table values only; raw lab dataset is not public under consortium confidentiality. 15 increments were merged into one composite for each plant; triplicate columns are technical, not independent feedstocks.",Published article Table 4; Methods §§2.2–2.5; DIN 19528 column test; values at cumulative L/S=4 L/kg,"Published table values only; raw lab dataset is not public under consortium confidentiality. 15 increments were merged into one composite for each plant; triplicate columns are technical, not independent feedstocks.",,,,,,,,,,,,,,,,
ABIS2021,"Abis et al. (2021), Materials 14:3133",10.3390/ma14113133,https://doi.org/10.3390/ma14113133,Sweden,EU-27 at study publication; country-specific evidence only,ABIS2021-Plant-B,2,Plant-B-abrasion-60min,dry abrasion 60 min,coarse MIBA after prior Fe/NFe recovery and 12-week storage,ash eluate; cumulative column release,Li,measured_element_endpoint; hazard_not_adjudicated,DIN 19528 column leaching,cumulative 4 L/kg,60 min abrasion,µg/kg,94,8,56,6,numeric_mean_transcribed_from_public_table,numeric_mean_transcribed_from_public_table,,-40.42553191489362,-0.5179430915348547,lower,,,not_applicable,not_assessed,"Published table values only; raw lab dataset is not public under consortium confidentiality. 15 increments were merged into one composite for each plant; triplicate columns are technical, not independent feedstocks.",Published article Table 4; Methods §§2.2–2.5; DIN 19528 column test; values at cumulative L/S=4 L/kg,"Published table values only; raw lab dataset is not public under consortium confidentiality. 15 increments were merged into one composite for each plant; triplicate columns are technical, not independent feedstocks.",,,,,,,,,,,,,,,,
ABIS2021,"Abis et al. (2021), Materials 14:3133",10.3390/ma14113133,https://doi.org/10.3390/ma14113133,Sweden,EU-27 at study publication; country-specific evidence only,ABIS2021-Plant-B,2,Plant-B-abrasion-120min,dry abrasion 120 min,coarse MIBA after prior Fe/NFe recovery and 12-week storage,ash eluate; cumulative column release,Li,measured_element_endpoint; hazard_not_adjudicated,DIN 19528 column leaching,cumulative 4 L/kg,120 min abrasion,µg/kg,94,8,40,6,numeric_mean_transcribed_from_public_table,numeric_mean_transcribed_from_public_table,,-57.4468085106383,-0.8544153281560676,lower,,,not_applicable,not_assessed,"Published table values only; raw lab dataset is not public under consortium confidentiality. 15 increments were merged into one composite for each plant; triplicate columns are technical, not independent feedstocks.",Published article Table 4; Methods §§2.2–2.5; DIN 19528 column test; values at cumulative L/S=4 L/kg,"Published table values only; raw lab dataset is not public under consortium confidentiality. 15 increments were merged into one composite for each plant; triplicate columns are technical, not independent feedstocks.",,,,,,,,,,,,,,,,
ABIS2021,"Abis et al. (2021), Materials 14:3133",10.3390/ma14113133,https://doi.org/10.3390/ma14113133,Germany,EU-27 at study publication; country-specific evidence only,ABIS2021-Plant-A,2,Plant-A-abrasion-60min,dry abrasion 60 min,coarse MIBA after prior Fe/NFe recovery and 12-week storage,ash eluate; cumulative column release,Mg,measured_element_endpoint; hazard_not_adjudicated,DIN 19528 column leaching,cumulative 4 L/kg,60 min abrasion,µg/kg,351,54,337,8,numeric_mean_transcribed_from_public_table,numeric_mean_transcribed_from_public_table,,-3.988603988603989,-0.04070329311350409,lower,,,not_applicable,not_assessed,"Published table values only; raw lab dataset is not public under consortium confidentiality. 15 increments were merged into one composite for each plant; triplicate columns are technical, not independent feedstocks.",Published article Table 4; Methods §§2.2–2.5; DIN 19528 column test; values at cumulative L/S=4 L/kg,"Published table values only; raw lab dataset is not public under consortium confidentiality. 15 increments were merged into one composite for each plant; triplicate columns are technical, not independent feedstocks.",,,,,,,,,,,,,,,,
ABIS2021,"Abis et al. (2021), Materials 14:3133",10.3390/ma14113133,https://doi.org/10.3390/ma14113133,Germany,EU-27 at study publication; country-specific evidence only,ABIS2021-Plant-A,2,Plant-A-abrasion-120min,dry abrasion 120 min,coarse MIBA after prior Fe/NFe recovery and 12-week storage,ash eluate; cumulative column release,Mg,measured_element_endpoint; hazard_not_adjudicated,DIN 19528 column leaching,cumulative 4 L/kg,120 min abrasion,µg/kg,351,54,460,44,numeric_mean_transcribed_from_public_table,numeric_mean_transcribed_from_public_table,,31.054131054131055,0.27044026601727494,higher,,,not_applicable,not_assessed,"Published table values only; raw lab dataset is not public under consortium confidentiality. 15 increments were merged into one composite for each plant; triplicate columns are technical, not independent feedstocks.",Published article Table 4; Methods §§2.2–2.5; DIN 19528 column test; values at cumulative L/S=4 L/kg,"Published table values only; raw lab dataset is not public under consortium confidentiality. 15 increments were merged into one composite for each plant; triplicate columns are technical, not independent feedstocks.",,,,,,,,,,,,,,,,
ABIS2021,"Abis et al. (2021), Materials 14:3133",10.3390/ma14113133,https://doi.org/10.3390/ma14113133,Sweden,EU-27 at study publication; country-specific evidence only,ABIS2021-Plant-B,2,Plant-B-abrasion-60min,dry abrasion 60 min,coarse MIBA after prior Fe/NFe recovery and 12-week storage,ash eluate; cumulative column release,Mg,measured_element_endpoint; hazard_not_adjudicated,DIN 19528 column leaching,cumulative 4 L/kg,60 min abrasion,µg/kg,347,36,284,53,numeric_mean_transcribed_from_public_table,numeric_mean_transcribed_from_public_table,,-18.155619596541786,-0.20035054178565312,lower,,,not_applicable,not_assessed,"Published table values only; raw lab dataset is not public under consortium confidentiality. 15 increments were merged into one composite for each plant; triplicate columns are technical, not independent feedstocks.",Published article Table 4; Methods §§2.2–2.5; DIN 19528 column test; values at cumulative L/S=4 L/kg,"Published table values only; raw lab dataset is not public under consortium confidentiality. 15 increments were merged into one composite for each plant; triplicate columns are technical, not independent feedstocks.",,,,,,,,,,,,,,,,
ABIS2021,"Abis et al. (2021), Materials 14:3133",10.3390/ma14113133,https://doi.org/10.3390/ma14113133,Sweden,EU-27 at study publication; country-specific evidence only,ABIS2021-Plant-B,2,Plant-B-abrasion-120min,dry abrasion 120 min,coarse MIBA after prior Fe/NFe recovery and 12-week storage,ash eluate; cumulative column release,Mg,measured_element_endpoint; hazard_not_adjudicated,DIN 19528 column leaching,cumulative 4 L/kg,120 min abrasion,µg/kg,347,36,337,21,numeric_mean_transcribed_from_public_table,numeric_mean_transcribed_from_public_table,,-2.881844380403458,-0.029241849594497417,lower,,,not_applicable,not_assessed,"Published table values only; raw lab dataset is not public under consortium confidentiality. 15 increments were merged into one composite for each plant; triplicate columns are technical, not independent feedstocks.",Published article Table 4; Methods §§2.2–2.5; DIN 19528 column test; values at cumulative L/S=4 L/kg,"Published table values only; raw lab dataset is not public under consortium confidentiality. 15 increments were merged into one composite for each plant; triplicate columns are technical, not independent feedstocks.",,,,,,,,,,,,,,,,
ABIS2021,"Abis et al. (2021), Materials 14:3133",10.3390/ma14113133,https://doi.org/10.3390/ma14113133,Germany,EU-27 at study publication; country-specific evidence only,ABIS2021-Plant-A,2,Plant-A-abrasion-60min,dry abrasion 60 min,coarse MIBA after prior Fe/NFe recovery and 12-week storage,ash eluate; cumulative column release,Mn,measured_element_endpoint; hazard_not_adjudicated,DIN 19528 column leaching,cumulative 4 L/kg,60 min abrasion,µg/kg,9,1,13,2,numeric_mean_transcribed_from_public_table,numeric_mean_transcribed_from_public_table,,44.44444444444444,0.36772478012531734,higher,,,not_applicable,not_assessed,"Published table values only; raw lab dataset is not public under consortium confidentiality. 15 increments were merged into one composite for each plant; triplicate columns are technical, not independent feedstocks.",Published article Table 4; Methods §§2.2–2.5; DIN 19528 column test; values at cumulative L/S=4 L/kg,"Published table values only; raw lab dataset is not public under consortium confidentiality. 15 increments were merged into one composite for each plant; triplicate columns are technical, not independent feedstocks.",,,,,,,,,,,,,,,,
ABIS2021,"Abis et al. (2021), Materials 14:3133",10.3390/ma14113133,https://doi.org/10.3390/ma14113133,Germany,EU-27 at study publication; country-specific evidence only,ABIS2021-Plant-A,2,Plant-A-abrasion-120min,dry abrasion 120 min,coarse MIBA after prior Fe/NFe recovery and 12-week storage,ash eluate; cumulative column release,Mn,measured_element_endpoint; hazard_not_adjudicated,DIN 19528 column leaching,cumulative 4 L/kg,120 min abrasion,µg/kg,9,1,10,2,numeric_mean_transcribed_from_public_table,numeric_mean_transcribed_from_public_table,,11.11111111111111,0.10536051565782635,higher,,,not_applicable,not_assessed,"Published table values only; raw lab dataset is not public under consortium confidentiality. 15 increments were merged into one composite for each plant; triplicate columns are technical, not independent feedstocks.",Published article Table 4; Methods §§2.2–2.5; DIN 19528 column test; values at cumulative L/S=4 L/kg,"Published table values only; raw lab dataset is not public under consortium confidentiality. 15 increments were merged into one composite for each plant; triplicate columns are technical, not independent feedstocks.",,,,,,,,,,,,,,,,
ABIS2021,"Abis et al. (2021), Materials 14:3133",10.3390/ma14113133,https://doi.org/10.3390/ma14113133,Sweden,EU-27 at study publication; country-specific evidence only,ABIS2021-Plant-B,2,Plant-B-abrasion-60min,dry abrasion 60 min,coarse MIBA after prior Fe/NFe recovery and 12-week storage,ash eluate; cumulative column release,Mn,measured_element_endpoint; hazard_not_adjudicated,DIN 19528 column leaching,cumulative 4 L/kg,60 min abrasion,µg/kg,20,3,18,3,numeric_mean_transcribed_from_public_table,numeric_mean_transcribed_from_public_table,,-10.0,-0.10536051565782628,lower,,,not_applicable,not_assessed,"Published table values only; raw lab dataset is not public under consortium confidentiality. 15 increments were merged into one composite for each plant; triplicate columns are technical, not independent feedstocks.",Published article Table 4; Methods §§2.2–2.5; DIN 19528 column test; values at cumulative L/S=4 L/kg,"Published table values only; raw lab dataset is not public under consortium confidentiality. 15 increments were merged into one composite for each plant; triplicate columns are technical, not independent feedstocks.",,,,,,,,,,,,,,,,
ABIS2021,"Abis et al. (2021), Materials 14:3133",10.3390/ma14113133,https://doi.org/10.3390/ma14113133,Sweden,EU-27 at study publication; country-specific evidence only,ABIS2021-Plant-B,2,Plant-B-abrasion-120min,dry abrasion 120 min,coarse MIBA after prior Fe/NFe recovery and 12-week storage,ash eluate; cumulative column release,Mn,measured_element_endpoint; hazard_not_adjudicated,DIN 19528 column leaching,cumulative 4 L/kg,120 min abrasion,µg/kg,20,3,22,2,numeric_mean_transcribed_from_public_table,numeric_mean_transcribed_from_public_table,,10.0,0.09531017980432493,higher,,,not_applicable,not_assessed,"Published table values only; raw lab dataset is not public under consortium confidentiality. 15 increments were merged into one composite for each plant; triplicate columns are technical, not independent feedstocks.",Published article Table 4; Methods §§2.2–2.5; DIN 19528 column test; values at cumulative L/S=4 L/kg,"Published table values only; raw lab dataset is not public under consortium confidentiality. 15 increments were merged into one composite for each plant; triplicate columns are technical, not independent feedstocks.",,,,,,,,,,,,,,,,
ABIS2021,"Abis et al. (2021), Materials 14:3133",10.3390/ma14113133,https://doi.org/10.3390/ma14113133,Germany,EU-27 at study publication; country-specific evidence only,ABIS2021-Plant-A,2,Plant-A-abrasion-60min,dry abrasion 60 min,coarse MIBA after prior Fe/NFe recovery and 12-week storage,ash eluate; cumulative column release,Mo,measured_element_endpoint; hazard_not_adjudicated,DIN 19528 column leaching,cumulative 4 L/kg,60 min abrasion,µg/kg,586,14,498,19,numeric_mean_transcribed_from_public_table,numeric_mean_transcribed_from_public_table,,-15.017064846416382,-0.1627197125523597,lower,,,not_applicable,not_assessed,"Published table values only; raw lab dataset is not public under consortium confidentiality. 15 increments were merged into one composite for each plant; triplicate columns are technical, not independent feedstocks.",Published article Table 4; Methods §§2.2–2.5; DIN 19528 column test; values at cumulative L/S=4 L/kg,"Published table values only; raw lab dataset is not public under consortium confidentiality. 15 increments were merged into one composite for each plant; triplicate columns are technical, not independent feedstocks.",,,,,,,,,,,,,,,,
ABIS2021,"Abis et al. (2021), Materials 14:3133",10.3390/ma14113133,https://doi.org/10.3390/ma14113133,Germany,EU-27 at study publication; country-specific evidence only,ABIS2021-Plant-A,2,Plant-A-abrasion-120min,dry abrasion 120 min,coarse MIBA after prior Fe/NFe recovery and 12-week storage,ash eluate; cumulative column release,Mo,measured_element_endpoint; hazard_not_adjudicated,DIN 19528 column leaching,cumulative 4 L/kg,120 min abrasion,µg/kg,586,14,440,14,numeric_mean_transcribed_from_public_table,numeric_mean_transcribed_from_public_table,,-24.914675767918087,-0.2865450626647058,lower,,,not_applicable,not_assessed,"Published table values only; raw lab dataset is not public under consortium confidentiality. 15 increments were merged into one composite for each plant; triplicate columns are technical, not independent feedstocks.",Published article Table 4; Methods §§2.2–2.5; DIN 19528 column test; values at cumulative L/S=4 L/kg,"Published table values only; raw lab dataset is not public under consortium confidentiality. 15 increments were merged into one composite for each plant; triplicate columns are technical, not independent feedstocks.",,,,,,,,,,,,,,,,
ABIS2021,"Abis et al. (2021), Materials 14:3133",10.3390/ma14113133,https://doi.org/10.3390/ma14113133,Sweden,EU-27 at study publication; country-specific evidence only,ABIS2021-Plant-B,2,Plant-B-abrasion-60min,dry abrasion 60 min,coarse MIBA after prior Fe/NFe recovery and 12-week storage,ash eluate; cumulative column release,Mo,measured_element_endpoint; hazard_not_adjudicated,DIN 19528 column leaching,cumulative 4 L/kg,60 min abrasion,µg/kg,400,18,375,46,numeric_mean_transcribed_from_public_table,numeric_mean_transcribed_from_public_table,,-6.25,-0.06453852113757118,lower,,,not_applicable,not_assessed,"Published table values only; raw lab dataset is not public under consortium confidentiality. 15 increments were merged into one composite for each plant; triplicate columns are technical, not independent feedstocks.",Published article Table 4; Methods §§2.2–2.5; DIN 19528 column test; values at cumulative L/S=4 L/kg,"Published table values only; raw lab dataset is not public under consortium confidentiality. 15 increments were merged into one composite for each plant; triplicate columns are technical, not independent feedstocks.",,,,,,,,,,,,,,,,
ABIS2021,"Abis et al. (2021), Materials 14:3133",10.3390/ma14113133,https://doi.org/10.3390/ma14113133,Sweden,EU-27 at study publication; country-specific evidence only,ABIS2021-Plant-B,2,Plant-B-abrasion-120min,dry abrasion 120 min,coarse MIBA after prior Fe/NFe recovery and 12-week storage,ash eluate; cumulative column release,Mo,measured_element_endpoint; hazard_not_adjudicated,DIN 19528 column leaching,cumulative 4 L/kg,120 min abrasion,µg/kg,400,18,368,39,numeric_mean_transcribed_from_public_table,numeric_mean_transcribed_from_public_table,,-8.0,-0.08338160893905101,lower,,,not_applicable,not_assessed,"Published table values only; raw lab dataset is not public under consortium confidentiality. 15 increments were merged into one composite for each plant; triplicate columns are technical, not independent feedstocks.",Published article Table 4; Methods §§2.2–2.5; DIN 19528 column test; values at cumulative L/S=4 L/kg,"Published table values only; raw lab dataset is not public under consortium confidentiality. 15 increments were merged into one composite for each plant; triplicate columns are technical, not independent feedstocks.",,,,,,,,,,,,,,,,
ABIS2021,"Abis et al. (2021), Materials 14:3133",10.3390/ma14113133,https://doi.org/10.3390/ma14113133,Germany,EU-27 at study publication; country-specific evidence only,ABIS2021-Plant-A,2,Plant-A-abrasion-60min,dry abrasion 60 min,coarse MIBA after prior Fe/NFe recovery and 12-week storage,ash eluate; cumulative column release,Ni,measured_element_endpoint; hazard_not_adjudicated,DIN 19528 column leaching,cumulative 4 L/kg,60 min abrasion,µg/kg,38,16,27,17,numeric_mean_transcribed_from_public_table,numeric_mean_transcribed_from_public_table,,-28.94736842105263,-0.3417492937220567,lower,,,not_applicable,not_assessed,"Published table values only; raw lab dataset is not public under consortium confidentiality. 15 increments were merged into one composite for each plant; triplicate columns are technical, not independent feedstocks.",Published article Table 4; Methods §§2.2–2.5; DIN 19528 column test; values at cumulative L/S=4 L/kg,"Published table values only; raw lab dataset is not public under consortium confidentiality. 15 increments were merged into one composite for each plant; triplicate columns are technical, not independent feedstocks.",,,,,,,,,,,,,,,,
ABIS2021,"Abis et al. (2021), Materials 14:3133",10.3390/ma14113133,https://doi.org/10.3390/ma14113133,Germany,EU-27 at study publication; country-specific evidence only,ABIS2021-Plant-A,2,Plant-A-abrasion-120min,dry abrasion 120 min,coarse MIBA after prior Fe/NFe recovery and 12-week storage,ash eluate; cumulative column release,Ni,measured_element_endpoint; hazard_not_adjudicated,DIN 19528 column leaching,cumulative 4 L/kg,120 min abrasion,µg/kg,38,16,30,4,numeric_mean_transcribed_from_public_table,numeric_mean_transcribed_from_public_table,,-21.05263157894737,-0.2363887780642304,lower,,,not_applicable,not_assessed,"Published table values only; raw lab dataset is not public under consortium confidentiality. 15 increments were merged into one composite for each plant; triplicate columns are technical, not independent feedstocks.",Published article Table 4; Methods §§2.2–2.5; DIN 19528 column test; values at cumulative L/S=4 L/kg,"Published table values only; raw lab dataset is not public under consortium confidentiality. 15 increments were merged into one composite for each plant; triplicate columns are technical, not independent feedstocks.",,,,,,,,,,,,,,,,
ABIS2021,"Abis et al. (2021), Materials 14:3133",10.3390/ma14113133,https://doi.org/10.3390/ma14113133,Sweden,EU-27 at study publication; country-specific evidence only,ABIS2021-Plant-B,2,Plant-B-abrasion-60min,dry abrasion 60 min,coarse MIBA after prior Fe/NFe recovery and 12-week storage,ash eluate; cumulative column release,Ni,measured_element_endpoint; hazard_not_adjudicated,DIN 19528 column leaching,cumulative 4 L/kg,60 min abrasion,µg/kg,67,14,96,17,numeric_mean_transcribed_from_public_table,numeric_mean_transcribed_from_public_table,,43.28358208955224,0.3596555720768701,higher,,,not_applicable,not_assessed,"Published table values only; raw lab dataset is not public under consortium confidentiality. 15 increments were merged into one composite for each plant; triplicate columns are technical, not independent feedstocks.",Published article Table 4; Methods §§2.2–2.5; DIN 19528 column test; values at cumulative L/S=4 L/kg,"Published table values only; raw lab dataset is not public under consortium confidentiality. 15 increments were merged into one composite for each plant; triplicate columns are technical, not independent feedstocks.",,,,,,,,,,,,,,,,
ABIS2021,"Abis et al. (2021), Materials 14:3133",10.3390/ma14113133,https://doi.org/10.3390/ma14113133,Sweden,EU-27 at study publication; country-specific evidence only,ABIS2021-Plant-B,2,Plant-B-abrasion-120min,dry abrasion 120 min,coarse MIBA after prior Fe/NFe recovery and 12-week storage,ash eluate; cumulative column release,Ni,measured_element_endpoint; hazard_not_adjudicated,DIN 19528 column leaching,cumulative 4 L/kg,120 min abrasion,µg/kg,67,14,104,15,numeric_mean_transcribed_from_public_table,numeric_mean_transcribed_from_public_table,,55.223880597014926,0.43969827975040665,higher,,,not_applicable,not_assessed,"Published table values only; raw lab dataset is not public under consortium confidentiality. 15 increments were merged into one composite for each plant; triplicate columns are technical, not independent feedstocks.",Published article Table 4; Methods §§2.2–2.5; DIN 19528 column test; values at cumulative L/S=4 L/kg,"Published table values only; raw lab dataset is not public under consortium confidentiality. 15 increments were merged into one composite for each plant; triplicate columns are technical, not independent feedstocks.",,,,,,,,,,,,,,,,
ABIS2021,"Abis et al. (2021), Materials 14:3133",10.3390/ma14113133,https://doi.org/10.3390/ma14113133,Germany,EU-27 at study publication; country-specific evidence only,ABIS2021-Plant-A,2,Plant-A-abrasion-60min,dry abrasion 60 min,coarse MIBA after prior Fe/NFe recovery and 12-week storage,ash eluate; cumulative column release,Sr,measured_element_endpoint; hazard_not_adjudicated,DIN 19528 column leaching,cumulative 4 L/kg,60 min abrasion,µg/kg,8528,700,5552,263,numeric_mean_transcribed_from_public_table,numeric_mean_transcribed_from_public_table,,-34.8968105065666,-0.4291966442189853,lower,,,not_applicable,not_assessed,"Published table values only; raw lab dataset is not public under consortium confidentiality. 15 increments were merged into one composite for each plant; triplicate columns are technical, not independent feedstocks.",Published article Table 4; Methods §§2.2–2.5; DIN 19528 column test; values at cumulative L/S=4 L/kg,"Published table values only; raw lab dataset is not public under consortium confidentiality. 15 increments were merged into one composite for each plant; triplicate columns are technical, not independent feedstocks.",,,,,,,,,,,,,,,,
ABIS2021,"Abis et al. (2021), Materials 14:3133",10.3390/ma14113133,https://doi.org/10.3390/ma14113133,Germany,EU-27 at study publication; country-specific evidence only,ABIS2021-Plant-A,2,Plant-A-abrasion-120min,dry abrasion 120 min,coarse MIBA after prior Fe/NFe recovery and 12-week storage,ash eluate; cumulative column release,Sr,measured_element_endpoint; hazard_not_adjudicated,DIN 19528 column leaching,cumulative 4 L/kg,120 min abrasion,µg/kg,8528,700,3589,39,numeric_mean_transcribed_from_public_table,numeric_mean_transcribed_from_public_table,,-57.915103189493436,-0.8654812552580186,lower,,,not_applicable,not_assessed,"Published table values only; raw lab dataset is not public under consortium confidentiality. 15 increments were merged into one composite for each plant; triplicate columns are technical, not independent feedstocks.",Published article Table 4; Methods §§2.2–2.5; DIN 19528 column test; values at cumulative L/S=4 L/kg,"Published table values only; raw lab dataset is not public under consortium confidentiality. 15 increments were merged into one composite for each plant; triplicate columns are technical, not independent feedstocks.",,,,,,,,,,,,,,,,
ABIS2021,"Abis et al. (2021), Materials 14:3133",10.3390/ma14113133,https://doi.org/10.3390/ma14113133,Sweden,EU-27 at study publication; country-specific evidence only,ABIS2021-Plant-B,2,Plant-B-abrasion-60min,dry abrasion 60 min,coarse MIBA after prior Fe/NFe recovery and 12-week storage,ash eluate; cumulative column release,Sr,measured_element_endpoint; hazard_not_adjudicated,DIN 19528 column leaching,cumulative 4 L/kg,60 min abrasion,µg/kg,1955,89,1555,118,numeric_mean_transcribed_from_public_table,numeric_mean_transcribed_from_public_table,,-20.460358056265985,-0.2289146478061316,lower,,,not_applicable,not_assessed,"Published table values only; raw lab dataset is not public under consortium confidentiality. 15 increments were merged into one composite for each plant; triplicate columns are technical, not independent feedstocks.",Published article Table 4; Methods §§2.2–2.5; DIN 19528 column test; values at cumulative L/S=4 L/kg,"Published table values only; raw lab dataset is not public under consortium confidentiality. 15 increments were merged into one composite for each plant; triplicate columns are technical, not independent feedstocks.",,,,,,,,,,,,,,,,
ABIS2021,"Abis et al. (2021), Materials 14:3133",10.3390/ma14113133,https://doi.org/10.3390/ma14113133,Sweden,EU-27 at study publication; country-specific evidence only,ABIS2021-Plant-B,2,Plant-B-abrasion-120min,dry abrasion 120 min,coarse MIBA after prior Fe/NFe recovery and 12-week storage,ash eluate; cumulative column release,Sr,measured_element_endpoint; hazard_not_adjudicated,DIN 19528 column leaching,cumulative 4 L/kg,120 min abrasion,µg/kg,1955,89,1208,38,numeric_mean_transcribed_from_public_table,numeric_mean_transcribed_from_public_table,,-38.209718670076725,-0.481424093924706,lower,,,not_applicable,not_assessed,"Published table values only; raw lab dataset is not public under consortium confidentiality. 15 increments were merged into one composite for each plant; triplicate columns are technical, not independent feedstocks.",Published article Table 4; Methods §§2.2–2.5; DIN 19528 column test; values at cumulative L/S=4 L/kg,"Published table values only; raw lab dataset is not public under consortium confidentiality. 15 increments were merged into one composite for each plant; triplicate columns are technical, not independent feedstocks.",,,,,,,,,,,,,,,,
ABIS2021,"Abis et al. (2021), Materials 14:3133",10.3390/ma14113133,https://doi.org/10.3390/ma14113133,Germany,EU-27 at study publication; country-specific evidence only,ABIS2021-Plant-A,2,Plant-A-abrasion-60min,dry abrasion 60 min,coarse MIBA after prior Fe/NFe recovery and 12-week storage,ash eluate; cumulative column release,Ti,measured_element_endpoint; hazard_not_adjudicated,DIN 19528 column leaching,cumulative 4 L/kg,60 min abrasion,µg/kg,45,1,43,3,numeric_mean_transcribed_from_public_table,numeric_mean_transcribed_from_public_table,,-4.444444444444445,-0.04546237407675729,lower,,,not_applicable,not_assessed,"Published table values only; raw lab dataset is not public under consortium confidentiality. 15 increments were merged into one composite for each plant; triplicate columns are technical, not independent feedstocks.",Published article Table 4; Methods §§2.2–2.5; DIN 19528 column test; values at cumulative L/S=4 L/kg,"Published table values only; raw lab dataset is not public under consortium confidentiality. 15 increments were merged into one composite for each plant; triplicate columns are technical, not independent feedstocks.",,,,,,,,,,,,,,,,
ABIS2021,"Abis et al. (2021), Materials 14:3133",10.3390/ma14113133,https://doi.org/10.3390/ma14113133,Germany,EU-27 at study publication; country-specific evidence only,ABIS2021-Plant-A,2,Plant-A-abrasion-120min,dry abrasion 120 min,coarse MIBA after prior Fe/NFe recovery and 12-week storage,ash eluate; cumulative column release,Ti,measured_element_endpoint; hazard_not_adjudicated,DIN 19528 column leaching,cumulative 4 L/kg,120 min abrasion,µg/kg,45,1,43,1,numeric_mean_transcribed_from_public_table,numeric_mean_transcribed_from_public_table,,-4.444444444444445,-0.04546237407675729,lower,,,not_applicable,not_assessed,"Published table values only; raw lab dataset is not public under consortium confidentiality. 15 increments were merged into one composite for each plant; triplicate columns are technical, not independent feedstocks.",Published article Table 4; Methods §§2.2–2.5; DIN 19528 column test; values at cumulative L/S=4 L/kg,"Published table values only; raw lab dataset is not public under consortium confidentiality. 15 increments were merged into one composite for each plant; triplicate columns are technical, not independent feedstocks.",,,,,,,,,,,,,,,,
ABIS2021,"Abis et al. (2021), Materials 14:3133",10.3390/ma14113133,https://doi.org/10.3390/ma14113133,Sweden,EU-27 at study publication; country-specific evidence only,ABIS2021-Plant-B,2,Plant-B-abrasion-60min,dry abrasion 60 min,coarse MIBA after prior Fe/NFe recovery and 12-week storage,ash eluate; cumulative column release,Ti,measured_element_endpoint; hazard_not_adjudicated,DIN 19528 column leaching,cumulative 4 L/kg,60 min abrasion,µg/kg,99,1,100,3,numeric_mean_transcribed_from_public_table,numeric_mean_transcribed_from_public_table,,1.0101010101010102,0.010050335853501506,higher,,,not_applicable,not_assessed,"Published table values only; raw lab dataset is not public under consortium confidentiality. 15 increments were merged into one composite for each plant; triplicate columns are technical, not independent feedstocks.",Published article Table 4; Methods §§2.2–2.5; DIN 19528 column test; values at cumulative L/S=4 L/kg,"Published table values only; raw lab dataset is not public under consortium confidentiality. 15 increments were merged into one composite for each plant; triplicate columns are technical, not independent feedstocks.",,,,,,,,,,,,,,,,
ABIS2021,"Abis et al. (2021), Materials 14:3133",10.3390/ma14113133,https://doi.org/10.3390/ma14113133,Sweden,EU-27 at study publication; country-specific evidence only,ABIS2021-Plant-B,2,Plant-B-abrasion-120min,dry abrasion 120 min,coarse MIBA after prior Fe/NFe recovery and 12-week storage,ash eluate; cumulative column release,Ti,measured_element_endpoint; hazard_not_adjudicated,DIN 19528 column leaching,cumulative 4 L/kg,120 min abrasion,µg/kg,99,1,100,1,numeric_mean_transcribed_from_public_table,numeric_mean_transcribed_from_public_table,,1.0101010101010102,0.010050335853501506,higher,,,not_applicable,not_assessed,"Published table values only; raw lab dataset is not public under consortium confidentiality. 15 increments were merged into one composite for each plant; triplicate columns are technical, not independent feedstocks.",Published article Table 4; Methods §§2.2–2.5; DIN 19528 column test; values at cumulative L/S=4 L/kg,"Published table values only; raw lab dataset is not public under consortium confidentiality. 15 increments were merged into one composite for each plant; triplicate columns are technical, not independent feedstocks.",,,,,,,,,,,,,,,,
ABIS2021,"Abis et al. (2021), Materials 14:3133",10.3390/ma14113133,https://doi.org/10.3390/ma14113133,Germany,EU-27 at study publication; country-specific evidence only,ABIS2021-Plant-A,2,Plant-A-abrasion-60min,dry abrasion 60 min,coarse MIBA after prior Fe/NFe recovery and 12-week storage,ash eluate; cumulative column release,V,measured_element_endpoint; hazard_not_adjudicated,DIN 19528 column leaching,cumulative 4 L/kg,60 min abrasion,µg/kg,203,19,144,6,numeric_mean_transcribed_from_public_table,numeric_mean_transcribed_from_public_table,,-29.064039408866996,-0.34339267946578667,lower,,,not_applicable,not_assessed,"Published table values only; raw lab dataset is not public under consortium confidentiality. 15 increments were merged into one composite for each plant; triplicate columns are technical, not independent feedstocks.",Published article Table 4; Methods §§2.2–2.5; DIN 19528 column test; values at cumulative L/S=4 L/kg,"Published table values only; raw lab dataset is not public under consortium confidentiality. 15 increments were merged into one composite for each plant; triplicate columns are technical, not independent feedstocks.",,,,,,,,,,,,,,,,
ABIS2021,"Abis et al. (2021), Materials 14:3133",10.3390/ma14113133,https://doi.org/10.3390/ma14113133,Germany,EU-27 at study publication; country-specific evidence only,ABIS2021-Plant-A,2,Plant-A-abrasion-120min,dry abrasion 120 min,coarse MIBA after prior Fe/NFe recovery and 12-week storage,ash eluate; cumulative column release,V,measured_element_endpoint; hazard_not_adjudicated,DIN 19528 column leaching,cumulative 4 L/kg,120 min abrasion,µg/kg,203,19,126,9,numeric_mean_transcribed_from_public_table,numeric_mean_transcribed_from_public_table,,-37.93103448275862,-0.4769240720903093,lower,,,not_applicable,not_assessed,"Published table values only; raw lab dataset is not public under consortium confidentiality. 15 increments were merged into one composite for each plant; triplicate columns are technical, not independent feedstocks.",Published article Table 4; Methods §§2.2–2.5; DIN 19528 column test; values at cumulative L/S=4 L/kg,"Published table values only; raw lab dataset is not public under consortium confidentiality. 15 increments were merged into one composite for each plant; triplicate columns are technical, not independent feedstocks.",,,,,,,,,,,,,,,,
ABIS2021,"Abis et al. (2021), Materials 14:3133",10.3390/ma14113133,https://doi.org/10.3390/ma14113133,Sweden,EU-27 at study publication; country-specific evidence only,ABIS2021-Plant-B,2,Plant-B-abrasion-60min,dry abrasion 60 min,coarse MIBA after prior Fe/NFe recovery and 12-week storage,ash eluate; cumulative column release,V,measured_element_endpoint; hazard_not_adjudicated,DIN 19528 column leaching,cumulative 4 L/kg,60 min abrasion,µg/kg,145,8,144,4,numeric_mean_transcribed_from_public_table,numeric_mean_transcribed_from_public_table,,-0.6896551724137931,-0.006920442844573795,lower,,,not_applicable,not_assessed,"Published table values only; raw lab dataset is not public under consortium confidentiality. 15 increments were merged into one composite for each plant; triplicate columns are technical, not independent feedstocks.",Published article Table 4; Methods §§2.2–2.5; DIN 19528 column test; values at cumulative L/S=4 L/kg,"Published table values only; raw lab dataset is not public under consortium confidentiality. 15 increments were merged into one composite for each plant; triplicate columns are technical, not independent feedstocks.",,,,,,,,,,,,,,,,
ABIS2021,"Abis et al. (2021), Materials 14:3133",10.3390/ma14113133,https://doi.org/10.3390/ma14113133,Sweden,EU-27 at study publication; country-specific evidence only,ABIS2021-Plant-B,2,Plant-B-abrasion-120min,dry abrasion 120 min,coarse MIBA after prior Fe/NFe recovery and 12-week storage,ash eluate; cumulative column release,V,measured_element_endpoint; hazard_not_adjudicated,DIN 19528 column leaching,cumulative 4 L/kg,120 min abrasion,µg/kg,145,8,143,5,numeric_mean_transcribed_from_public_table,numeric_mean_transcribed_from_public_table,,-1.3793103448275863,-0.01388911216066715,lower,,,not_applicable,not_assessed,"Published table values only; raw lab dataset is not public under consortium confidentiality. 15 increments were merged into one composite for each plant; triplicate columns are technical, not independent feedstocks.",Published article Table 4; Methods §§2.2–2.5; DIN 19528 column test; values at cumulative L/S=4 L/kg,"Published table values only; raw lab dataset is not public under consortium confidentiality. 15 increments were merged into one composite for each plant; triplicate columns are technical, not independent feedstocks.",,,,,,,,,,,,,,,,
ABIS2021,"Abis et al. (2021), Materials 14:3133",10.3390/ma14113133,https://doi.org/10.3390/ma14113133,Germany,EU-27 at study publication; country-specific evidence only,ABIS2021-Plant-A,2,Plant-A-abrasion-60min,dry abrasion 60 min,coarse MIBA after prior Fe/NFe recovery and 12-week storage,ash eluate; cumulative column release,Zn,measured_element_endpoint; hazard_not_adjudicated,DIN 19528 column leaching,cumulative 4 L/kg,60 min abrasion,µg/kg,166,37,143,65,numeric_mean_transcribed_from_public_table,numeric_mean_transcribed_from_public_table,,-13.855421686746988,-0.1491431580966359,lower,,,not_applicable,not_assessed,"Published table values only; raw lab dataset is not public under consortium confidentiality. 15 increments were merged into one composite for each plant; triplicate columns are technical, not independent feedstocks.",Published article Table 4; Methods §§2.2–2.5; DIN 19528 column test; values at cumulative L/S=4 L/kg,"Published table values only; raw lab dataset is not public under consortium confidentiality. 15 increments were merged into one composite for each plant; triplicate columns are technical, not independent feedstocks.",,,,,,,,,,,,,,,,
ABIS2021,"Abis et al. (2021), Materials 14:3133",10.3390/ma14113133,https://doi.org/10.3390/ma14113133,Germany,EU-27 at study publication; country-specific evidence only,ABIS2021-Plant-A,2,Plant-A-abrasion-120min,dry abrasion 120 min,coarse MIBA after prior Fe/NFe recovery and 12-week storage,ash eluate; cumulative column release,Zn,measured_element_endpoint; hazard_not_adjudicated,DIN 19528 column leaching,cumulative 4 L/kg,120 min abrasion,µg/kg,166,37,110,33,numeric_mean_transcribed_from_public_table,numeric_mean_transcribed_from_public_table,,-33.734939759036145,-0.411507422564127,lower,,,not_applicable,not_assessed,"Published table values only; raw lab dataset is not public under consortium confidentiality. 15 increments were merged into one composite for each plant; triplicate columns are technical, not independent feedstocks.",Published article Table 4; Methods §§2.2–2.5; DIN 19528 column test; values at cumulative L/S=4 L/kg,"Published table values only; raw lab dataset is not public under consortium confidentiality. 15 increments were merged into one composite for each plant; triplicate columns are technical, not independent feedstocks.",,,,,,,,,,,,,,,,
ABIS2021,"Abis et al. (2021), Materials 14:3133",10.3390/ma14113133,https://doi.org/10.3390/ma14113133,Sweden,EU-27 at study publication; country-specific evidence only,ABIS2021-Plant-B,2,Plant-B-abrasion-60min,dry abrasion 60 min,coarse MIBA after prior Fe/NFe recovery and 12-week storage,ash eluate; cumulative column release,Zn,measured_element_endpoint; hazard_not_adjudicated,DIN 19528 column leaching,cumulative 4 L/kg,60 min abrasion,µg/kg,80,31,265,138,numeric_mean_transcribed_from_public_table,numeric_mean_transcribed_from_public_table,,231.25,1.1977031913123406,higher,,,not_applicable,not_assessed,"Published table values only; raw lab dataset is not public under consortium confidentiality. 15 increments were merged into one composite for each plant; triplicate columns are technical, not independent feedstocks.",Published article Table 4; Methods §§2.2–2.5; DIN 19528 column test; values at cumulative L/S=4 L/kg,"Published table values only; raw lab dataset is not public under consortium confidentiality. 15 increments were merged into one composite for each plant; triplicate columns are technical, not independent feedstocks.",,,,,,,,,,,,,,,,
ABIS2021,"Abis et al. (2021), Materials 14:3133",10.3390/ma14113133,https://doi.org/10.3390/ma14113133,Sweden,EU-27 at study publication; country-specific evidence only,ABIS2021-Plant-B,2,Plant-B-abrasion-120min,dry abrasion 120 min,coarse MIBA after prior Fe/NFe recovery and 12-week storage,ash eluate; cumulative column release,Zn,measured_element_endpoint; hazard_not_adjudicated,DIN 19528 column leaching,cumulative 4 L/kg,120 min abrasion,µg/kg,80,31,20,1,numeric_mean_transcribed_from_public_table,numeric_mean_transcribed_from_public_table,,-75.0,-1.3862943611198906,lower,,,not_applicable,not_assessed,"Published table values only; raw lab dataset is not public under consortium confidentiality. 15 increments were merged into one composite for each plant; triplicate columns are technical, not independent feedstocks.",Published article Table 4; Methods §§2.2–2.5; DIN 19528 column test; values at cumulative L/S=4 L/kg,"Published table values only; raw lab dataset is not public under consortium confidentiality. 15 increments were merged into one composite for each plant; triplicate columns are technical, not independent feedstocks.",,,,,,,,,,,,,,,,
DESTEFANIS2020,"Destefanis et al. (2020), Sustainability 12:9461",10.3390/su12229461,https://doi.org/10.3390/su12229461,Italy,EU-27 at study publication; country-specific evidence only,DESTEFANIS2020-Turin-composite,1,coarse-240s,steam wash 240 s,s ≥ 4.75 mm,ash eluate,Cl-,salt_anion,"study-specific batch leaching; exact method preserved in article, not pooled",see article methods; table reports eluate concentration,steam wash 240 s,mg/L,257,6.4,40,4.6,numeric_mean_transcribed_from_public_table,numeric_mean_transcribed_from_public_table,,-84.43579766536965,-1.8601966307812834,lower,100,mg/L (Italian reuse criterion as printed),below,false,"One 20-kg quartered Turin source composite was split by particle size; published SDs describe the reported test/analytical variation, not independent plant lineages.",Table 1; section 3.1.1; steam wash 240 s,"One Italian source; table gives its Italian Ministerial Decree 186/2006 reuse limits. These are not EU-27-wide EoW criteria. For Cd/Co the table reports <LOQ in some treated samples; the published LOQ unit is internally unusual, so censored values are retained as missing numeric pairs.",,,,,,,,,,,,,,,,
DESTEFANIS2020,"Destefanis et al. (2020), Sustainability 12:9461",10.3390/su12229461,https://doi.org/10.3390/su12229461,Italy,EU-27 at study publication; country-specific evidence only,DESTEFANIS2020-Turin-composite,1,coarse-240s,steam wash 240 s,s ≥ 4.75 mm,ash eluate,SO4(2-),salt_anion,"study-specific batch leaching; exact method preserved in article, not pooled",see article methods; table reports eluate concentration,steam wash 240 s,mg/L,54.3,2.51,19.7,2.13,numeric_mean_transcribed_from_public_table,numeric_mean_transcribed_from_public_table,,-63.720073664825044,-1.013905591195947,lower,250,mg/L (Italian reuse criterion as printed),below,false,"One 20-kg quartered Turin source composite was split by particle size; published SDs describe the reported test/analytical variation, not independent plant lineages.",Table 1; section 3.1.1; steam wash 240 s,"One Italian source; table gives its Italian Ministerial Decree 186/2006 reuse limits. These are not EU-27-wide EoW criteria. For Cd/Co the table reports <LOQ in some treated samples; the published LOQ unit is internally unusual, so censored values are retained as missing numeric pairs.",,,,,,,,,,,,,,,,
DESTEFANIS2020,"Destefanis et al. (2020), Sustainability 12:9461",10.3390/su12229461,https://doi.org/10.3390/su12229461,Italy,EU-27 at study publication; country-specific evidence only,DESTEFANIS2020-Turin-composite,1,coarse-240s,steam wash 240 s,s ≥ 4.75 mm,ash eluate,NO3-,salt_anion,"study-specific batch leaching; exact method preserved in article, not pooled",see article methods; table reports eluate concentration,steam wash 240 s,mg/L,0.52,0.15,0.25,0.2,numeric_mean_transcribed_from_public_table,numeric_mean_transcribed_from_public_table,,-51.92307692307692,-0.7323678937132267,lower,50,mg/L (Italian reuse criterion as printed),below,false,"One 20-kg quartered Turin source composite was split by particle size; published SDs describe the reported test/analytical variation, not independent plant lineages.",Table 1; section 3.1.1; steam wash 240 s,"One Italian source; table gives its Italian Ministerial Decree 186/2006 reuse limits. These are not EU-27-wide EoW criteria. For Cd/Co the table reports <LOQ in some treated samples; the published LOQ unit is internally unusual, so censored values are retained as missing numeric pairs.",,,,,,,,,,,,,,,,
DESTEFANIS2020,"Destefanis et al. (2020), Sustainability 12:9461",10.3390/su12229461,https://doi.org/10.3390/su12229461,Italy,EU-27 at study publication; country-specific evidence only,DESTEFANIS2020-Turin-composite,1,coarse-240s,steam wash 240 s,s ≥ 4.75 mm,ash eluate,Ni,trace_element_or_metal,"study-specific batch leaching; exact method preserved in article, not pooled",see article methods; table reports eluate concentration,steam wash 240 s,mg/L,0.015,0.005,0.002,0.001,numeric_mean_transcribed_from_public_table,numeric_mean_transcribed_from_public_table,,-86.66666666666667,-2.0149030205422647,lower,0.01,mg/L (Italian reuse criterion as printed),below,false,"One 20-kg quartered Turin source composite was split by particle size; published SDs describe the reported test/analytical variation, not independent plant lineages.",Table 1; section 3.1.1; steam wash 240 s,"One Italian source; table gives its Italian Ministerial Decree 186/2006 reuse limits. These are not EU-27-wide EoW criteria. For Cd/Co the table reports <LOQ in some treated samples; the published LOQ unit is internally unusual, so censored values are retained as missing numeric pairs.",,,,,,,,,,,,,,,,
DESTEFANIS2020,"Destefanis et al. (2020), Sustainability 12:9461",10.3390/su12229461,https://doi.org/10.3390/su12229461,Italy,EU-27 at study publication; country-specific evidence only,DESTEFANIS2020-Turin-composite,1,coarse-240s,steam wash 240 s,s ≥ 4.75 mm,ash eluate,Zn,trace_element_or_metal,"study-specific batch leaching; exact method preserved in article, not pooled",see article methods; table reports eluate concentration,steam wash 240 s,mg/L,0.029,0.018,0.001,0.0003,numeric_mean_transcribed_from_public_table,numeric_mean_transcribed_from_public_table,,-96.55172413793103,-3.367295829986474,lower,3,mg/L (Italian reuse criterion as printed),below,false,"One 20-kg quartered Turin source composite was split by particle size; published SDs describe the reported test/analytical variation, not independent plant lineages.",Table 1; section 3.1.1; steam wash 240 s,"One Italian source; table gives its Italian Ministerial Decree 186/2006 reuse limits. These are not EU-27-wide EoW criteria. For Cd/Co the table reports <LOQ in some treated samples; the published LOQ unit is internally unusual, so censored values are retained as missing numeric pairs.",,,,,,,,,,,,,,,,
DESTEFANIS2020,"Destefanis et al. (2020), Sustainability 12:9461",10.3390/su12229461,https://doi.org/10.3390/su12229461,Italy,EU-27 at study publication; country-specific evidence only,DESTEFANIS2020-Turin-composite,1,coarse-240s,steam wash 240 s,s ≥ 4.75 mm,ash eluate,Ba,trace_element_or_metal,"study-specific batch leaching; exact method preserved in article, not pooled",see article methods; table reports eluate concentration,steam wash 240 s,mg/L,0.02,0.005,0.003,0.002,numeric_mean_transcribed_from_public_table,numeric_mean_transcribed_from_public_table,,-85.00000000000001,-1.8971199848858813,lower,1,mg/L (Italian reuse criterion as printed),below,false,"One 20-kg quartered Turin source composite was split by particle size; published SDs describe the reported test/analytical variation, not independent plant lineages.",Table 1; section 3.1.1; steam wash 240 s,"One Italian source; table gives its Italian Ministerial Decree 186/2006 reuse limits. These are not EU-27-wide EoW criteria. For Cd/Co the table reports <LOQ in some treated samples; the published LOQ unit is internally unusual, so censored values are retained as missing numeric pairs.",,,,,,,,,,,,,,,,
DESTEFANIS2020,"Destefanis et al. (2020), Sustainability 12:9461",10.3390/su12229461,https://doi.org/10.3390/su12229461,Italy,EU-27 at study publication; country-specific evidence only,DESTEFANIS2020-Turin-composite,1,coarse-240s,steam wash 240 s,s ≥ 4.75 mm,ash eluate,Cd,trace_element_or_metal,"study-specific batch leaching; exact method preserved in article, not pooled",see article methods; table reports eluate concentration,steam wash 240 s,mg/L,0.017,0.008,,,numeric_mean_transcribed_from_public_table,left_censored_below_LOQ,,,,not_estimable,0.005,mg/L (Italian reuse criterion as printed),not_applicable,not_assessed,"One 20-kg quartered Turin source composite was split by particle size; published SDs describe the reported test/analytical variation, not independent plant lineages.",Table 1; section 3.1.1; steam wash 240 s,"One Italian source; table gives its Italian Ministerial Decree 186/2006 reuse limits. These are not EU-27-wide EoW criteria. For Cd/Co the table reports <LOQ in some treated samples; the published LOQ unit is internally unusual, so censored values are retained as missing numeric pairs.",,,,,,,,,,,,,,,,
DESTEFANIS2020,"Destefanis et al. (2020), Sustainability 12:9461",10.3390/su12229461,https://doi.org/10.3390/su12229461,Italy,EU-27 at study publication; country-specific evidence only,DESTEFANIS2020-Turin-composite,1,coarse-240s,steam wash 240 s,s ≥ 4.75 mm,ash eluate,Co,trace_element_or_metal,"study-specific batch leaching; exact method preserved in article, not pooled",see article methods; table reports eluate concentration,steam wash 240 s,mg/L,0.0397,0.0107,,,numeric_mean_transcribed_from_public_table,left_censored_below_LOQ,,,,not_estimable,0.25,mg/L (Italian reuse criterion as printed),not_applicable,not_assessed,"One 20-kg quartered Turin source composite was split by particle size; published SDs describe the reported test/analytical variation, not independent plant lineages.",Table 1; section 3.1.1; steam wash 240 s,"One Italian source; table gives its Italian Ministerial Decree 186/2006 reuse limits. These are not EU-27-wide EoW criteria. For Cd/Co the table reports <LOQ in some treated samples; the published LOQ unit is internally unusual, so censored values are retained as missing numeric pairs.",,,,,,,,,,,,,,,,
DESTEFANIS2020,"Destefanis et al. (2020), Sustainability 12:9461",10.3390/su12229461,https://doi.org/10.3390/su12229461,Italy,EU-27 at study publication; country-specific evidence only,DESTEFANIS2020-Turin-composite,1,coarse-240s,steam wash 240 s,s ≥ 4.75 mm,ash eluate,Cr,trace_element_or_metal,"study-specific batch leaching; exact method preserved in article, not pooled",see article methods; table reports eluate concentration,steam wash 240 s,mg/L,0.027,0.013,0.002,0.002,numeric_mean_transcribed_from_public_table,numeric_mean_transcribed_from_public_table,,-92.5925925925926,-2.6026896854443837,lower,0.05,mg/L (Italian reuse criterion as printed),below,false,"One 20-kg quartered Turin source composite was split by particle size; published SDs describe the reported test/analytical variation, not independent plant lineages.",Table 1; section 3.1.1; steam wash 240 s,"One Italian source; table gives its Italian Ministerial Decree 186/2006 reuse limits. These are not EU-27-wide EoW criteria. For Cd/Co the table reports <LOQ in some treated samples; the published LOQ unit is internally unusual, so censored values are retained as missing numeric pairs.",,,,,,,,,,,,,,,,
DESTEFANIS2020,"Destefanis et al. (2020), Sustainability 12:9461",10.3390/su12229461,https://doi.org/10.3390/su12229461,Italy,EU-27 at study publication; country-specific evidence only,DESTEFANIS2020-Turin-composite,1,coarse-240s,steam wash 240 s,s ≥ 4.75 mm,ash eluate,Cu,trace_element_or_metal,"study-specific batch leaching; exact method preserved in article, not pooled",see article methods; table reports eluate concentration,steam wash 240 s,mg/L,0.3,0.024,0.024,0.015,numeric_mean_transcribed_from_public_table,numeric_mean_transcribed_from_public_table,,-92.0,-2.5257286443082556,lower,0.05,mg/L (Italian reuse criterion as printed),below,false,"One 20-kg quartered Turin source composite was split by particle size; published SDs describe the reported test/analytical variation, not independent plant lineages.",Table 1; section 3.1.1; steam wash 240 s,"One Italian source; table gives its Italian Ministerial Decree 186/2006 reuse limits. These are not EU-27-wide EoW criteria. For Cd/Co the table reports <LOQ in some treated samples; the published LOQ unit is internally unusual, so censored values are retained as missing numeric pairs.",,,,,,,,,,,,,,,,
DESTEFANIS2020,"Destefanis et al. (2020), Sustainability 12:9461",10.3390/su12229461,https://doi.org/10.3390/su12229461,Italy,EU-27 at study publication; country-specific evidence only,DESTEFANIS2020-Turin-composite,1,coarse-240s,steam wash 240 s,s ≥ 4.75 mm,ash eluate,Pb,trace_element_or_metal,"study-specific batch leaching; exact method preserved in article, not pooled",see article methods; table reports eluate concentration,steam wash 240 s,mg/L,0.03,0.016,0.003,0.002,numeric_mean_transcribed_from_public_table,numeric_mean_transcribed_from_public_table,,-90.00000000000001,-2.3025850929940455,lower,0.05,mg/L (Italian reuse criterion as printed),below,false,"One 20-kg quartered Turin source composite was split by particle size; published SDs describe the reported test/analytical variation, not independent plant lineages.",Table 1; section 3.1.1; steam wash 240 s,"One Italian source; table gives its Italian Ministerial Decree 186/2006 reuse limits. These are not EU-27-wide EoW criteria. For Cd/Co the table reports <LOQ in some treated samples; the published LOQ unit is internally unusual, so censored values are retained as missing numeric pairs.",,,,,,,,,,,,,,,,
DESTEFANIS2020,"Destefanis et al. (2020), Sustainability 12:9461",10.3390/su12229461,https://doi.org/10.3390/su12229461,Italy,EU-27 at study publication; country-specific evidence only,DESTEFANIS2020-Turin-composite,1,medium-600s,steam wash 600 s,4.75 > s ≥ 2 mm,ash eluate,Cl-,salt_anion,"study-specific batch leaching; exact method preserved in article, not pooled",see article methods; table reports eluate concentration,steam wash 600 s,mg/L,252,21.4,82,6.6,numeric_mean_transcribed_from_public_table,numeric_mean_transcribed_from_public_table,,-67.46031746031746,-1.1227098402471702,lower,100,mg/L (Italian reuse criterion as printed),below,false,"One 20-kg quartered Turin source composite was split by particle size; published SDs describe the reported test/analytical variation, not independent plant lineages.",Table 2; section 3.1.1; steam wash 600 s,"One Italian source; table gives its Italian Ministerial Decree 186/2006 reuse limits. These are not EU-27-wide EoW criteria. For Cd/Co the table reports <LOQ in some treated samples; the published LOQ unit is internally unusual, so censored values are retained as missing numeric pairs.",,,,,,,,,,,,,,,,
DESTEFANIS2020,"Destefanis et al. (2020), Sustainability 12:9461",10.3390/su12229461,https://doi.org/10.3390/su12229461,Italy,EU-27 at study publication; country-specific evidence only,DESTEFANIS2020-Turin-composite,1,medium-600s,steam wash 600 s,4.75 > s ≥ 2 mm,ash eluate,SO4(2-),salt_anion,"study-specific batch leaching; exact method preserved in article, not pooled",see article methods; table reports eluate concentration,steam wash 600 s,mg/L,115,8.15,44,14.6,numeric_mean_transcribed_from_public_table,numeric_mean_transcribed_from_public_table,,-61.73913043478261,-0.9607424944449888,lower,250,mg/L (Italian reuse criterion as printed),below,false,"One 20-kg quartered Turin source composite was split by particle size; published SDs describe the reported test/analytical variation, not independent plant lineages.",Table 2; section 3.1.1; steam wash 600 s,"One Italian source; table gives its Italian Ministerial Decree 186/2006 reuse limits. These are not EU-27-wide EoW criteria. For Cd/Co the table reports <LOQ in some treated samples; the published LOQ unit is internally unusual, so censored values are retained as missing numeric pairs.",,,,,,,,,,,,,,,,
DESTEFANIS2020,"Destefanis et al. (2020), Sustainability 12:9461",10.3390/su12229461,https://doi.org/10.3390/su12229461,Italy,EU-27 at study publication; country-specific evidence only,DESTEFANIS2020-Turin-composite,1,medium-600s,steam wash 600 s,4.75 > s ≥ 2 mm,ash eluate,NO3-,salt_anion,"study-specific batch leaching; exact method preserved in article, not pooled",see article methods; table reports eluate concentration,steam wash 600 s,mg/L,0.4,0.1,0.2,0.08,numeric_mean_transcribed_from_public_table,numeric_mean_transcribed_from_public_table,,-50.0,-0.6931471805599453,lower,50,mg/L (Italian reuse criterion as printed),below,false,"One 20-kg quartered Turin source composite was split by particle size; published SDs describe the reported test/analytical variation, not independent plant lineages.",Table 2; section 3.1.1; steam wash 600 s,"One Italian source; table gives its Italian Ministerial Decree 186/2006 reuse limits. These are not EU-27-wide EoW criteria. For Cd/Co the table reports <LOQ in some treated samples; the published LOQ unit is internally unusual, so censored values are retained as missing numeric pairs.",,,,,,,,,,,,,,,,
DESTEFANIS2020,"Destefanis et al. (2020), Sustainability 12:9461",10.3390/su12229461,https://doi.org/10.3390/su12229461,Italy,EU-27 at study publication; country-specific evidence only,DESTEFANIS2020-Turin-composite,1,medium-600s,steam wash 600 s,4.75 > s ≥ 2 mm,ash eluate,Ni,trace_element_or_metal,"study-specific batch leaching; exact method preserved in article, not pooled",see article methods; table reports eluate concentration,steam wash 600 s,mg/L,0.004,0.001,0.002,0.001,numeric_mean_transcribed_from_public_table,numeric_mean_transcribed_from_public_table,,-50.0,-0.6931471805599453,lower,0.01,mg/L (Italian reuse criterion as printed),below,false,"One 20-kg quartered Turin source composite was split by particle size; published SDs describe the reported test/analytical variation, not independent plant lineages.",Table 2; section 3.1.1; steam wash 600 s,"One Italian source; table gives its Italian Ministerial Decree 186/2006 reuse limits. These are not EU-27-wide EoW criteria. For Cd/Co the table reports <LOQ in some treated samples; the published LOQ unit is internally unusual, so censored values are retained as missing numeric pairs.",,,,,,,,,,,,,,,,
DESTEFANIS2020,"Destefanis et al. (2020), Sustainability 12:9461",10.3390/su12229461,https://doi.org/10.3390/su12229461,Italy,EU-27 at study publication; country-specific evidence only,DESTEFANIS2020-Turin-composite,1,medium-600s,steam wash 600 s,4.75 > s ≥ 2 mm,ash eluate,Zn,trace_element_or_metal,"study-specific batch leaching; exact method preserved in article, not pooled",see article methods; table reports eluate concentration,steam wash 600 s,mg/L,0.013,0.002,0.003,0.003,numeric_mean_transcribed_from_public_table,numeric_mean_transcribed_from_public_table,,-76.92307692307692,-1.466337068793427,lower,3,mg/L (Italian reuse criterion as printed),below,false,"One 20-kg quartered Turin source composite was split by particle size; published SDs describe the reported test/analytical variation, not independent plant lineages.",Table 2; section 3.1.1; steam wash 600 s,"One Italian source; table gives its Italian Ministerial Decree 186/2006 reuse limits. These are not EU-27-wide EoW criteria. For Cd/Co the table reports <LOQ in some treated samples; the published LOQ unit is internally unusual, so censored values are retained as missing numeric pairs.",,,,,,,,,,,,,,,,
DESTEFANIS2020,"Destefanis et al. (2020), Sustainability 12:9461",10.3390/su12229461,https://doi.org/10.3390/su12229461,Italy,EU-27 at study publication; country-specific evidence only,DESTEFANIS2020-Turin-composite,1,medium-600s,steam wash 600 s,4.75 > s ≥ 2 mm,ash eluate,Ba,trace_element_or_metal,"study-specific batch leaching; exact method preserved in article, not pooled",see article methods; table reports eluate concentration,steam wash 600 s,mg/L,0.005,0.002,0.001,0.001,numeric_mean_transcribed_from_public_table,numeric_mean_transcribed_from_public_table,,-80.0,-1.6094379124341003,lower,1,mg/L (Italian reuse criterion as printed),below,false,"One 20-kg quartered Turin source composite was split by particle size; published SDs describe the reported test/analytical variation, not independent plant lineages.",Table 2; section 3.1.1; steam wash 600 s,"One Italian source; table gives its Italian Ministerial Decree 186/2006 reuse limits. These are not EU-27-wide EoW criteria. For Cd/Co the table reports <LOQ in some treated samples; the published LOQ unit is internally unusual, so censored values are retained as missing numeric pairs.",,,,,,,,,,,,,,,,
DESTEFANIS2020,"Destefanis et al. (2020), Sustainability 12:9461",10.3390/su12229461,https://doi.org/10.3390/su12229461,Italy,EU-27 at study publication; country-specific evidence only,DESTEFANIS2020-Turin-composite,1,medium-600s,steam wash 600 s,4.75 > s ≥ 2 mm,ash eluate,Cd,trace_element_or_metal,"study-specific batch leaching; exact method preserved in article, not pooled",see article methods; table reports eluate concentration,steam wash 600 s,mg/L,0.001,0.001,0.001,0.003,numeric_mean_transcribed_from_public_table,numeric_mean_transcribed_from_public_table,,0.0,0.0,same_at_displayed_precision,0.005,mg/L (Italian reuse criterion as printed),below,false,"One 20-kg quartered Turin source composite was split by particle size; published SDs describe the reported test/analytical variation, not independent plant lineages.",Table 2; section 3.1.1; steam wash 600 s,"One Italian source; table gives its Italian Ministerial Decree 186/2006 reuse limits. These are not EU-27-wide EoW criteria. For Cd/Co the table reports <LOQ in some treated samples; the published LOQ unit is internally unusual, so censored values are retained as missing numeric pairs.",,,,,,,,,,,,,,,,
DESTEFANIS2020,"Destefanis et al. (2020), Sustainability 12:9461",10.3390/su12229461,https://doi.org/10.3390/su12229461,Italy,EU-27 at study publication; country-specific evidence only,DESTEFANIS2020-Turin-composite,1,medium-600s,steam wash 600 s,4.75 > s ≥ 2 mm,ash eluate,Co,trace_element_or_metal,"study-specific batch leaching; exact method preserved in article, not pooled",see article methods; table reports eluate concentration,steam wash 600 s,mg/L,0.005,0.001,0.002,0.001,numeric_mean_transcribed_from_public_table,numeric_mean_transcribed_from_public_table,,-60.0,-0.916290731874155,lower,0.25,mg/L (Italian reuse criterion as printed),below,false,"One 20-kg quartered Turin source composite was split by particle size; published SDs describe the reported test/analytical variation, not independent plant lineages.",Table 2; section 3.1.1; steam wash 600 s,"One Italian source; table gives its Italian Ministerial Decree 186/2006 reuse limits. These are not EU-27-wide EoW criteria. For Cd/Co the table reports <LOQ in some treated samples; the published LOQ unit is internally unusual, so censored values are retained as missing numeric pairs.",,,,,,,,,,,,,,,,
DESTEFANIS2020,"Destefanis et al. (2020), Sustainability 12:9461",10.3390/su12229461,https://doi.org/10.3390/su12229461,Italy,EU-27 at study publication; country-specific evidence only,DESTEFANIS2020-Turin-composite,1,medium-600s,steam wash 600 s,4.75 > s ≥ 2 mm,ash eluate,Cr,trace_element_or_metal,"study-specific batch leaching; exact method preserved in article, not pooled",see article methods; table reports eluate concentration,steam wash 600 s,mg/L,0.007,0.001,0.004,0.002,numeric_mean_transcribed_from_public_table,numeric_mean_transcribed_from_public_table,,-42.857142857142854,-0.5596157879354228,lower,0.05,mg/L (Italian reuse criterion as printed),below,false,"One 20-kg quartered Turin source composite was split by particle size; published SDs describe the reported test/analytical variation, not independent plant lineages.",Table 2; section 3.1.1; steam wash 600 s,"One Italian source; table gives its Italian Ministerial Decree 186/2006 reuse limits. These are not EU-27-wide EoW criteria. For Cd/Co the table reports <LOQ in some treated samples; the published LOQ unit is internally unusual, so censored values are retained as missing numeric pairs.",,,,,,,,,,,,,,,,
DESTEFANIS2020,"Destefanis et al. (2020), Sustainability 12:9461",10.3390/su12229461,https://doi.org/10.3390/su12229461,Italy,EU-27 at study publication; country-specific evidence only,DESTEFANIS2020-Turin-composite,1,medium-600s,steam wash 600 s,4.75 > s ≥ 2 mm,ash eluate,Cu,trace_element_or_metal,"study-specific batch leaching; exact method preserved in article, not pooled",see article methods; table reports eluate concentration,steam wash 600 s,mg/L,0.27,0.048,0.045,0.012,numeric_mean_transcribed_from_public_table,numeric_mean_transcribed_from_public_table,,-83.33333333333334,-1.791759469228055,lower,0.05,mg/L (Italian reuse criterion as printed),below,true,"One 20-kg quartered Turin source composite was split by particle size; published SDs describe the reported test/analytical variation, not independent plant lineages.",Table 2; section 3.1.1; steam wash 600 s,"One Italian source; table gives its Italian Ministerial Decree 186/2006 reuse limits. These are not EU-27-wide EoW criteria. For Cd/Co the table reports <LOQ in some treated samples; the published LOQ unit is internally unusual, so censored values are retained as missing numeric pairs.",,,,,,,,,,,,,,,,
DESTEFANIS2020,"Destefanis et al. (2020), Sustainability 12:9461",10.3390/su12229461,https://doi.org/10.3390/su12229461,Italy,EU-27 at study publication; country-specific evidence only,DESTEFANIS2020-Turin-composite,1,medium-600s,steam wash 600 s,4.75 > s ≥ 2 mm,ash eluate,Pb,trace_element_or_metal,"study-specific batch leaching; exact method preserved in article, not pooled",see article methods; table reports eluate concentration,steam wash 600 s,mg/L,0.001,0.002,0.001,0.001,numeric_mean_transcribed_from_public_table,numeric_mean_transcribed_from_public_table,,0.0,0.0,same_at_displayed_precision,0.05,mg/L (Italian reuse criterion as printed),below,false,"One 20-kg quartered Turin source composite was split by particle size; published SDs describe the reported test/analytical variation, not independent plant lineages.",Table 2; section 3.1.1; steam wash 600 s,"One Italian source; table gives its Italian Ministerial Decree 186/2006 reuse limits. These are not EU-27-wide EoW criteria. For Cd/Co the table reports <LOQ in some treated samples; the published LOQ unit is internally unusual, so censored values are retained as missing numeric pairs.",,,,,,,,,,,,,,,,
DESTEFANIS2020,"Destefanis et al. (2020), Sustainability 12:9461",10.3390/su12229461,https://doi.org/10.3390/su12229461,Italy,EU-27 at study publication; country-specific evidence only,DESTEFANIS2020-Turin-composite,1,fine-600s,steam wash 600 s,2 > s ≥ 1 mm,ash eluate,Cl-,salt_anion,"study-specific batch leaching; exact method preserved in article, not pooled",see article methods; table reports eluate concentration,steam wash 600 s,mg/L,594,18.5,16,1.13,numeric_mean_transcribed_from_public_table,numeric_mean_transcribed_from_public_table,,-97.3063973063973,-3.6142905971228636,lower,100,mg/L (Italian reuse criterion as printed),below,false,"One 20-kg quartered Turin source composite was split by particle size; published SDs describe the reported test/analytical variation, not independent plant lineages.",Table 3; section 3.1.1; steam wash 600 s,"One Italian source; table gives its Italian Ministerial Decree 186/2006 reuse limits. These are not EU-27-wide EoW criteria. For Cd/Co the table reports <LOQ in some treated samples; the published LOQ unit is internally unusual, so censored values are retained as missing numeric pairs.",,,,,,,,,,,,,,,,
DESTEFANIS2020,"Destefanis et al. (2020), Sustainability 12:9461",10.3390/su12229461,https://doi.org/10.3390/su12229461,Italy,EU-27 at study publication; country-specific evidence only,DESTEFANIS2020-Turin-composite,1,fine-600s,steam wash 600 s,2 > s ≥ 1 mm,ash eluate,SO4(2-),salt_anion,"study-specific batch leaching; exact method preserved in article, not pooled",see article methods; table reports eluate concentration,steam wash 600 s,mg/L,248,3.5,11.8,0.9,numeric_mean_transcribed_from_public_table,numeric_mean_transcribed_from_public_table,,-95.24193548387096,-3.045329214693363,lower,250,mg/L (Italian reuse criterion as printed),below,false,"One 20-kg quartered Turin source composite was split by particle size; published SDs describe the reported test/analytical variation, not independent plant lineages.",Table 3; section 3.1.1; steam wash 600 s,"One Italian source; table gives its Italian Ministerial Decree 186/2006 reuse limits. These are not EU-27-wide EoW criteria. For Cd/Co the table reports <LOQ in some treated samples; the published LOQ unit is internally unusual, so censored values are retained as missing numeric pairs.",,,,,,,,,,,,,,,,
DESTEFANIS2020,"Destefanis et al. (2020), Sustainability 12:9461",10.3390/su12229461,https://doi.org/10.3390/su12229461,Italy,EU-27 at study publication; country-specific evidence only,DESTEFANIS2020-Turin-composite,1,fine-600s,steam wash 600 s,2 > s ≥ 1 mm,ash eluate,NO3-,salt_anion,"study-specific batch leaching; exact method preserved in article, not pooled",see article methods; table reports eluate concentration,steam wash 600 s,mg/L,0.4,0.08,0.2,0.081,numeric_mean_transcribed_from_public_table,numeric_mean_transcribed_from_public_table,,-50.0,-0.6931471805599453,lower,50,mg/L (Italian reuse criterion as printed),below,false,"One 20-kg quartered Turin source composite was split by particle size; published SDs describe the reported test/analytical variation, not independent plant lineages.",Table 3; section 3.1.1; steam wash 600 s,"One Italian source; table gives its Italian Ministerial Decree 186/2006 reuse limits. These are not EU-27-wide EoW criteria. For Cd/Co the table reports <LOQ in some treated samples; the published LOQ unit is internally unusual, so censored values are retained as missing numeric pairs.",,,,,,,,,,,,,,,,
DESTEFANIS2020,"Destefanis et al. (2020), Sustainability 12:9461",10.3390/su12229461,https://doi.org/10.3390/su12229461,Italy,EU-27 at study publication; country-specific evidence only,DESTEFANIS2020-Turin-composite,1,fine-600s,steam wash 600 s,2 > s ≥ 1 mm,ash eluate,Ni,trace_element_or_metal,"study-specific batch leaching; exact method preserved in article, not pooled",see article methods; table reports eluate concentration,steam wash 600 s,mg/L,0.007,0.001,0.004,0.001,numeric_mean_transcribed_from_public_table,numeric_mean_transcribed_from_public_table,,-42.857142857142854,-0.5596157879354228,lower,0.01,mg/L (Italian reuse criterion as printed),below,false,"One 20-kg quartered Turin source composite was split by particle size; published SDs describe the reported test/analytical variation, not independent plant lineages.",Table 3; section 3.1.1; steam wash 600 s,"One Italian source; table gives its Italian Ministerial Decree 186/2006 reuse limits. These are not EU-27-wide EoW criteria. For Cd/Co the table reports <LOQ in some treated samples; the published LOQ unit is internally unusual, so censored values are retained as missing numeric pairs.",,,,,,,,,,,,,,,,
DESTEFANIS2020,"Destefanis et al. (2020), Sustainability 12:9461",10.3390/su12229461,https://doi.org/10.3390/su12229461,Italy,EU-27 at study publication; country-specific evidence only,DESTEFANIS2020-Turin-composite,1,fine-600s,steam wash 600 s,2 > s ≥ 1 mm,ash eluate,Zn,trace_element_or_metal,"study-specific batch leaching; exact method preserved in article, not pooled",see article methods; table reports eluate concentration,steam wash 600 s,mg/L,0.032,0.003,0.01,0.001,numeric_mean_transcribed_from_public_table,numeric_mean_transcribed_from_public_table,,-68.74999999999999,-1.1631508098056809,lower,3,mg/L (Italian reuse criterion as printed),below,false,"One 20-kg quartered Turin source composite was split by particle size; published SDs describe the reported test/analytical variation, not independent plant lineages.",Table 3; section 3.1.1; steam wash 600 s,"One Italian source; table gives its Italian Ministerial Decree 186/2006 reuse limits. These are not EU-27-wide EoW criteria. For Cd/Co the table reports <LOQ in some treated samples; the published LOQ unit is internally unusual, so censored values are retained as missing numeric pairs.",,,,,,,,,,,,,,,,
DESTEFANIS2020,"Destefanis et al. (2020), Sustainability 12:9461",10.3390/su12229461,https://doi.org/10.3390/su12229461,Italy,EU-27 at study publication; country-specific evidence only,DESTEFANIS2020-Turin-composite,1,fine-600s,steam wash 600 s,2 > s ≥ 1 mm,ash eluate,Ba,trace_element_or_metal,"study-specific batch leaching; exact method preserved in article, not pooled",see article methods; table reports eluate concentration,steam wash 600 s,mg/L,0.03,0.01,0.03,0.01,numeric_mean_transcribed_from_public_table,numeric_mean_transcribed_from_public_table,,0.0,0.0,same_at_displayed_precision,1,mg/L (Italian reuse criterion as printed),below,false,"One 20-kg quartered Turin source composite was split by particle size; published SDs describe the reported test/analytical variation, not independent plant lineages.",Table 3; section 3.1.1; steam wash 600 s,"One Italian source; table gives its Italian Ministerial Decree 186/2006 reuse limits. These are not EU-27-wide EoW criteria. For Cd/Co the table reports <LOQ in some treated samples; the published LOQ unit is internally unusual, so censored values are retained as missing numeric pairs.",,,,,,,,,,,,,,,,
DESTEFANIS2020,"Destefanis et al. (2020), Sustainability 12:9461",10.3390/su12229461,https://doi.org/10.3390/su12229461,Italy,EU-27 at study publication; country-specific evidence only,DESTEFANIS2020-Turin-composite,1,fine-600s,steam wash 600 s,2 > s ≥ 1 mm,ash eluate,Cd,trace_element_or_metal,"study-specific batch leaching; exact method preserved in article, not pooled",see article methods; table reports eluate concentration,steam wash 600 s,mg/L,0.004,0.001,0.001,0.001,numeric_mean_transcribed_from_public_table,numeric_mean_transcribed_from_public_table,,-75.0,-1.3862943611198906,lower,0.005,mg/L (Italian reuse criterion as printed),below,false,"One 20-kg quartered Turin source composite was split by particle size; published SDs describe the reported test/analytical variation, not independent plant lineages.",Table 3; section 3.1.1; steam wash 600 s,"One Italian source; table gives its Italian Ministerial Decree 186/2006 reuse limits. These are not EU-27-wide EoW criteria. For Cd/Co the table reports <LOQ in some treated samples; the published LOQ unit is internally unusual, so censored values are retained as missing numeric pairs.",,,,,,,,,,,,,,,,
DESTEFANIS2020,"Destefanis et al. (2020), Sustainability 12:9461",10.3390/su12229461,https://doi.org/10.3390/su12229461,Italy,EU-27 at study publication; country-specific evidence only,DESTEFANIS2020-Turin-composite,1,fine-600s,steam wash 600 s,2 > s ≥ 1 mm,ash eluate,Co,trace_element_or_metal,"study-specific batch leaching; exact method preserved in article, not pooled",see article methods; table reports eluate concentration,steam wash 600 s,mg/L,0.005,0.003,0.002,0.001,numeric_mean_transcribed_from_public_table,numeric_mean_transcribed_from_public_table,,-60.0,-0.916290731874155,lower,0.25,mg/L (Italian reuse criterion as printed),below,false,"One 20-kg quartered Turin source composite was split by particle size; published SDs describe the reported test/analytical variation, not independent plant lineages.",Table 3; section 3.1.1; steam wash 600 s,"One Italian source; table gives its Italian Ministerial Decree 186/2006 reuse limits. These are not EU-27-wide EoW criteria. For Cd/Co the table reports <LOQ in some treated samples; the published LOQ unit is internally unusual, so censored values are retained as missing numeric pairs.",,,,,,,,,,,,,,,,
DESTEFANIS2020,"Destefanis et al. (2020), Sustainability 12:9461",10.3390/su12229461,https://doi.org/10.3390/su12229461,Italy,EU-27 at study publication; country-specific evidence only,DESTEFANIS2020-Turin-composite,1,fine-600s,steam wash 600 s,2 > s ≥ 1 mm,ash eluate,Cr,trace_element_or_metal,"study-specific batch leaching; exact method preserved in article, not pooled",see article methods; table reports eluate concentration,steam wash 600 s,mg/L,0.07,0.02,0.05,0.01,numeric_mean_transcribed_from_public_table,numeric_mean_transcribed_from_public_table,,-28.571428571428577,-0.3364722366212129,lower,0.05,mg/L (Italian reuse criterion as printed),at,true,"One 20-kg quartered Turin source composite was split by particle size; published SDs describe the reported test/analytical variation, not independent plant lineages.",Table 3; section 3.1.1; steam wash 600 s,"One Italian source; table gives its Italian Ministerial Decree 186/2006 reuse limits. These are not EU-27-wide EoW criteria. For Cd/Co the table reports <LOQ in some treated samples; the published LOQ unit is internally unusual, so censored values are retained as missing numeric pairs.",,,,,,,,,,,,,,,,
DESTEFANIS2020,"Destefanis et al. (2020), Sustainability 12:9461",10.3390/su12229461,https://doi.org/10.3390/su12229461,Italy,EU-27 at study publication; country-specific evidence only,DESTEFANIS2020-Turin-composite,1,fine-600s,steam wash 600 s,2 > s ≥ 1 mm,ash eluate,Cu,trace_element_or_metal,"study-specific batch leaching; exact method preserved in article, not pooled",see article methods; table reports eluate concentration,steam wash 600 s,mg/L,1.24,0.13,0.07,0.01,numeric_mean_transcribed_from_public_table,numeric_mean_transcribed_from_public_table,,-94.35483870967742,-2.8743714165497236,lower,0.05,mg/L (Italian reuse criterion as printed),above,false,"One 20-kg quartered Turin source composite was split by particle size; published SDs describe the reported test/analytical variation, not independent plant lineages.",Table 3; section 3.1.1; steam wash 600 s,"One Italian source; table gives its Italian Ministerial Decree 186/2006 reuse limits. These are not EU-27-wide EoW criteria. For Cd/Co the table reports <LOQ in some treated samples; the published LOQ unit is internally unusual, so censored values are retained as missing numeric pairs.",,,,,,,,,,,,,,,,
DESTEFANIS2020,"Destefanis et al. (2020), Sustainability 12:9461",10.3390/su12229461,https://doi.org/10.3390/su12229461,Italy,EU-27 at study publication; country-specific evidence only,DESTEFANIS2020-Turin-composite,1,fine-600s,steam wash 600 s,2 > s ≥ 1 mm,ash eluate,Pb,trace_element_or_metal,"study-specific batch leaching; exact method preserved in article, not pooled",see article methods; table reports eluate concentration,steam wash 600 s,mg/L,0.003,0.001,0.001,0.001,numeric_mean_transcribed_from_public_table,numeric_mean_transcribed_from_public_table,,-66.66666666666667,-1.0986122886681098,lower,0.05,mg/L (Italian reuse criterion as printed),below,false,"One 20-kg quartered Turin source composite was split by particle size; published SDs describe the reported test/analytical variation, not independent plant lineages.",Table 3; section 3.1.1; steam wash 600 s,"One Italian source; table gives its Italian Ministerial Decree 186/2006 reuse limits. These are not EU-27-wide EoW criteria. For Cd/Co the table reports <LOQ in some treated samples; the published LOQ unit is internally unusual, so censored values are retained as missing numeric pairs.",,,,,,,,,,,,,,,,
MEZNI2026,"Mezni et al. (2026), Environmental Technology & Innovation 42:104943",10.1016/j.eti.2026.104943,https://doi.org/10.1016/j.eti.2026.104943,France,EU-27 at study publication; country-specific evidence only,MEZNI2026-one-ultrafine-source,1,MEZNI2026-single-step,first carbonation-washing step,<0.25 mm ultrafine IBA,solid-ash leaching response as reported,EC,salt_proxy,"NF EN 12457-2, L/S=10; <4 mm; do not pool across protocols",10 L/kg,one carbonation-washing step; recycled process water context,% change from raw (as reported),,,,,relative_change_only_no_absolute_pair,relative_change_only_no_absolute_pair,-64.9,-64.9,,lower,,,not_applicable,not_assessed,"One French <0.25-mm source; the process comprises 13 cycles but cycles are repeated process stages, not independent feedstocks.","Results §3.3, paragraph following Table 4; Figure 6 red triangles","Relative changes are reported by the article; pairwise raw concentrations/SDs are not extracted here. A single source and ultrafine fraction only. French threshold statements are jurisdiction-specific. Raw instrument data are available on request, not openly deposited.",,,,,,,,,,,,,,,,
MEZNI2026,"Mezni et al. (2026), Environmental Technology & Innovation 42:104943",10.1016/j.eti.2026.104943,https://doi.org/10.1016/j.eti.2026.104943,France,EU-27 at study publication; country-specific evidence only,MEZNI2026-one-ultrafine-source,1,MEZNI2026-single-step,first carbonation-washing step,<0.25 mm ultrafine IBA,solid-ash leaching response as reported,Al,element,"NF EN 12457-2, L/S=10; <4 mm; do not pool across protocols",10 L/kg,one carbonation-washing step; recycled process water context,% change from raw (as reported),,,,,relative_change_only_no_absolute_pair,relative_change_only_no_absolute_pair,-90.1,-90.1,,lower,,,not_applicable,not_assessed,"One French <0.25-mm source; the process comprises 13 cycles but cycles are repeated process stages, not independent feedstocks.","Results §3.3, paragraph following Table 4; Figure 6 red triangles","Relative changes are reported by the article; pairwise raw concentrations/SDs are not extracted here. A single source and ultrafine fraction only. French threshold statements are jurisdiction-specific. Raw instrument data are available on request, not openly deposited.",,,,,,,,,,,,,,,,
MEZNI2026,"Mezni et al. (2026), Environmental Technology & Innovation 42:104943",10.1016/j.eti.2026.104943,https://doi.org/10.1016/j.eti.2026.104943,France,EU-27 at study publication; country-specific evidence only,MEZNI2026-one-ultrafine-source,1,MEZNI2026-single-step,first carbonation-washing step,<0.25 mm ultrafine IBA,solid-ash leaching response as reported,Mn,element,"NF EN 12457-2, L/S=10; <4 mm; do not pool across protocols",10 L/kg,one carbonation-washing step; recycled process water context,% change from raw (as reported),,,,,relative_change_only_no_absolute_pair,relative_change_only_no_absolute_pair,-63.6,-63.6,,lower,,,not_applicable,not_assessed,"One French <0.25-mm source; the process comprises 13 cycles but cycles are repeated process stages, not independent feedstocks.","Results §3.3, paragraph following Table 4; Figure 6 red triangles","Relative changes are reported by the article; pairwise raw concentrations/SDs are not extracted here. A single source and ultrafine fraction only. French threshold statements are jurisdiction-specific. Raw instrument data are available on request, not openly deposited.",,,,,,,,,,,,,,,,
MEZNI2026,"Mezni et al. (2026), Environmental Technology & Innovation 42:104943",10.1016/j.eti.2026.104943,https://doi.org/10.1016/j.eti.2026.104943,France,EU-27 at study publication; country-specific evidence only,MEZNI2026-one-ultrafine-source,1,MEZNI2026-single-step,first carbonation-washing step,<0.25 mm ultrafine IBA,solid-ash leaching response as reported,Co,trace_element,"NF EN 12457-2, L/S=10; <4 mm; do not pool across protocols",10 L/kg,one carbonation-washing step; recycled process water context,% change from raw (as reported),,,,,relative_change_only_no_absolute_pair,relative_change_only_no_absolute_pair,-83.8,-83.8,,lower,,,not_applicable,not_assessed,"One French <0.25-mm source; the process comprises 13 cycles but cycles are repeated process stages, not independent feedstocks.","Results §3.3, paragraph following Table 4; Figure 6 red triangles","Relative changes are reported by the article; pairwise raw concentrations/SDs are not extracted here. A single source and ultrafine fraction only. French threshold statements are jurisdiction-specific. Raw instrument data are available on request, not openly deposited.",,,,,,,,,,,,,,,,
MEZNI2026,"Mezni et al. (2026), Environmental Technology & Innovation 42:104943",10.1016/j.eti.2026.104943,https://doi.org/10.1016/j.eti.2026.104943,France,EU-27 at study publication; country-specific evidence only,MEZNI2026-one-ultrafine-source,1,MEZNI2026-single-step,first carbonation-washing step,<0.25 mm ultrafine IBA,solid-ash leaching response as reported,Ni,trace_element,"NF EN 12457-2, L/S=10; <4 mm; do not pool across protocols",10 L/kg,one carbonation-washing step; recycled process water context,% change from raw (as reported),,,,,relative_change_only_no_absolute_pair,relative_change_only_no_absolute_pair,-84.8,-84.8,,lower,,,not_applicable,not_assessed,"One French <0.25-mm source; the process comprises 13 cycles but cycles are repeated process stages, not independent feedstocks.","Results §3.3, paragraph following Table 4; Figure 6 red triangles","Relative changes are reported by the article; pairwise raw concentrations/SDs are not extracted here. A single source and ultrafine fraction only. French threshold statements are jurisdiction-specific. Raw instrument data are available on request, not openly deposited.",,,,,,,,,,,,,,,,
MEZNI2026,"Mezni et al. (2026), Environmental Technology & Innovation 42:104943",10.1016/j.eti.2026.104943,https://doi.org/10.1016/j.eti.2026.104943,France,EU-27 at study publication; country-specific evidence only,MEZNI2026-one-ultrafine-source,1,MEZNI2026-single-step,first carbonation-washing step,<0.25 mm ultrafine IBA,solid-ash leaching response as reported,Cu,trace_element,"NF EN 12457-2, L/S=10; <4 mm; do not pool across protocols",10 L/kg,one carbonation-washing step; recycled process water context,% change from raw (as reported),,,,,relative_change_only_no_absolute_pair,relative_change_only_no_absolute_pair,-93.2,-93.2,,lower,,,not_applicable,not_assessed,"One French <0.25-mm source; the process comprises 13 cycles but cycles are repeated process stages, not independent feedstocks.","Results §3.3, paragraph following Table 4; Figure 6 red triangles","Relative changes are reported by the article; pairwise raw concentrations/SDs are not extracted here. A single source and ultrafine fraction only. French threshold statements are jurisdiction-specific. Raw instrument data are available on request, not openly deposited.",,,,,,,,,,,,,,,,
MEZNI2026,"Mezni et al. (2026), Environmental Technology & Innovation 42:104943",10.1016/j.eti.2026.104943,https://doi.org/10.1016/j.eti.2026.104943,France,EU-27 at study publication; country-specific evidence only,MEZNI2026-one-ultrafine-source,1,MEZNI2026-single-step,first carbonation-washing step,<0.25 mm ultrafine IBA,solid-ash leaching response as reported,As,trace_element,"NF EN 12457-2, L/S=10; <4 mm; do not pool across protocols",10 L/kg,one carbonation-washing step; recycled process water context,% change from raw (as reported),,,,,relative_change_only_no_absolute_pair,relative_change_only_no_absolute_pair,-67.0,-67.0,,lower,,,not_applicable,not_assessed,"One French <0.25-mm source; the process comprises 13 cycles but cycles are repeated process stages, not independent feedstocks.","Results §3.3, paragraph following Table 4; Figure 6 red triangles","Relative changes are reported by the article; pairwise raw concentrations/SDs are not extracted here. A single source and ultrafine fraction only. French threshold statements are jurisdiction-specific. Raw instrument data are available on request, not openly deposited.",,,,,,,,,,,,,,,,
MEZNI2026,"Mezni et al. (2026), Environmental Technology & Innovation 42:104943",10.1016/j.eti.2026.104943,https://doi.org/10.1016/j.eti.2026.104943,France,EU-27 at study publication; country-specific evidence only,MEZNI2026-one-ultrafine-source,1,MEZNI2026-single-step,first carbonation-washing step,<0.25 mm ultrafine IBA,solid-ash leaching response as reported,Cd,trace_element,"NF EN 12457-2, L/S=10; <4 mm; do not pool across protocols",10 L/kg,one carbonation-washing step; recycled process water context,% change from raw (as reported),,,,,relative_change_only_no_absolute_pair,relative_change_only_no_absolute_pair,-70.7,-70.7,,lower,,,not_applicable,not_assessed,"One French <0.25-mm source; the process comprises 13 cycles but cycles are repeated process stages, not independent feedstocks.","Results §3.3, paragraph following Table 4; Figure 6 red triangles","Relative changes are reported by the article; pairwise raw concentrations/SDs are not extracted here. A single source and ultrafine fraction only. French threshold statements are jurisdiction-specific. Raw instrument data are available on request, not openly deposited.",,,,,,,,,,,,,,,,
MEZNI2026,"Mezni et al. (2026), Environmental Technology & Innovation 42:104943",10.1016/j.eti.2026.104943,https://doi.org/10.1016/j.eti.2026.104943,France,EU-27 at study publication; country-specific evidence only,MEZNI2026-one-ultrafine-source,1,MEZNI2026-single-step,first carbonation-washing step,<0.25 mm ultrafine IBA,solid-ash leaching response as reported,Pb,trace_element,"NF EN 12457-2, L/S=10; <4 mm; do not pool across protocols",10 L/kg,one carbonation-washing step; recycled process water context,% change from raw (as reported),,,,,relative_change_only_no_absolute_pair,relative_change_only_no_absolute_pair,-95.6,-95.6,,lower,,,not_applicable,not_assessed,"One French <0.25-mm source; the process comprises 13 cycles but cycles are repeated process stages, not independent feedstocks.","Results §3.3, paragraph following Table 4; Figure 6 red triangles","Relative changes are reported by the article; pairwise raw concentrations/SDs are not extracted here. A single source and ultrafine fraction only. French threshold statements are jurisdiction-specific. Raw instrument data are available on request, not openly deposited.",,,,,,,,,,,,,,,,
MEZNI2026,"Mezni et al. (2026), Environmental Technology & Innovation 42:104943",10.1016/j.eti.2026.104943,https://doi.org/10.1016/j.eti.2026.104943,France,EU-27 at study publication; country-specific evidence only,MEZNI2026-one-ultrafine-source,1,MEZNI2026-single-step,first carbonation-washing step,<0.25 mm ultrafine IBA,solid-ash leaching response as reported,F-,anion,"NF EN 12457-2, L/S=10; <4 mm; do not pool across protocols",10 L/kg,one carbonation-washing step; recycled process water context,% change from raw (as reported),,,,,relative_change_only_no_absolute_pair,relative_change_only_no_absolute_pair,-70.1,-70.1,,lower,,,not_applicable,not_assessed,"One French <0.25-mm source; the process comprises 13 cycles but cycles are repeated process stages, not independent feedstocks.","Results §3.3, paragraph following Table 4; Figure 6 red triangles","Relative changes are reported by the article; pairwise raw concentrations/SDs are not extracted here. A single source and ultrafine fraction only. French threshold statements are jurisdiction-specific. Raw instrument data are available on request, not openly deposited.",,,,,,,,,,,,,,,,
MEZNI2026,"Mezni et al. (2026), Environmental Technology & Innovation 42:104943",10.1016/j.eti.2026.104943,https://doi.org/10.1016/j.eti.2026.104943,France,EU-27 at study publication; country-specific evidence only,MEZNI2026-one-ultrafine-source,1,MEZNI2026-single-step,first carbonation-washing step,<0.25 mm ultrafine IBA,solid-ash leaching response as reported,Cl-,salt_anion,"NF EN 12457-2, L/S=10; <4 mm; do not pool across protocols",10 L/kg,one carbonation-washing step; recycled process water context,% change from raw (as reported),,,,,relative_change_only_no_absolute_pair,relative_change_only_no_absolute_pair,-78.2,-78.2,,lower,,,not_applicable,not_assessed,"One French <0.25-mm source; the process comprises 13 cycles but cycles are repeated process stages, not independent feedstocks.","Results §3.3, paragraph following Table 4; Figure 6 red triangles","Relative changes are reported by the article; pairwise raw concentrations/SDs are not extracted here. A single source and ultrafine fraction only. French threshold statements are jurisdiction-specific. Raw instrument data are available on request, not openly deposited.",,,,,,,,,,,,,,,,
MEZNI2026,"Mezni et al. (2026), Environmental Technology & Innovation 42:104943",10.1016/j.eti.2026.104943,https://doi.org/10.1016/j.eti.2026.104943,France,EU-27 at study publication; country-specific evidence only,MEZNI2026-one-ultrafine-source,1,MEZNI2026-single-step,first carbonation-washing step,<0.25 mm ultrafine IBA,solid-ash leaching response as reported,Cr,trace_element,"NF EN 12457-2, L/S=10; <4 mm; do not pool across protocols",10 L/kg,one carbonation-washing step; recycled process water context,% change from raw (as reported),,,,,relative_change_only_no_absolute_pair,relative_change_only_no_absolute_pair,16.1,16.1,,higher,,,not_applicable,not_assessed,"One French <0.25-mm source; the process comprises 13 cycles but cycles are repeated process stages, not independent feedstocks.","Results §3.3, paragraph following Table 4; Figure 6 red triangles","Relative changes are reported by the article; pairwise raw concentrations/SDs are not extracted here. A single source and ultrafine fraction only. French threshold statements are jurisdiction-specific. Raw instrument data are available on request, not openly deposited.",,,,,,,,,,,,,,,,
MEZNI2026,"Mezni et al. (2026), Environmental Technology & Innovation 42:104943",10.1016/j.eti.2026.104943,https://doi.org/10.1016/j.eti.2026.104943,France,EU-27 at study publication; country-specific evidence only,MEZNI2026-one-ultrafine-source,1,MEZNI2026-single-step,first carbonation-washing step,<0.25 mm ultrafine IBA,solid-ash leaching response as reported,Fe,element,"NF EN 12457-2, L/S=10; <4 mm; do not pool across protocols",10 L/kg,one carbonation-washing step; recycled process water context,% change from raw (as reported),,,,,relative_change_only_no_absolute_pair,relative_change_only_no_absolute_pair,84.3,84.3,,higher,,,not_applicable,not_assessed,"One French <0.25-mm source; the process comprises 13 cycles but cycles are repeated process stages, not independent feedstocks.","Results §3.3, paragraph following Table 4; Figure 6 red triangles","Relative changes are reported by the article; pairwise raw concentrations/SDs are not extracted here. A single source and ultrafine fraction only. French threshold statements are jurisdiction-specific. Raw instrument data are available on request, not openly deposited.",,,,,,,,,,,,,,,,
MEZNI2026,"Mezni et al. (2026), Environmental Technology & Innovation 42:104943",10.1016/j.eti.2026.104943,https://doi.org/10.1016/j.eti.2026.104943,France,EU-27 at study publication; country-specific evidence only,MEZNI2026-one-ultrafine-source,1,MEZNI2026-single-step,first carbonation-washing step,<0.25 mm ultrafine IBA,solid-ash leaching response as reported,Sb,trace_element,"NF EN 12457-2, L/S=10; <4 mm; do not pool across protocols",10 L/kg,one carbonation-washing step; recycled process water context,% change from raw (as reported),,,,,relative_change_only_no_absolute_pair,relative_change_only_no_absolute_pair,171.3,171.3,,higher,,,not_applicable,not_assessed,"One French <0.25-mm source; the process comprises 13 cycles but cycles are repeated process stages, not independent feedstocks.","Results §3.3, paragraph following Table 4; Figure 6 red triangles","Relative changes are reported by the article; pairwise raw concentrations/SDs are not extracted here. A single source and ultrafine fraction only. French threshold statements are jurisdiction-specific. Raw instrument data are available on request, not openly deposited.",,,,,,,,,,,,,,,,
MEZNI2026,"Mezni et al. (2026), Environmental Technology & Innovation 42:104943",10.1016/j.eti.2026.104943,https://doi.org/10.1016/j.eti.2026.104943,France,EU-27 at study publication; country-specific evidence only,MEZNI2026-one-ultrafine-source,1,MEZNI2026-single-step,first carbonation-washing step,<0.25 mm ultrafine IBA,solid-ash leaching response as reported,SO4(2-),salt_anion,"NF EN 12457-2, L/S=10; <4 mm; do not pool across protocols",10 L/kg,one carbonation-washing step; recycled process water context,% change from raw (as reported),,,,,relative_change_only_no_absolute_pair,relative_change_only_no_absolute_pair,107.6,107.6,,higher,,,not_applicable,not_assessed,"One French <0.25-mm source; the process comprises 13 cycles but cycles are repeated process stages, not independent feedstocks.","Results §3.3, paragraph following Table 4; Figure 6 red triangles","Relative changes are reported by the article; pairwise raw concentrations/SDs are not extracted here. A single source and ultrafine fraction only. French threshold statements are jurisdiction-specific. Raw instrument data are available on request, not openly deposited.",,,,,,,,,,,,,,,,
VATEVA_LANER2020,"Vateva & Laner (2020), Resources 9:66",10.3390/resources9060066,https://doi.org/10.3390/resources9060066,Germany,EU-27 at study publication; single Kassel facility/source,VATEVA2020-Kassel-split-composite,1,VATEVA2020-indoor-storage-4months,indoor storage ageing for 4 months,>31.5 mm,mineral fraction >4 mm eluate,pH value,matrix_indicator,L/S=10 L/kg batch eluate; 0.45 um filtration; exact standard edition not explicit in article Methods,10 L/kg,4 months indoor barrel storage,dimensionless,10.3,0.0,10.1,0.2,numeric_mean_transcribed_from_public_table,numeric_mean_transcribed_from_public_table,,-1.9417475728155442,-0.019608471388376424,lower,,,not_assessed_no_EUwide_limit,not_assessed_no_threshold_in_this_extract,"One Kassel WtE source composite: 40 increments (about 1.7 Mg) sampled on nine days, then divided into raw and indoor 4-month storage portions. The duplicate leaching determinations and size fractions are nested within this one material lineage.","SI p.22 Table S18 vs p.23 Table S20; Methods §§3.2-3.4; pH value, >31.5 mm","Open CC-BY article and SI Tables S18-S22. Eluate was prepared at L/S=10 L/kg, filtered at 0.45 um, and analysed in duplicate; the Methods do not unambiguously name a test-standard edition. LOD is not numerically specified in the tables. German LAGA/TL benchmarks are not EU-wide rules. Table S20 has one blank Pb cell (8-16 mm); it is coded not reported, not zero or <LOD.",,,,,,,,,,,,,,,,
VATEVA_LANER2020,"Vateva & Laner (2020), Resources 9:66",10.3390/resources9060066,https://doi.org/10.3390/resources9060066,Germany,EU-27 at study publication; single Kassel facility/source,VATEVA2020-Kassel-split-composite,1,VATEVA2020-indoor-storage-4months,indoor storage ageing for 4 months,16-31.5 mm,mineral fraction >4 mm eluate,pH value,matrix_indicator,L/S=10 L/kg batch eluate; 0.45 um filtration; exact standard edition not explicit in article Methods,10 L/kg,4 months indoor barrel storage,dimensionless,10.5,0.4,10.8,0.2,numeric_mean_transcribed_from_public_table,numeric_mean_transcribed_from_public_table,,2.857142857142864,0.02817087696669644,higher,,,not_assessed_no_EUwide_limit,not_assessed_no_threshold_in_this_extract,"One Kassel WtE source composite: 40 increments (about 1.7 Mg) sampled on nine days, then divided into raw and indoor 4-month storage portions. The duplicate leaching determinations and size fractions are nested within this one material lineage.","SI p.22 Table S18 vs p.23 Table S20; Methods §§3.2-3.4; pH value, 16-31.5 mm","Open CC-BY article and SI Tables S18-S22. Eluate was prepared at L/S=10 L/kg, filtered at 0.45 um, and analysed in duplicate; the Methods do not unambiguously name a test-standard edition. LOD is not numerically specified in the tables. German LAGA/TL benchmarks are not EU-wide rules. Table S20 has one blank Pb cell (8-16 mm); it is coded not reported, not zero or <LOD.",,,,,,,,,,,,,,,,
VATEVA_LANER2020,"Vateva & Laner (2020), Resources 9:66",10.3390/resources9060066,https://doi.org/10.3390/resources9060066,Germany,EU-27 at study publication; single Kassel facility/source,VATEVA2020-Kassel-split-composite,1,VATEVA2020-indoor-storage-4months,indoor storage ageing for 4 months,8-16 mm,mineral fraction >4 mm eluate,pH value,matrix_indicator,L/S=10 L/kg batch eluate; 0.45 um filtration; exact standard edition not explicit in article Methods,10 L/kg,4 months indoor barrel storage,dimensionless,10.8,0.4,10.5,0.1,numeric_mean_transcribed_from_public_table,numeric_mean_transcribed_from_public_table,,-2.7777777777777843,-0.028170876966696335,lower,,,not_assessed_no_EUwide_limit,not_assessed_no_threshold_in_this_extract,"One Kassel WtE source composite: 40 increments (about 1.7 Mg) sampled on nine days, then divided into raw and indoor 4-month storage portions. The duplicate leaching determinations and size fractions are nested within this one material lineage.","SI p.22 Table S18 vs p.23 Table S20; Methods §§3.2-3.4; pH value, 8-16 mm","Open CC-BY article and SI Tables S18-S22. Eluate was prepared at L/S=10 L/kg, filtered at 0.45 um, and analysed in duplicate; the Methods do not unambiguously name a test-standard edition. LOD is not numerically specified in the tables. German LAGA/TL benchmarks are not EU-wide rules. Table S20 has one blank Pb cell (8-16 mm); it is coded not reported, not zero or <LOD.",,,,,,,,,,,,,,,,
VATEVA_LANER2020,"Vateva & Laner (2020), Resources 9:66",10.3390/resources9060066,https://doi.org/10.3390/resources9060066,Germany,EU-27 at study publication; single Kassel facility/source,VATEVA2020-Kassel-split-composite,1,VATEVA2020-indoor-storage-4months,indoor storage ageing for 4 months,4-8 mm,mineral fraction >4 mm eluate,pH value,matrix_indicator,L/S=10 L/kg batch eluate; 0.45 um filtration; exact standard edition not explicit in article Methods,10 L/kg,4 months indoor barrel storage,dimensionless,10.5,0.2,10.7,0.0,numeric_mean_transcribed_from_public_table,numeric_mean_transcribed_from_public_table,,1.904761904761898,0.018868484304382736,higher,,,not_assessed_no_EUwide_limit,not_assessed_no_threshold_in_this_extract,"One Kassel WtE source composite: 40 increments (about 1.7 Mg) sampled on nine days, then divided into raw and indoor 4-month storage portions. The duplicate leaching determinations and size fractions are nested within this one material lineage.","SI p.22 Table S18 vs p.23 Table S20; Methods §§3.2-3.4; pH value, 4-8 mm","Open CC-BY article and SI Tables S18-S22. Eluate was prepared at L/S=10 L/kg, filtered at 0.45 um, and analysed in duplicate; the Methods do not unambiguously name a test-standard edition. LOD is not numerically specified in the tables. German LAGA/TL benchmarks are not EU-wide rules. Table S20 has one blank Pb cell (8-16 mm); it is coded not reported, not zero or <LOD.",,,,,,,,,,,,,,,,
VATEVA_LANER2020,"Vateva & Laner (2020), Resources 9:66",10.3390/resources9060066,https://doi.org/10.3390/resources9060066,Germany,EU-27 at study publication; single Kassel facility/source,VATEVA2020-Kassel-split-composite,1,VATEVA2020-indoor-storage-4months,indoor storage ageing for 4 months,>31.5 mm,mineral fraction >4 mm eluate,Conductivity,salt_proxy,L/S=10 L/kg batch eluate; 0.45 um filtration; exact standard edition not explicit in article Methods,10 L/kg,4 months indoor barrel storage,uS/cm,1228.9,361.1,1141.8,380.4,numeric_mean_transcribed_from_public_table,numeric_mean_transcribed_from_public_table,,-7.087639352266265,-0.07351349576039282,lower,,,not_assessed_no_EUwide_limit,not_assessed_no_threshold_in_this_extract,"One Kassel WtE source composite: 40 increments (about 1.7 Mg) sampled on nine days, then divided into raw and indoor 4-month storage portions. The duplicate leaching determinations and size fractions are nested within this one material lineage.","SI p.22 Table S18 vs p.23 Table S20; Methods §§3.2-3.4; Conductivity, >31.5 mm","Open CC-BY article and SI Tables S18-S22. Eluate was prepared at L/S=10 L/kg, filtered at 0.45 um, and analysed in duplicate; the Methods do not unambiguously name a test-standard edition. LOD is not numerically specified in the tables. German LAGA/TL benchmarks are not EU-wide rules. Table S20 has one blank Pb cell (8-16 mm); it is coded not reported, not zero or <LOD.",,,,,,,,,,,,,,,,
VATEVA_LANER2020,"Vateva & Laner (2020), Resources 9:66",10.3390/resources9060066,https://doi.org/10.3390/resources9060066,Germany,EU-27 at study publication; single Kassel facility/source,VATEVA2020-Kassel-split-composite,1,VATEVA2020-indoor-storage-4months,indoor storage ageing for 4 months,16-31.5 mm,mineral fraction >4 mm eluate,Conductivity,salt_proxy,L/S=10 L/kg batch eluate; 0.45 um filtration; exact standard edition not explicit in article Methods,10 L/kg,4 months indoor barrel storage,uS/cm,1018.8,124.9,964.3,125.0,numeric_mean_transcribed_from_public_table,numeric_mean_transcribed_from_public_table,,-5.349430702787593,-0.05497829358896322,lower,,,not_assessed_no_EUwide_limit,not_assessed_no_threshold_in_this_extract,"One Kassel WtE source composite: 40 increments (about 1.7 Mg) sampled on nine days, then divided into raw and indoor 4-month storage portions. The duplicate leaching determinations and size fractions are nested within this one material lineage.","SI p.22 Table S18 vs p.23 Table S20; Methods §§3.2-3.4; Conductivity, 16-31.5 mm","Open CC-BY article and SI Tables S18-S22. Eluate was prepared at L/S=10 L/kg, filtered at 0.45 um, and analysed in duplicate; the Methods do not unambiguously name a test-standard edition. LOD is not numerically specified in the tables. German LAGA/TL benchmarks are not EU-wide rules. Table S20 has one blank Pb cell (8-16 mm); it is coded not reported, not zero or <LOD.",,,,,,,,,,,,,,,,
VATEVA_LANER2020,"Vateva & Laner (2020), Resources 9:66",10.3390/resources9060066,https://doi.org/10.3390/resources9060066,Germany,EU-27 at study publication; single Kassel facility/source,VATEVA2020-Kassel-split-composite,1,VATEVA2020-indoor-storage-4months,indoor storage ageing for 4 months,8-16 mm,mineral fraction >4 mm eluate,Conductivity,salt_proxy,L/S=10 L/kg batch eluate; 0.45 um filtration; exact standard edition not explicit in article Methods,10 L/kg,4 months indoor barrel storage,uS/cm,1730.2,54.6,2063.9,220.6,numeric_mean_transcribed_from_public_table,numeric_mean_transcribed_from_public_table,,19.286787654606407,0.17636038806905596,higher,,,not_assessed_no_EUwide_limit,not_assessed_no_threshold_in_this_extract,"One Kassel WtE source composite: 40 increments (about 1.7 Mg) sampled on nine days, then divided into raw and indoor 4-month storage portions. The duplicate leaching determinations and size fractions are nested within this one material lineage.","SI p.22 Table S18 vs p.23 Table S20; Methods §§3.2-3.4; Conductivity, 8-16 mm","Open CC-BY article and SI Tables S18-S22. Eluate was prepared at L/S=10 L/kg, filtered at 0.45 um, and analysed in duplicate; the Methods do not unambiguously name a test-standard edition. LOD is not numerically specified in the tables. German LAGA/TL benchmarks are not EU-wide rules. Table S20 has one blank Pb cell (8-16 mm); it is coded not reported, not zero or <LOD.",,,,,,,,,,,,,,,,
VATEVA_LANER2020,"Vateva & Laner (2020), Resources 9:66",10.3390/resources9060066,https://doi.org/10.3390/resources9060066,Germany,EU-27 at study publication; single Kassel facility/source,VATEVA2020-Kassel-split-composite,1,VATEVA2020-indoor-storage-4months,indoor storage ageing for 4 months,4-8 mm,mineral fraction >4 mm eluate,Conductivity,salt_proxy,L/S=10 L/kg batch eluate; 0.45 um filtration; exact standard edition not explicit in article Methods,10 L/kg,4 months indoor barrel storage,uS/cm,2449.0,88.8,2452.0,177.5,numeric_mean_transcribed_from_public_table,numeric_mean_transcribed_from_public_table,,0.12249897917517354,0.0012242401039343276,higher,,,not_assessed_no_EUwide_limit,not_assessed_no_threshold_in_this_extract,"One Kassel WtE source composite: 40 increments (about 1.7 Mg) sampled on nine days, then divided into raw and indoor 4-month storage portions. The duplicate leaching determinations and size fractions are nested within this one material lineage.","SI p.22 Table S18 vs p.23 Table S20; Methods §§3.2-3.4; Conductivity, 4-8 mm","Open CC-BY article and SI Tables S18-S22. Eluate was prepared at L/S=10 L/kg, filtered at 0.45 um, and analysed in duplicate; the Methods do not unambiguously name a test-standard edition. LOD is not numerically specified in the tables. German LAGA/TL benchmarks are not EU-wide rules. Table S20 has one blank Pb cell (8-16 mm); it is coded not reported, not zero or <LOD.",,,,,,,,,,,,,,,,
VATEVA_LANER2020,"Vateva & Laner (2020), Resources 9:66",10.3390/resources9060066,https://doi.org/10.3390/resources9060066,Germany,EU-27 at study publication; single Kassel facility/source,VATEVA2020-Kassel-split-composite,1,VATEVA2020-indoor-storage-4months,indoor storage ageing for 4 months,>31.5 mm,mineral fraction >4 mm eluate,Cl-,salt_anion,L/S=10 L/kg batch eluate; 0.45 um filtration; exact standard edition not explicit in article Methods,10 L/kg,4 months indoor barrel storage,mg/L,246.3,103.6,102.9,34.4,numeric_mean_transcribed_from_public_table,numeric_mean_transcribed_from_public_table,,-58.22168087697929,-0.8727926622864883,lower,,,not_assessed_no_EUwide_limit,not_assessed_no_threshold_in_this_extract,"One Kassel WtE source composite: 40 increments (about 1.7 Mg) sampled on nine days, then divided into raw and indoor 4-month storage portions. The duplicate leaching determinations and size fractions are nested within this one material lineage.","SI p.22 Table S18 vs p.23 Table S20; Methods §§3.2-3.4; Cl-, >31.5 mm","Open CC-BY article and SI Tables S18-S22. Eluate was prepared at L/S=10 L/kg, filtered at 0.45 um, and analysed in duplicate; the Methods do not unambiguously name a test-standard edition. LOD is not numerically specified in the tables. German LAGA/TL benchmarks are not EU-wide rules. Table S20 has one blank Pb cell (8-16 mm); it is coded not reported, not zero or <LOD.",,,,,,,,,,,,,,,,
VATEVA_LANER2020,"Vateva & Laner (2020), Resources 9:66",10.3390/resources9060066,https://doi.org/10.3390/resources9060066,Germany,EU-27 at study publication; single Kassel facility/source,VATEVA2020-Kassel-split-composite,1,VATEVA2020-indoor-storage-4months,indoor storage ageing for 4 months,16-31.5 mm,mineral fraction >4 mm eluate,Cl-,salt_anion,L/S=10 L/kg batch eluate; 0.45 um filtration; exact standard edition not explicit in article Methods,10 L/kg,4 months indoor barrel storage,mg/L,153.7,23.8,83.5,9.2,numeric_mean_transcribed_from_public_table,numeric_mean_transcribed_from_public_table,,-45.67338972023422,-0.6101560186877403,lower,,,not_assessed_no_EUwide_limit,not_assessed_no_threshold_in_this_extract,"One Kassel WtE source composite: 40 increments (about 1.7 Mg) sampled on nine days, then divided into raw and indoor 4-month storage portions. The duplicate leaching determinations and size fractions are nested within this one material lineage.","SI p.22 Table S18 vs p.23 Table S20; Methods §§3.2-3.4; Cl-, 16-31.5 mm","Open CC-BY article and SI Tables S18-S22. Eluate was prepared at L/S=10 L/kg, filtered at 0.45 um, and analysed in duplicate; the Methods do not unambiguously name a test-standard edition. LOD is not numerically specified in the tables. German LAGA/TL benchmarks are not EU-wide rules. Table S20 has one blank Pb cell (8-16 mm); it is coded not reported, not zero or <LOD.",,,,,,,,,,,,,,,,
VATEVA_LANER2020,"Vateva & Laner (2020), Resources 9:66",10.3390/resources9060066,https://doi.org/10.3390/resources9060066,Germany,EU-27 at study publication; single Kassel facility/source,VATEVA2020-Kassel-split-composite,1,VATEVA2020-indoor-storage-4months,indoor storage ageing for 4 months,8-16 mm,mineral fraction >4 mm eluate,Cl-,salt_anion,L/S=10 L/kg batch eluate; 0.45 um filtration; exact standard edition not explicit in article Methods,10 L/kg,4 months indoor barrel storage,mg/L,207.2,22.4,210.8,34.7,numeric_mean_transcribed_from_public_table,numeric_mean_transcribed_from_public_table,,1.7374517374517484,0.017225306281879342,higher,,,not_assessed_no_EUwide_limit,not_assessed_no_threshold_in_this_extract,"One Kassel WtE source composite: 40 increments (about 1.7 Mg) sampled on nine days, then divided into raw and indoor 4-month storage portions. The duplicate leaching determinations and size fractions are nested within this one material lineage.","SI p.22 Table S18 vs p.23 Table S20; Methods §§3.2-3.4; Cl-, 8-16 mm","Open CC-BY article and SI Tables S18-S22. Eluate was prepared at L/S=10 L/kg, filtered at 0.45 um, and analysed in duplicate; the Methods do not unambiguously name a test-standard edition. LOD is not numerically specified in the tables. German LAGA/TL benchmarks are not EU-wide rules. Table S20 has one blank Pb cell (8-16 mm); it is coded not reported, not zero or <LOD.",,,,,,,,,,,,,,,,
VATEVA_LANER2020,"Vateva & Laner (2020), Resources 9:66",10.3390/resources9060066,https://doi.org/10.3390/resources9060066,Germany,EU-27 at study publication; single Kassel facility/source,VATEVA2020-Kassel-split-composite,1,VATEVA2020-indoor-storage-4months,indoor storage ageing for 4 months,4-8 mm,mineral fraction >4 mm eluate,Cl-,salt_anion,L/S=10 L/kg batch eluate; 0.45 um filtration; exact standard edition not explicit in article Methods,10 L/kg,4 months indoor barrel storage,mg/L,280.5,7.5,285.2,15.4,numeric_mean_transcribed_from_public_table,numeric_mean_transcribed_from_public_table,,1.6755793226381421,0.016616963577389728,higher,,,not_assessed_no_EUwide_limit,not_assessed_no_threshold_in_this_extract,"One Kassel WtE source composite: 40 increments (about 1.7 Mg) sampled on nine days, then divided into raw and indoor 4-month storage portions. The duplicate leaching determinations and size fractions are nested within this one material lineage.","SI p.22 Table S18 vs p.23 Table S20; Methods §§3.2-3.4; Cl-, 4-8 mm","Open CC-BY article and SI Tables S18-S22. Eluate was prepared at L/S=10 L/kg, filtered at 0.45 um, and analysed in duplicate; the Methods do not unambiguously name a test-standard edition. LOD is not numerically specified in the tables. German LAGA/TL benchmarks are not EU-wide rules. Table S20 has one blank Pb cell (8-16 mm); it is coded not reported, not zero or <LOD.",,,,,,,,,,,,,,,,
VATEVA_LANER2020,"Vateva & Laner (2020), Resources 9:66",10.3390/resources9060066,https://doi.org/10.3390/resources9060066,Germany,EU-27 at study publication; single Kassel facility/source,VATEVA2020-Kassel-split-composite,1,VATEVA2020-indoor-storage-4months,indoor storage ageing for 4 months,>31.5 mm,mineral fraction >4 mm eluate,SO4(2-),salt_anion,L/S=10 L/kg batch eluate; 0.45 um filtration; exact standard edition not explicit in article Methods,10 L/kg,4 months indoor barrel storage,mg/L,198.2,26.1,337.2,168.9,numeric_mean_transcribed_from_public_table,numeric_mean_transcribed_from_public_table,,70.13118062563068,0.5313996042318129,higher,,,not_assessed_no_EUwide_limit,not_assessed_no_threshold_in_this_extract,"One Kassel WtE source composite: 40 increments (about 1.7 Mg) sampled on nine days, then divided into raw and indoor 4-month storage portions. The duplicate leaching determinations and size fractions are nested within this one material lineage.","SI p.22 Table S18 vs p.23 Table S20; Methods §§3.2-3.4; SO4(2-), >31.5 mm","Open CC-BY article and SI Tables S18-S22. Eluate was prepared at L/S=10 L/kg, filtered at 0.45 um, and analysed in duplicate; the Methods do not unambiguously name a test-standard edition. LOD is not numerically specified in the tables. German LAGA/TL benchmarks are not EU-wide rules. Table S20 has one blank Pb cell (8-16 mm); it is coded not reported, not zero or <LOD.",,,,,,,,,,,,,,,,
VATEVA_LANER2020,"Vateva & Laner (2020), Resources 9:66",10.3390/resources9060066,https://doi.org/10.3390/resources9060066,Germany,EU-27 at study publication; single Kassel facility/source,VATEVA2020-Kassel-split-composite,1,VATEVA2020-indoor-storage-4months,indoor storage ageing for 4 months,16-31.5 mm,mineral fraction >4 mm eluate,SO4(2-),salt_anion,L/S=10 L/kg batch eluate; 0.45 um filtration; exact standard edition not explicit in article Methods,10 L/kg,4 months indoor barrel storage,mg/L,169.4,23.7,150.9,41.6,numeric_mean_transcribed_from_public_table,numeric_mean_transcribed_from_public_table,,-10.920897284533648,-0.1156454164441508,lower,,,not_assessed_no_EUwide_limit,not_assessed_no_threshold_in_this_extract,"One Kassel WtE source composite: 40 increments (about 1.7 Mg) sampled on nine days, then divided into raw and indoor 4-month storage portions. The duplicate leaching determinations and size fractions are nested within this one material lineage.","SI p.22 Table S18 vs p.23 Table S20; Methods §§3.2-3.4; SO4(2-), 16-31.5 mm","Open CC-BY article and SI Tables S18-S22. Eluate was prepared at L/S=10 L/kg, filtered at 0.45 um, and analysed in duplicate; the Methods do not unambiguously name a test-standard edition. LOD is not numerically specified in the tables. German LAGA/TL benchmarks are not EU-wide rules. Table S20 has one blank Pb cell (8-16 mm); it is coded not reported, not zero or <LOD.",,,,,,,,,,,,,,,,
VATEVA_LANER2020,"Vateva & Laner (2020), Resources 9:66",10.3390/resources9060066,https://doi.org/10.3390/resources9060066,Germany,EU-27 at study publication; single Kassel facility/source,VATEVA2020-Kassel-split-composite,1,VATEVA2020-indoor-storage-4months,indoor storage ageing for 4 months,8-16 mm,mineral fraction >4 mm eluate,SO4(2-),salt_anion,L/S=10 L/kg batch eluate; 0.45 um filtration; exact standard edition not explicit in article Methods,10 L/kg,4 months indoor barrel storage,mg/L,522.8,79.9,751.9,94.4,numeric_mean_transcribed_from_public_table,numeric_mean_transcribed_from_public_table,,43.82172915072687,0.3634043546339144,higher,,,not_assessed_no_EUwide_limit,not_assessed_no_threshold_in_this_extract,"One Kassel WtE source composite: 40 increments (about 1.7 Mg) sampled on nine days, then divided into raw and indoor 4-month storage portions. The duplicate leaching determinations and size fractions are nested within this one material lineage.","SI p.22 Table S18 vs p.23 Table S20; Methods §§3.2-3.4; SO4(2-), 8-16 mm","Open CC-BY article and SI Tables S18-S22. Eluate was prepared at L/S=10 L/kg, filtered at 0.45 um, and analysed in duplicate; the Methods do not unambiguously name a test-standard edition. LOD is not numerically specified in the tables. German LAGA/TL benchmarks are not EU-wide rules. Table S20 has one blank Pb cell (8-16 mm); it is coded not reported, not zero or <LOD.",,,,,,,,,,,,,,,,
VATEVA_LANER2020,"Vateva & Laner (2020), Resources 9:66",10.3390/resources9060066,https://doi.org/10.3390/resources9060066,Germany,EU-27 at study publication; single Kassel facility/source,VATEVA2020-Kassel-split-composite,1,VATEVA2020-indoor-storage-4months,indoor storage ageing for 4 months,4-8 mm,mineral fraction >4 mm eluate,SO4(2-),salt_anion,L/S=10 L/kg batch eluate; 0.45 um filtration; exact standard edition not explicit in article Methods,10 L/kg,4 months indoor barrel storage,mg/L,998.6,54.0,859.2,97.8,numeric_mean_transcribed_from_public_table,numeric_mean_transcribed_from_public_table,,-13.959543360704984,-0.15035257431190863,lower,,,not_assessed_no_EUwide_limit,not_assessed_no_threshold_in_this_extract,"One Kassel WtE source composite: 40 increments (about 1.7 Mg) sampled on nine days, then divided into raw and indoor 4-month storage portions. The duplicate leaching determinations and size fractions are nested within this one material lineage.","SI p.22 Table S18 vs p.23 Table S20; Methods §§3.2-3.4; SO4(2-), 4-8 mm","Open CC-BY article and SI Tables S18-S22. Eluate was prepared at L/S=10 L/kg, filtered at 0.45 um, and analysed in duplicate; the Methods do not unambiguously name a test-standard edition. LOD is not numerically specified in the tables. German LAGA/TL benchmarks are not EU-wide rules. Table S20 has one blank Pb cell (8-16 mm); it is coded not reported, not zero or <LOD.",,,,,,,,,,,,,,,,
VATEVA_LANER2020,"Vateva & Laner (2020), Resources 9:66",10.3390/resources9060066,https://doi.org/10.3390/resources9060066,Germany,EU-27 at study publication; single Kassel facility/source,VATEVA2020-Kassel-split-composite,1,VATEVA2020-indoor-storage-4months,indoor storage ageing for 4 months,>31.5 mm,mineral fraction >4 mm eluate,As,elemental_leaching_endpoint,L/S=10 L/kg batch eluate; 0.45 um filtration; exact standard edition not explicit in article Methods,10 L/kg,4 months indoor barrel storage,ug/L,,,0.5,0.6,left_censored_below_LOD; numerical_LOD_not_reported,numeric_mean_transcribed_from_public_table,,,,not_estimable,,,not_assessed_no_EUwide_limit,not_assessed_no_threshold_in_this_extract,"One Kassel WtE source composite: 40 increments (about 1.7 Mg) sampled on nine days, then divided into raw and indoor 4-month storage portions. The duplicate leaching determinations and size fractions are nested within this one material lineage.","SI p.22 Table S18 vs p.23 Table S20; Methods §§3.2-3.4; As, >31.5 mm","Open CC-BY article and SI Tables S18-S22. Eluate was prepared at L/S=10 L/kg, filtered at 0.45 um, and analysed in duplicate; the Methods do not unambiguously name a test-standard edition. LOD is not numerically specified in the tables. German LAGA/TL benchmarks are not EU-wide rules. Table S20 has one blank Pb cell (8-16 mm); it is coded not reported, not zero or <LOD.",,,,,,,,,,,,,,,,
VATEVA_LANER2020,"Vateva & Laner (2020), Resources 9:66",10.3390/resources9060066,https://doi.org/10.3390/resources9060066,Germany,EU-27 at study publication; single Kassel facility/source,VATEVA2020-Kassel-split-composite,1,VATEVA2020-indoor-storage-4months,indoor storage ageing for 4 months,16-31.5 mm,mineral fraction >4 mm eluate,As,elemental_leaching_endpoint,L/S=10 L/kg batch eluate; 0.45 um filtration; exact standard edition not explicit in article Methods,10 L/kg,4 months indoor barrel storage,ug/L,0.7,0.0,,,numeric_mean_transcribed_from_public_table,left_censored_below_LOD; numerical_LOD_not_reported,,,,not_estimable,,,not_assessed_no_EUwide_limit,not_assessed_no_threshold_in_this_extract,"One Kassel WtE source composite: 40 increments (about 1.7 Mg) sampled on nine days, then divided into raw and indoor 4-month storage portions. The duplicate leaching determinations and size fractions are nested within this one material lineage.","SI p.22 Table S18 vs p.23 Table S20; Methods §§3.2-3.4; As, 16-31.5 mm","Open CC-BY article and SI Tables S18-S22. Eluate was prepared at L/S=10 L/kg, filtered at 0.45 um, and analysed in duplicate; the Methods do not unambiguously name a test-standard edition. LOD is not numerically specified in the tables. German LAGA/TL benchmarks are not EU-wide rules. Table S20 has one blank Pb cell (8-16 mm); it is coded not reported, not zero or <LOD.",,,,,,,,,,,,,,,,
VATEVA_LANER2020,"Vateva & Laner (2020), Resources 9:66",10.3390/resources9060066,https://doi.org/10.3390/resources9060066,Germany,EU-27 at study publication; single Kassel facility/source,VATEVA2020-Kassel-split-composite,1,VATEVA2020-indoor-storage-4months,indoor storage ageing for 4 months,8-16 mm,mineral fraction >4 mm eluate,As,elemental_leaching_endpoint,L/S=10 L/kg batch eluate; 0.45 um filtration; exact standard edition not explicit in article Methods,10 L/kg,4 months indoor barrel storage,ug/L,,,1.2,1.2,left_censored_below_LOD; numerical_LOD_not_reported,numeric_mean_transcribed_from_public_table,,,,not_estimable,,,not_assessed_no_EUwide_limit,not_assessed_no_threshold_in_this_extract,"One Kassel WtE source composite: 40 increments (about 1.7 Mg) sampled on nine days, then divided into raw and indoor 4-month storage portions. The duplicate leaching determinations and size fractions are nested within this one material lineage.","SI p.22 Table S18 vs p.23 Table S20; Methods §§3.2-3.4; As, 8-16 mm","Open CC-BY article and SI Tables S18-S22. Eluate was prepared at L/S=10 L/kg, filtered at 0.45 um, and analysed in duplicate; the Methods do not unambiguously name a test-standard edition. LOD is not numerically specified in the tables. German LAGA/TL benchmarks are not EU-wide rules. Table S20 has one blank Pb cell (8-16 mm); it is coded not reported, not zero or <LOD.",,,,,,,,,,,,,,,,
VATEVA_LANER2020,"Vateva & Laner (2020), Resources 9:66",10.3390/resources9060066,https://doi.org/10.3390/resources9060066,Germany,EU-27 at study publication; single Kassel facility/source,VATEVA2020-Kassel-split-composite,1,VATEVA2020-indoor-storage-4months,indoor storage ageing for 4 months,4-8 mm,mineral fraction >4 mm eluate,As,elemental_leaching_endpoint,L/S=10 L/kg batch eluate; 0.45 um filtration; exact standard edition not explicit in article Methods,10 L/kg,4 months indoor barrel storage,ug/L,0.8,0.0,1.7,0.0,numeric_mean_transcribed_from_public_table,numeric_mean_transcribed_from_public_table,,112.49999999999997,0.7537718023763802,higher,,,not_assessed_no_EUwide_limit,not_assessed_no_threshold_in_this_extract,"One Kassel WtE source composite: 40 increments (about 1.7 Mg) sampled on nine days, then divided into raw and indoor 4-month storage portions. The duplicate leaching determinations and size fractions are nested within this one material lineage.","SI p.22 Table S18 vs p.23 Table S20; Methods §§3.2-3.4; As, 4-8 mm","Open CC-BY article and SI Tables S18-S22. Eluate was prepared at L/S=10 L/kg, filtered at 0.45 um, and analysed in duplicate; the Methods do not unambiguously name a test-standard edition. LOD is not numerically specified in the tables. German LAGA/TL benchmarks are not EU-wide rules. Table S20 has one blank Pb cell (8-16 mm); it is coded not reported, not zero or <LOD.",,,,,,,,,,,,,,,,
VATEVA_LANER2020,"Vateva & Laner (2020), Resources 9:66",10.3390/resources9060066,https://doi.org/10.3390/resources9060066,Germany,EU-27 at study publication; single Kassel facility/source,VATEVA2020-Kassel-split-composite,1,VATEVA2020-indoor-storage-4months,indoor storage ageing for 4 months,>31.5 mm,mineral fraction >4 mm eluate,Cd,elemental_leaching_endpoint,L/S=10 L/kg batch eluate; 0.45 um filtration; exact standard edition not explicit in article Methods,10 L/kg,4 months indoor barrel storage,ug/L,0.7,0.0,0.0,0.0,numeric_mean_transcribed_from_public_table,numeric_mean_transcribed_from_public_table,,-100.0,,lower,,,not_assessed_no_EUwide_limit,not_assessed_no_threshold_in_this_extract,"One Kassel WtE source composite: 40 increments (about 1.7 Mg) sampled on nine days, then divided into raw and indoor 4-month storage portions. The duplicate leaching determinations and size fractions are nested within this one material lineage.","SI p.22 Table S18 vs p.23 Table S20; Methods §§3.2-3.4; Cd, >31.5 mm","Open CC-BY article and SI Tables S18-S22. Eluate was prepared at L/S=10 L/kg, filtered at 0.45 um, and analysed in duplicate; the Methods do not unambiguously name a test-standard edition. LOD is not numerically specified in the tables. German LAGA/TL benchmarks are not EU-wide rules. Table S20 has one blank Pb cell (8-16 mm); it is coded not reported, not zero or <LOD.",,,,,,,,,,,,,,,,
VATEVA_LANER2020,"Vateva & Laner (2020), Resources 9:66",10.3390/resources9060066,https://doi.org/10.3390/resources9060066,Germany,EU-27 at study publication; single Kassel facility/source,VATEVA2020-Kassel-split-composite,1,VATEVA2020-indoor-storage-4months,indoor storage ageing for 4 months,16-31.5 mm,mineral fraction >4 mm eluate,Cd,elemental_leaching_endpoint,L/S=10 L/kg batch eluate; 0.45 um filtration; exact standard edition not explicit in article Methods,10 L/kg,4 months indoor barrel storage,ug/L,0.5,0.0,0.3,0.2,numeric_mean_transcribed_from_public_table,numeric_mean_transcribed_from_public_table,,-40.0,-0.5108256237659907,lower,,,not_assessed_no_EUwide_limit,not_assessed_no_threshold_in_this_extract,"One Kassel WtE source composite: 40 increments (about 1.7 Mg) sampled on nine days, then divided into raw and indoor 4-month storage portions. The duplicate leaching determinations and size fractions are nested within this one material lineage.","SI p.22 Table S18 vs p.23 Table S20; Methods §§3.2-3.4; Cd, 16-31.5 mm","Open CC-BY article and SI Tables S18-S22. Eluate was prepared at L/S=10 L/kg, filtered at 0.45 um, and analysed in duplicate; the Methods do not unambiguously name a test-standard edition. LOD is not numerically specified in the tables. German LAGA/TL benchmarks are not EU-wide rules. Table S20 has one blank Pb cell (8-16 mm); it is coded not reported, not zero or <LOD.",,,,,,,,,,,,,,,,
VATEVA_LANER2020,"Vateva & Laner (2020), Resources 9:66",10.3390/resources9060066,https://doi.org/10.3390/resources9060066,Germany,EU-27 at study publication; single Kassel facility/source,VATEVA2020-Kassel-split-composite,1,VATEVA2020-indoor-storage-4months,indoor storage ageing for 4 months,8-16 mm,mineral fraction >4 mm eluate,Cd,elemental_leaching_endpoint,L/S=10 L/kg batch eluate; 0.45 um filtration; exact standard edition not explicit in article Methods,10 L/kg,4 months indoor barrel storage,ug/L,,,0.2,0.2,left_censored_below_LOD; numerical_LOD_not_reported,numeric_mean_transcribed_from_public_table,,,,not_estimable,,,not_assessed_no_EUwide_limit,not_assessed_no_threshold_in_this_extract,"One Kassel WtE source composite: 40 increments (about 1.7 Mg) sampled on nine days, then divided into raw and indoor 4-month storage portions. The duplicate leaching determinations and size fractions are nested within this one material lineage.","SI p.22 Table S18 vs p.23 Table S20; Methods §§3.2-3.4; Cd, 8-16 mm","Open CC-BY article and SI Tables S18-S22. Eluate was prepared at L/S=10 L/kg, filtered at 0.45 um, and analysed in duplicate; the Methods do not unambiguously name a test-standard edition. LOD is not numerically specified in the tables. German LAGA/TL benchmarks are not EU-wide rules. Table S20 has one blank Pb cell (8-16 mm); it is coded not reported, not zero or <LOD.",,,,,,,,,,,,,,,,
VATEVA_LANER2020,"Vateva & Laner (2020), Resources 9:66",10.3390/resources9060066,https://doi.org/10.3390/resources9060066,Germany,EU-27 at study publication; single Kassel facility/source,VATEVA2020-Kassel-split-composite,1,VATEVA2020-indoor-storage-4months,indoor storage ageing for 4 months,4-8 mm,mineral fraction >4 mm eluate,Cd,elemental_leaching_endpoint,L/S=10 L/kg batch eluate; 0.45 um filtration; exact standard edition not explicit in article Methods,10 L/kg,4 months indoor barrel storage,ug/L,0.3,0.0,0.2,0.1,numeric_mean_transcribed_from_public_table,numeric_mean_transcribed_from_public_table,,-33.33333333333333,-0.4054651081081643,lower,,,not_assessed_no_EUwide_limit,not_assessed_no_threshold_in_this_extract,"One Kassel WtE source composite: 40 increments (about 1.7 Mg) sampled on nine days, then divided into raw and indoor 4-month storage portions. The duplicate leaching determinations and size fractions are nested within this one material lineage.","SI p.22 Table S18 vs p.23 Table S20; Methods §§3.2-3.4; Cd, 4-8 mm","Open CC-BY article and SI Tables S18-S22. Eluate was prepared at L/S=10 L/kg, filtered at 0.45 um, and analysed in duplicate; the Methods do not unambiguously name a test-standard edition. LOD is not numerically specified in the tables. German LAGA/TL benchmarks are not EU-wide rules. Table S20 has one blank Pb cell (8-16 mm); it is coded not reported, not zero or <LOD.",,,,,,,,,,,,,,,,
VATEVA_LANER2020,"Vateva & Laner (2020), Resources 9:66",10.3390/resources9060066,https://doi.org/10.3390/resources9060066,Germany,EU-27 at study publication; single Kassel facility/source,VATEVA2020-Kassel-split-composite,1,VATEVA2020-indoor-storage-4months,indoor storage ageing for 4 months,>31.5 mm,mineral fraction >4 mm eluate,Cr,elemental_leaching_endpoint,L/S=10 L/kg batch eluate; 0.45 um filtration; exact standard edition not explicit in article Methods,10 L/kg,4 months indoor barrel storage,ug/L,31.1,11.6,4.6,6.5,numeric_mean_transcribed_from_public_table,numeric_mean_transcribed_from_public_table,,-85.20900321543408,-1.911151515690139,lower,,,not_assessed_no_EUwide_limit,not_assessed_no_threshold_in_this_extract,"One Kassel WtE source composite: 40 increments (about 1.7 Mg) sampled on nine days, then divided into raw and indoor 4-month storage portions. The duplicate leaching determinations and size fractions are nested within this one material lineage.","SI p.22 Table S18 vs p.23 Table S20; Methods §§3.2-3.4; Cr, >31.5 mm","Open CC-BY article and SI Tables S18-S22. Eluate was prepared at L/S=10 L/kg, filtered at 0.45 um, and analysed in duplicate; the Methods do not unambiguously name a test-standard edition. LOD is not numerically specified in the tables. German LAGA/TL benchmarks are not EU-wide rules. Table S20 has one blank Pb cell (8-16 mm); it is coded not reported, not zero or <LOD.",,,,,,,,,,,,,,,,
VATEVA_LANER2020,"Vateva & Laner (2020), Resources 9:66",10.3390/resources9060066,https://doi.org/10.3390/resources9060066,Germany,EU-27 at study publication; single Kassel facility/source,VATEVA2020-Kassel-split-composite,1,VATEVA2020-indoor-storage-4months,indoor storage ageing for 4 months,16-31.5 mm,mineral fraction >4 mm eluate,Cr,elemental_leaching_endpoint,L/S=10 L/kg batch eluate; 0.45 um filtration; exact standard edition not explicit in article Methods,10 L/kg,4 months indoor barrel storage,ug/L,15.9,17.4,18.0,0.8,numeric_mean_transcribed_from_public_table,numeric_mean_transcribed_from_public_table,,13.207547169811319,0.12405264866997882,higher,,,not_assessed_no_EUwide_limit,not_assessed_no_threshold_in_this_extract,"One Kassel WtE source composite: 40 increments (about 1.7 Mg) sampled on nine days, then divided into raw and indoor 4-month storage portions. The duplicate leaching determinations and size fractions are nested within this one material lineage.","SI p.22 Table S18 vs p.23 Table S20; Methods §§3.2-3.4; Cr, 16-31.5 mm","Open CC-BY article and SI Tables S18-S22. Eluate was prepared at L/S=10 L/kg, filtered at 0.45 um, and analysed in duplicate; the Methods do not unambiguously name a test-standard edition. LOD is not numerically specified in the tables. German LAGA/TL benchmarks are not EU-wide rules. Table S20 has one blank Pb cell (8-16 mm); it is coded not reported, not zero or <LOD.",,,,,,,,,,,,,,,,
VATEVA_LANER2020,"Vateva & Laner (2020), Resources 9:66",10.3390/resources9060066,https://doi.org/10.3390/resources9060066,Germany,EU-27 at study publication; single Kassel facility/source,VATEVA2020-Kassel-split-composite,1,VATEVA2020-indoor-storage-4months,indoor storage ageing for 4 months,8-16 mm,mineral fraction >4 mm eluate,Cr,elemental_leaching_endpoint,L/S=10 L/kg batch eluate; 0.45 um filtration; exact standard edition not explicit in article Methods,10 L/kg,4 months indoor barrel storage,ug/L,11.7,11.9,23.0,4.1,numeric_mean_transcribed_from_public_table,numeric_mean_transcribed_from_public_table,,96.5811965811966,0.6759053741254393,higher,,,not_assessed_no_EUwide_limit,not_assessed_no_threshold_in_this_extract,"One Kassel WtE source composite: 40 increments (about 1.7 Mg) sampled on nine days, then divided into raw and indoor 4-month storage portions. The duplicate leaching determinations and size fractions are nested within this one material lineage.","SI p.22 Table S18 vs p.23 Table S20; Methods §§3.2-3.4; Cr, 8-16 mm","Open CC-BY article and SI Tables S18-S22. Eluate was prepared at L/S=10 L/kg, filtered at 0.45 um, and analysed in duplicate; the Methods do not unambiguously name a test-standard edition. LOD is not numerically specified in the tables. German LAGA/TL benchmarks are not EU-wide rules. Table S20 has one blank Pb cell (8-16 mm); it is coded not reported, not zero or <LOD.",,,,,,,,,,,,,,,,
VATEVA_LANER2020,"Vateva & Laner (2020), Resources 9:66",10.3390/resources9060066,https://doi.org/10.3390/resources9060066,Germany,EU-27 at study publication; single Kassel facility/source,VATEVA2020-Kassel-split-composite,1,VATEVA2020-indoor-storage-4months,indoor storage ageing for 4 months,4-8 mm,mineral fraction >4 mm eluate,Cr,elemental_leaching_endpoint,L/S=10 L/kg batch eluate; 0.45 um filtration; exact standard edition not explicit in article Methods,10 L/kg,4 months indoor barrel storage,ug/L,4.3,0.0,52.3,8.3,numeric_mean_transcribed_from_public_table,numeric_mean_transcribed_from_public_table,,1116.2790697674418,2.4983813483713604,higher,,,not_assessed_no_EUwide_limit,not_assessed_no_threshold_in_this_extract,"One Kassel WtE source composite: 40 increments (about 1.7 Mg) sampled on nine days, then divided into raw and indoor 4-month storage portions. The duplicate leaching determinations and size fractions are nested within this one material lineage.","SI p.22 Table S18 vs p.23 Table S20; Methods §§3.2-3.4; Cr, 4-8 mm","Open CC-BY article and SI Tables S18-S22. Eluate was prepared at L/S=10 L/kg, filtered at 0.45 um, and analysed in duplicate; the Methods do not unambiguously name a test-standard edition. LOD is not numerically specified in the tables. German LAGA/TL benchmarks are not EU-wide rules. Table S20 has one blank Pb cell (8-16 mm); it is coded not reported, not zero or <LOD.",,,,,,,,,,,,,,,,
VATEVA_LANER2020,"Vateva & Laner (2020), Resources 9:66",10.3390/resources9060066,https://doi.org/10.3390/resources9060066,Germany,EU-27 at study publication; single Kassel facility/source,VATEVA2020-Kassel-split-composite,1,VATEVA2020-indoor-storage-4months,indoor storage ageing for 4 months,>31.5 mm,mineral fraction >4 mm eluate,Cu,elemental_leaching_endpoint,L/S=10 L/kg batch eluate; 0.45 um filtration; exact standard edition not explicit in article Methods,10 L/kg,4 months indoor barrel storage,ug/L,3.5,0.6,4.9,2.1,numeric_mean_transcribed_from_public_table,numeric_mean_transcribed_from_public_table,,40.00000000000001,0.336472236621213,higher,,,not_assessed_no_EUwide_limit,not_assessed_no_threshold_in_this_extract,"One Kassel WtE source composite: 40 increments (about 1.7 Mg) sampled on nine days, then divided into raw and indoor 4-month storage portions. The duplicate leaching determinations and size fractions are nested within this one material lineage.","SI p.22 Table S18 vs p.23 Table S20; Methods §§3.2-3.4; Cu, >31.5 mm","Open CC-BY article and SI Tables S18-S22. Eluate was prepared at L/S=10 L/kg, filtered at 0.45 um, and analysed in duplicate; the Methods do not unambiguously name a test-standard edition. LOD is not numerically specified in the tables. German LAGA/TL benchmarks are not EU-wide rules. Table S20 has one blank Pb cell (8-16 mm); it is coded not reported, not zero or <LOD.",,,,,,,,,,,,,,,,
VATEVA_LANER2020,"Vateva & Laner (2020), Resources 9:66",10.3390/resources9060066,https://doi.org/10.3390/resources9060066,Germany,EU-27 at study publication; single Kassel facility/source,VATEVA2020-Kassel-split-composite,1,VATEVA2020-indoor-storage-4months,indoor storage ageing for 4 months,16-31.5 mm,mineral fraction >4 mm eluate,Cu,elemental_leaching_endpoint,L/S=10 L/kg batch eluate; 0.45 um filtration; exact standard edition not explicit in article Methods,10 L/kg,4 months indoor barrel storage,ug/L,3.6,1.8,4.9,2.2,numeric_mean_transcribed_from_public_table,numeric_mean_transcribed_from_public_table,,36.11111111111112,0.30830135965451666,higher,,,not_assessed_no_EUwide_limit,not_assessed_no_threshold_in_this_extract,"One Kassel WtE source composite: 40 increments (about 1.7 Mg) sampled on nine days, then divided into raw and indoor 4-month storage portions. The duplicate leaching determinations and size fractions are nested within this one material lineage.","SI p.22 Table S18 vs p.23 Table S20; Methods §§3.2-3.4; Cu, 16-31.5 mm","Open CC-BY article and SI Tables S18-S22. Eluate was prepared at L/S=10 L/kg, filtered at 0.45 um, and analysed in duplicate; the Methods do not unambiguously name a test-standard edition. LOD is not numerically specified in the tables. German LAGA/TL benchmarks are not EU-wide rules. Table S20 has one blank Pb cell (8-16 mm); it is coded not reported, not zero or <LOD.",,,,,,,,,,,,,,,,
VATEVA_LANER2020,"Vateva & Laner (2020), Resources 9:66",10.3390/resources9060066,https://doi.org/10.3390/resources9060066,Germany,EU-27 at study publication; single Kassel facility/source,VATEVA2020-Kassel-split-composite,1,VATEVA2020-indoor-storage-4months,indoor storage ageing for 4 months,8-16 mm,mineral fraction >4 mm eluate,Cu,elemental_leaching_endpoint,L/S=10 L/kg batch eluate; 0.45 um filtration; exact standard edition not explicit in article Methods,10 L/kg,4 months indoor barrel storage,ug/L,12.8,5.2,50.9,18.4,numeric_mean_transcribed_from_public_table,numeric_mean_transcribed_from_public_table,,297.65624999999994,1.3804177526309054,higher,,,not_assessed_no_EUwide_limit,not_assessed_no_threshold_in_this_extract,"One Kassel WtE source composite: 40 increments (about 1.7 Mg) sampled on nine days, then divided into raw and indoor 4-month storage portions. The duplicate leaching determinations and size fractions are nested within this one material lineage.","SI p.22 Table S18 vs p.23 Table S20; Methods §§3.2-3.4; Cu, 8-16 mm","Open CC-BY article and SI Tables S18-S22. Eluate was prepared at L/S=10 L/kg, filtered at 0.45 um, and analysed in duplicate; the Methods do not unambiguously name a test-standard edition. LOD is not numerically specified in the tables. German LAGA/TL benchmarks are not EU-wide rules. Table S20 has one blank Pb cell (8-16 mm); it is coded not reported, not zero or <LOD.",,,,,,,,,,,,,,,,
VATEVA_LANER2020,"Vateva & Laner (2020), Resources 9:66",10.3390/resources9060066,https://doi.org/10.3390/resources9060066,Germany,EU-27 at study publication; single Kassel facility/source,VATEVA2020-Kassel-split-composite,1,VATEVA2020-indoor-storage-4months,indoor storage ageing for 4 months,4-8 mm,mineral fraction >4 mm eluate,Cu,elemental_leaching_endpoint,L/S=10 L/kg batch eluate; 0.45 um filtration; exact standard edition not explicit in article Methods,10 L/kg,4 months indoor barrel storage,ug/L,20.7,5.4,62.1,6.8,numeric_mean_transcribed_from_public_table,numeric_mean_transcribed_from_public_table,,200.00000000000006,1.0986122886681098,higher,,,not_assessed_no_EUwide_limit,not_assessed_no_threshold_in_this_extract,"One Kassel WtE source composite: 40 increments (about 1.7 Mg) sampled on nine days, then divided into raw and indoor 4-month storage portions. The duplicate leaching determinations and size fractions are nested within this one material lineage.","SI p.22 Table S18 vs p.23 Table S20; Methods §§3.2-3.4; Cu, 4-8 mm","Open CC-BY article and SI Tables S18-S22. Eluate was prepared at L/S=10 L/kg, filtered at 0.45 um, and analysed in duplicate; the Methods do not unambiguously name a test-standard edition. LOD is not numerically specified in the tables. German LAGA/TL benchmarks are not EU-wide rules. Table S20 has one blank Pb cell (8-16 mm); it is coded not reported, not zero or <LOD.",,,,,,,,,,,,,,,,
VATEVA_LANER2020,"Vateva & Laner (2020), Resources 9:66",10.3390/resources9060066,https://doi.org/10.3390/resources9060066,Germany,EU-27 at study publication; single Kassel facility/source,VATEVA2020-Kassel-split-composite,1,VATEVA2020-indoor-storage-4months,indoor storage ageing for 4 months,>31.5 mm,mineral fraction >4 mm eluate,Hg,elemental_leaching_endpoint,L/S=10 L/kg batch eluate; 0.45 um filtration; exact standard edition not explicit in article Methods,10 L/kg,4 months indoor barrel storage,ug/L,,,,,left_censored_below_LOD; numerical_LOD_not_reported,left_censored_below_LOD; numerical_LOD_not_reported,,,,not_estimable,,,not_assessed_no_EUwide_limit,not_assessed_no_threshold_in_this_extract,"One Kassel WtE source composite: 40 increments (about 1.7 Mg) sampled on nine days, then divided into raw and indoor 4-month storage portions. The duplicate leaching determinations and size fractions are nested within this one material lineage.","SI p.22 Table S18 vs p.23 Table S20; Methods §§3.2-3.4; Hg, >31.5 mm","Open CC-BY article and SI Tables S18-S22. Eluate was prepared at L/S=10 L/kg, filtered at 0.45 um, and analysed in duplicate; the Methods do not unambiguously name a test-standard edition. LOD is not numerically specified in the tables. German LAGA/TL benchmarks are not EU-wide rules. Table S20 has one blank Pb cell (8-16 mm); it is coded not reported, not zero or <LOD.",,,,,,,,,,,,,,,,
VATEVA_LANER2020,"Vateva & Laner (2020), Resources 9:66",10.3390/resources9060066,https://doi.org/10.3390/resources9060066,Germany,EU-27 at study publication; single Kassel facility/source,VATEVA2020-Kassel-split-composite,1,VATEVA2020-indoor-storage-4months,indoor storage ageing for 4 months,16-31.5 mm,mineral fraction >4 mm eluate,Hg,elemental_leaching_endpoint,L/S=10 L/kg batch eluate; 0.45 um filtration; exact standard edition not explicit in article Methods,10 L/kg,4 months indoor barrel storage,ug/L,,,,,left_censored_below_LOD; numerical_LOD_not_reported,left_censored_below_LOD; numerical_LOD_not_reported,,,,not_estimable,,,not_assessed_no_EUwide_limit,not_assessed_no_threshold_in_this_extract,"One Kassel WtE source composite: 40 increments (about 1.7 Mg) sampled on nine days, then divided into raw and indoor 4-month storage portions. The duplicate leaching determinations and size fractions are nested within this one material lineage.","SI p.22 Table S18 vs p.23 Table S20; Methods §§3.2-3.4; Hg, 16-31.5 mm","Open CC-BY article and SI Tables S18-S22. Eluate was prepared at L/S=10 L/kg, filtered at 0.45 um, and analysed in duplicate; the Methods do not unambiguously name a test-standard edition. LOD is not numerically specified in the tables. German LAGA/TL benchmarks are not EU-wide rules. Table S20 has one blank Pb cell (8-16 mm); it is coded not reported, not zero or <LOD.",,,,,,,,,,,,,,,,
VATEVA_LANER2020,"Vateva & Laner (2020), Resources 9:66",10.3390/resources9060066,https://doi.org/10.3390/resources9060066,Germany,EU-27 at study publication; single Kassel facility/source,VATEVA2020-Kassel-split-composite,1,VATEVA2020-indoor-storage-4months,indoor storage ageing for 4 months,8-16 mm,mineral fraction >4 mm eluate,Hg,elemental_leaching_endpoint,L/S=10 L/kg batch eluate; 0.45 um filtration; exact standard edition not explicit in article Methods,10 L/kg,4 months indoor barrel storage,ug/L,,,,,left_censored_below_LOD; numerical_LOD_not_reported,left_censored_below_LOD; numerical_LOD_not_reported,,,,not_estimable,,,not_assessed_no_EUwide_limit,not_assessed_no_threshold_in_this_extract,"One Kassel WtE source composite: 40 increments (about 1.7 Mg) sampled on nine days, then divided into raw and indoor 4-month storage portions. The duplicate leaching determinations and size fractions are nested within this one material lineage.","SI p.22 Table S18 vs p.23 Table S20; Methods §§3.2-3.4; Hg, 8-16 mm","Open CC-BY article and SI Tables S18-S22. Eluate was prepared at L/S=10 L/kg, filtered at 0.45 um, and analysed in duplicate; the Methods do not unambiguously name a test-standard edition. LOD is not numerically specified in the tables. German LAGA/TL benchmarks are not EU-wide rules. Table S20 has one blank Pb cell (8-16 mm); it is coded not reported, not zero or <LOD.",,,,,,,,,,,,,,,,
VATEVA_LANER2020,"Vateva & Laner (2020), Resources 9:66",10.3390/resources9060066,https://doi.org/10.3390/resources9060066,Germany,EU-27 at study publication; single Kassel facility/source,VATEVA2020-Kassel-split-composite,1,VATEVA2020-indoor-storage-4months,indoor storage ageing for 4 months,4-8 mm,mineral fraction >4 mm eluate,Hg,elemental_leaching_endpoint,L/S=10 L/kg batch eluate; 0.45 um filtration; exact standard edition not explicit in article Methods,10 L/kg,4 months indoor barrel storage,ug/L,,,,,left_censored_below_LOD; numerical_LOD_not_reported,left_censored_below_LOD; numerical_LOD_not_reported,,,,not_estimable,,,not_assessed_no_EUwide_limit,not_assessed_no_threshold_in_this_extract,"One Kassel WtE source composite: 40 increments (about 1.7 Mg) sampled on nine days, then divided into raw and indoor 4-month storage portions. The duplicate leaching determinations and size fractions are nested within this one material lineage.","SI p.22 Table S18 vs p.23 Table S20; Methods §§3.2-3.4; Hg, 4-8 mm","Open CC-BY article and SI Tables S18-S22. Eluate was prepared at L/S=10 L/kg, filtered at 0.45 um, and analysed in duplicate; the Methods do not unambiguously name a test-standard edition. LOD is not numerically specified in the tables. German LAGA/TL benchmarks are not EU-wide rules. Table S20 has one blank Pb cell (8-16 mm); it is coded not reported, not zero or <LOD.",,,,,,,,,,,,,,,,
VATEVA_LANER2020,"Vateva & Laner (2020), Resources 9:66",10.3390/resources9060066,https://doi.org/10.3390/resources9060066,Germany,EU-27 at study publication; single Kassel facility/source,VATEVA2020-Kassel-split-composite,1,VATEVA2020-indoor-storage-4months,indoor storage ageing for 4 months,>31.5 mm,mineral fraction >4 mm eluate,Ni,elemental_leaching_endpoint,L/S=10 L/kg batch eluate; 0.45 um filtration; exact standard edition not explicit in article Methods,10 L/kg,4 months indoor barrel storage,ug/L,,,,,left_censored_below_LOD; numerical_LOD_not_reported,left_censored_below_LOD; numerical_LOD_not_reported,,,,not_estimable,,,not_assessed_no_EUwide_limit,not_assessed_no_threshold_in_this_extract,"One Kassel WtE source composite: 40 increments (about 1.7 Mg) sampled on nine days, then divided into raw and indoor 4-month storage portions. The duplicate leaching determinations and size fractions are nested within this one material lineage.","SI p.22 Table S18 vs p.23 Table S20; Methods §§3.2-3.4; Ni, >31.5 mm","Open CC-BY article and SI Tables S18-S22. Eluate was prepared at L/S=10 L/kg, filtered at 0.45 um, and analysed in duplicate; the Methods do not unambiguously name a test-standard edition. LOD is not numerically specified in the tables. German LAGA/TL benchmarks are not EU-wide rules. Table S20 has one blank Pb cell (8-16 mm); it is coded not reported, not zero or <LOD.",,,,,,,,,,,,,,,,
VATEVA_LANER2020,"Vateva & Laner (2020), Resources 9:66",10.3390/resources9060066,https://doi.org/10.3390/resources9060066,Germany,EU-27 at study publication; single Kassel facility/source,VATEVA2020-Kassel-split-composite,1,VATEVA2020-indoor-storage-4months,indoor storage ageing for 4 months,16-31.5 mm,mineral fraction >4 mm eluate,Ni,elemental_leaching_endpoint,L/S=10 L/kg batch eluate; 0.45 um filtration; exact standard edition not explicit in article Methods,10 L/kg,4 months indoor barrel storage,ug/L,,,0.4,0.5,left_censored_below_LOD; numerical_LOD_not_reported,numeric_mean_transcribed_from_public_table,,,,not_estimable,,,not_assessed_no_EUwide_limit,not_assessed_no_threshold_in_this_extract,"One Kassel WtE source composite: 40 increments (about 1.7 Mg) sampled on nine days, then divided into raw and indoor 4-month storage portions. The duplicate leaching determinations and size fractions are nested within this one material lineage.","SI p.22 Table S18 vs p.23 Table S20; Methods §§3.2-3.4; Ni, 16-31.5 mm","Open CC-BY article and SI Tables S18-S22. Eluate was prepared at L/S=10 L/kg, filtered at 0.45 um, and analysed in duplicate; the Methods do not unambiguously name a test-standard edition. LOD is not numerically specified in the tables. German LAGA/TL benchmarks are not EU-wide rules. Table S20 has one blank Pb cell (8-16 mm); it is coded not reported, not zero or <LOD.",,,,,,,,,,,,,,,,
VATEVA_LANER2020,"Vateva & Laner (2020), Resources 9:66",10.3390/resources9060066,https://doi.org/10.3390/resources9060066,Germany,EU-27 at study publication; single Kassel facility/source,VATEVA2020-Kassel-split-composite,1,VATEVA2020-indoor-storage-4months,indoor storage ageing for 4 months,8-16 mm,mineral fraction >4 mm eluate,Ni,elemental_leaching_endpoint,L/S=10 L/kg batch eluate; 0.45 um filtration; exact standard edition not explicit in article Methods,10 L/kg,4 months indoor barrel storage,ug/L,,,,,left_censored_below_LOD; numerical_LOD_not_reported,left_censored_below_LOD; numerical_LOD_not_reported,,,,not_estimable,,,not_assessed_no_EUwide_limit,not_assessed_no_threshold_in_this_extract,"One Kassel WtE source composite: 40 increments (about 1.7 Mg) sampled on nine days, then divided into raw and indoor 4-month storage portions. The duplicate leaching determinations and size fractions are nested within this one material lineage.","SI p.22 Table S18 vs p.23 Table S20; Methods §§3.2-3.4; Ni, 8-16 mm","Open CC-BY article and SI Tables S18-S22. Eluate was prepared at L/S=10 L/kg, filtered at 0.45 um, and analysed in duplicate; the Methods do not unambiguously name a test-standard edition. LOD is not numerically specified in the tables. German LAGA/TL benchmarks are not EU-wide rules. Table S20 has one blank Pb cell (8-16 mm); it is coded not reported, not zero or <LOD.",,,,,,,,,,,,,,,,
VATEVA_LANER2020,"Vateva & Laner (2020), Resources 9:66",10.3390/resources9060066,https://doi.org/10.3390/resources9060066,Germany,EU-27 at study publication; single Kassel facility/source,VATEVA2020-Kassel-split-composite,1,VATEVA2020-indoor-storage-4months,indoor storage ageing for 4 months,4-8 mm,mineral fraction >4 mm eluate,Ni,elemental_leaching_endpoint,L/S=10 L/kg batch eluate; 0.45 um filtration; exact standard edition not explicit in article Methods,10 L/kg,4 months indoor barrel storage,ug/L,,,,,left_censored_below_LOD; numerical_LOD_not_reported,left_censored_below_LOD; numerical_LOD_not_reported,,,,not_estimable,,,not_assessed_no_EUwide_limit,not_assessed_no_threshold_in_this_extract,"One Kassel WtE source composite: 40 increments (about 1.7 Mg) sampled on nine days, then divided into raw and indoor 4-month storage portions. The duplicate leaching determinations and size fractions are nested within this one material lineage.","SI p.22 Table S18 vs p.23 Table S20; Methods §§3.2-3.4; Ni, 4-8 mm","Open CC-BY article and SI Tables S18-S22. Eluate was prepared at L/S=10 L/kg, filtered at 0.45 um, and analysed in duplicate; the Methods do not unambiguously name a test-standard edition. LOD is not numerically specified in the tables. German LAGA/TL benchmarks are not EU-wide rules. Table S20 has one blank Pb cell (8-16 mm); it is coded not reported, not zero or <LOD.",,,,,,,,,,,,,,,,
VATEVA_LANER2020,"Vateva & Laner (2020), Resources 9:66",10.3390/resources9060066,https://doi.org/10.3390/resources9060066,Germany,EU-27 at study publication; single Kassel facility/source,VATEVA2020-Kassel-split-composite,1,VATEVA2020-indoor-storage-4months,indoor storage ageing for 4 months,>31.5 mm,mineral fraction >4 mm eluate,Pb,elemental_leaching_endpoint,L/S=10 L/kg batch eluate; 0.45 um filtration; exact standard edition not explicit in article Methods,10 L/kg,4 months indoor barrel storage,ug/L,,,0.1,0.2,left_censored_below_LOD; numerical_LOD_not_reported,numeric_mean_transcribed_from_public_table,,,,not_estimable,,,not_assessed_no_EUwide_limit,not_assessed_no_threshold_in_this_extract,"One Kassel WtE source composite: 40 increments (about 1.7 Mg) sampled on nine days, then divided into raw and indoor 4-month storage portions. The duplicate leaching determinations and size fractions are nested within this one material lineage.","SI p.22 Table S18 vs p.23 Table S20; Methods §§3.2-3.4; Pb, >31.5 mm","Open CC-BY article and SI Tables S18-S22. Eluate was prepared at L/S=10 L/kg, filtered at 0.45 um, and analysed in duplicate; the Methods do not unambiguously name a test-standard edition. LOD is not numerically specified in the tables. German LAGA/TL benchmarks are not EU-wide rules. Table S20 has one blank Pb cell (8-16 mm); it is coded not reported, not zero or <LOD.",,,,,,,,,,,,,,,,
VATEVA_LANER2020,"Vateva & Laner (2020), Resources 9:66",10.3390/resources9060066,https://doi.org/10.3390/resources9060066,Germany,EU-27 at study publication; single Kassel facility/source,VATEVA2020-Kassel-split-composite,1,VATEVA2020-indoor-storage-4months,indoor storage ageing for 4 months,16-31.5 mm,mineral fraction >4 mm eluate,Pb,elemental_leaching_endpoint,L/S=10 L/kg batch eluate; 0.45 um filtration; exact standard edition not explicit in article Methods,10 L/kg,4 months indoor barrel storage,ug/L,2.8,0.0,2.1,2.1,numeric_mean_transcribed_from_public_table,numeric_mean_transcribed_from_public_table,,-24.999999999999993,-0.2876820724517808,lower,,,not_assessed_no_EUwide_limit,not_assessed_no_threshold_in_this_extract,"One Kassel WtE source composite: 40 increments (about 1.7 Mg) sampled on nine days, then divided into raw and indoor 4-month storage portions. The duplicate leaching determinations and size fractions are nested within this one material lineage.","SI p.22 Table S18 vs p.23 Table S20; Methods §§3.2-3.4; Pb, 16-31.5 mm","Open CC-BY article and SI Tables S18-S22. Eluate was prepared at L/S=10 L/kg, filtered at 0.45 um, and analysed in duplicate; the Methods do not unambiguously name a test-standard edition. LOD is not numerically specified in the tables. German LAGA/TL benchmarks are not EU-wide rules. Table S20 has one blank Pb cell (8-16 mm); it is coded not reported, not zero or <LOD.",,,,,,,,,,,,,,,,
VATEVA_LANER2020,"Vateva & Laner (2020), Resources 9:66",10.3390/resources9060066,https://doi.org/10.3390/resources9060066,Germany,EU-27 at study publication; single Kassel facility/source,VATEVA2020-Kassel-split-composite,1,VATEVA2020-indoor-storage-4months,indoor storage ageing for 4 months,8-16 mm,mineral fraction >4 mm eluate,Pb,elemental_leaching_endpoint,L/S=10 L/kg batch eluate; 0.45 um filtration; exact standard edition not explicit in article Methods,10 L/kg,4 months indoor barrel storage,ug/L,1.3,0.0,,,numeric_mean_transcribed_from_public_table,blank_not_reported_in_source_table,,,,not_estimable,,,not_assessed_no_EUwide_limit,not_assessed_no_threshold_in_this_extract,"One Kassel WtE source composite: 40 increments (about 1.7 Mg) sampled on nine days, then divided into raw and indoor 4-month storage portions. The duplicate leaching determinations and size fractions are nested within this one material lineage.","SI p.22 Table S18 vs p.23 Table S20; Methods §§3.2-3.4; Pb, 8-16 mm","Open CC-BY article and SI Tables S18-S22. Eluate was prepared at L/S=10 L/kg, filtered at 0.45 um, and analysed in duplicate; the Methods do not unambiguously name a test-standard edition. LOD is not numerically specified in the tables. German LAGA/TL benchmarks are not EU-wide rules. Table S20 has one blank Pb cell (8-16 mm); it is coded not reported, not zero or <LOD.",,,,,,,,,,,,,,,,
VATEVA_LANER2020,"Vateva & Laner (2020), Resources 9:66",10.3390/resources9060066,https://doi.org/10.3390/resources9060066,Germany,EU-27 at study publication; single Kassel facility/source,VATEVA2020-Kassel-split-composite,1,VATEVA2020-indoor-storage-4months,indoor storage ageing for 4 months,4-8 mm,mineral fraction >4 mm eluate,Pb,elemental_leaching_endpoint,L/S=10 L/kg batch eluate; 0.45 um filtration; exact standard edition not explicit in article Methods,10 L/kg,4 months indoor barrel storage,ug/L,,,0.5,0.7,left_censored_below_LOD; numerical_LOD_not_reported,numeric_mean_transcribed_from_public_table,,,,not_estimable,,,not_assessed_no_EUwide_limit,not_assessed_no_threshold_in_this_extract,"One Kassel WtE source composite: 40 increments (about 1.7 Mg) sampled on nine days, then divided into raw and indoor 4-month storage portions. The duplicate leaching determinations and size fractions are nested within this one material lineage.","SI p.22 Table S18 vs p.23 Table S20; Methods §§3.2-3.4; Pb, 4-8 mm","Open CC-BY article and SI Tables S18-S22. Eluate was prepared at L/S=10 L/kg, filtered at 0.45 um, and analysed in duplicate; the Methods do not unambiguously name a test-standard edition. LOD is not numerically specified in the tables. German LAGA/TL benchmarks are not EU-wide rules. Table S20 has one blank Pb cell (8-16 mm); it is coded not reported, not zero or <LOD.",,,,,,,,,,,,,,,,
VATEVA_LANER2020,"Vateva & Laner (2020), Resources 9:66",10.3390/resources9060066,https://doi.org/10.3390/resources9060066,Germany,EU-27 at study publication; single Kassel facility/source,VATEVA2020-Kassel-split-composite,1,VATEVA2020-indoor-storage-4months,indoor storage ageing for 4 months,>31.5 mm,mineral fraction >4 mm eluate,Zn,elemental_leaching_endpoint,L/S=10 L/kg batch eluate; 0.45 um filtration; exact standard edition not explicit in article Methods,10 L/kg,4 months indoor barrel storage,ug/L,8.0,1.3,49.8,30.4,numeric_mean_transcribed_from_public_table,numeric_mean_transcribed_from_public_table,,522.5,1.8285734423507713,higher,,,not_assessed_no_EUwide_limit,not_assessed_no_threshold_in_this_extract,"One Kassel WtE source composite: 40 increments (about 1.7 Mg) sampled on nine days, then divided into raw and indoor 4-month storage portions. The duplicate leaching determinations and size fractions are nested within this one material lineage.","SI p.22 Table S18 vs p.23 Table S20; Methods §§3.2-3.4; Zn, >31.5 mm","Open CC-BY article and SI Tables S18-S22. Eluate was prepared at L/S=10 L/kg, filtered at 0.45 um, and analysed in duplicate; the Methods do not unambiguously name a test-standard edition. LOD is not numerically specified in the tables. German LAGA/TL benchmarks are not EU-wide rules. Table S20 has one blank Pb cell (8-16 mm); it is coded not reported, not zero or <LOD.",,,,,,,,,,,,,,,,
VATEVA_LANER2020,"Vateva & Laner (2020), Resources 9:66",10.3390/resources9060066,https://doi.org/10.3390/resources9060066,Germany,EU-27 at study publication; single Kassel facility/source,VATEVA2020-Kassel-split-composite,1,VATEVA2020-indoor-storage-4months,indoor storage ageing for 4 months,16-31.5 mm,mineral fraction >4 mm eluate,Zn,elemental_leaching_endpoint,L/S=10 L/kg batch eluate; 0.45 um filtration; exact standard edition not explicit in article Methods,10 L/kg,4 months indoor barrel storage,ug/L,11.8,1.8,88.9,88.9,numeric_mean_transcribed_from_public_table,numeric_mean_transcribed_from_public_table,,653.3898305084746,2.01941261104824,higher,,,not_assessed_no_EUwide_limit,not_assessed_no_threshold_in_this_extract,"One Kassel WtE source composite: 40 increments (about 1.7 Mg) sampled on nine days, then divided into raw and indoor 4-month storage portions. The duplicate leaching determinations and size fractions are nested within this one material lineage.","SI p.22 Table S18 vs p.23 Table S20; Methods §§3.2-3.4; Zn, 16-31.5 mm","Open CC-BY article and SI Tables S18-S22. Eluate was prepared at L/S=10 L/kg, filtered at 0.45 um, and analysed in duplicate; the Methods do not unambiguously name a test-standard edition. LOD is not numerically specified in the tables. German LAGA/TL benchmarks are not EU-wide rules. Table S20 has one blank Pb cell (8-16 mm); it is coded not reported, not zero or <LOD.",,,,,,,,,,,,,,,,
VATEVA_LANER2020,"Vateva & Laner (2020), Resources 9:66",10.3390/resources9060066,https://doi.org/10.3390/resources9060066,Germany,EU-27 at study publication; single Kassel facility/source,VATEVA2020-Kassel-split-composite,1,VATEVA2020-indoor-storage-4months,indoor storage ageing for 4 months,8-16 mm,mineral fraction >4 mm eluate,Zn,elemental_leaching_endpoint,L/S=10 L/kg batch eluate; 0.45 um filtration; exact standard edition not explicit in article Methods,10 L/kg,4 months indoor barrel storage,ug/L,13.1,5.4,53.4,12.3,numeric_mean_transcribed_from_public_table,numeric_mean_transcribed_from_public_table,,307.6335877862595,1.4051985157590432,higher,,,not_assessed_no_EUwide_limit,not_assessed_no_threshold_in_this_extract,"One Kassel WtE source composite: 40 increments (about 1.7 Mg) sampled on nine days, then divided into raw and indoor 4-month storage portions. The duplicate leaching determinations and size fractions are nested within this one material lineage.","SI p.22 Table S18 vs p.23 Table S20; Methods §§3.2-3.4; Zn, 8-16 mm","Open CC-BY article and SI Tables S18-S22. Eluate was prepared at L/S=10 L/kg, filtered at 0.45 um, and analysed in duplicate; the Methods do not unambiguously name a test-standard edition. LOD is not numerically specified in the tables. German LAGA/TL benchmarks are not EU-wide rules. Table S20 has one blank Pb cell (8-16 mm); it is coded not reported, not zero or <LOD.",,,,,,,,,,,,,,,,
VATEVA_LANER2020,"Vateva & Laner (2020), Resources 9:66",10.3390/resources9060066,https://doi.org/10.3390/resources9060066,Germany,EU-27 at study publication; single Kassel facility/source,VATEVA2020-Kassel-split-composite,1,VATEVA2020-indoor-storage-4months,indoor storage ageing for 4 months,4-8 mm,mineral fraction >4 mm eluate,Zn,elemental_leaching_endpoint,L/S=10 L/kg batch eluate; 0.45 um filtration; exact standard edition not explicit in article Methods,10 L/kg,4 months indoor barrel storage,ug/L,139.1,119.4,47.8,4.7,numeric_mean_transcribed_from_public_table,numeric_mean_transcribed_from_public_table,,-65.63623292595256,-1.068167459431987,lower,,,not_assessed_no_EUwide_limit,not_assessed_no_threshold_in_this_extract,"One Kassel WtE source composite: 40 increments (about 1.7 Mg) sampled on nine days, then divided into raw and indoor 4-month storage portions. The duplicate leaching determinations and size fractions are nested within this one material lineage.","SI p.22 Table S18 vs p.23 Table S20; Methods §§3.2-3.4; Zn, 4-8 mm","Open CC-BY article and SI Tables S18-S22. Eluate was prepared at L/S=10 L/kg, filtered at 0.45 um, and analysed in duplicate; the Methods do not unambiguously name a test-standard edition. LOD is not numerically specified in the tables. German LAGA/TL benchmarks are not EU-wide rules. Table S20 has one blank Pb cell (8-16 mm); it is coded not reported, not zero or <LOD.",,,,,,,,,,,,,,,,
VATEVA_LANER2020,"Vateva & Laner (2020), Resources 9:66",10.3390/resources9060066,https://doi.org/10.3390/resources9060066,Germany,EU-27 at study publication; single Kassel facility/source,VATEVA2020-Kassel-split-composite,1,VATEVA2020-indoor-storage-4months,indoor storage ageing for 4 months,2-4 mm,mineral fraction <4 mm eluate,pH value,matrix_indicator,L/S=10 L/kg batch eluate; 0.45 um filtration; exact standard edition not explicit in article Methods,10 L/kg,4 months indoor barrel storage,dimensionless,11.1,0.0,10.6,0.0,numeric_mean_transcribed_from_public_table,numeric_mean_transcribed_from_public_table,,-4.504504504504505,-0.046091107200266976,lower,,,not_assessed_no_EUwide_limit,not_assessed_no_threshold_in_this_extract,"One Kassel WtE source composite: 40 increments (about 1.7 Mg) sampled on nine days, then divided into raw and indoor 4-month storage portions. The duplicate leaching determinations and size fractions are nested within this one material lineage.","SI p.22 Table S19 vs p.23 Table S21; Methods §§3.2-3.4; pH value, 2-4 mm","Open CC-BY article and SI Tables S18-S22. Eluate was prepared at L/S=10 L/kg, filtered at 0.45 um, and analysed in duplicate; the Methods do not unambiguously name a test-standard edition. LOD is not numerically specified in the tables. German LAGA/TL benchmarks are not EU-wide rules. Table S20 has one blank Pb cell (8-16 mm); it is coded not reported, not zero or <LOD.",,,,,,,,,,,,,,,,
VATEVA_LANER2020,"Vateva & Laner (2020), Resources 9:66",10.3390/resources9060066,https://doi.org/10.3390/resources9060066,Germany,EU-27 at study publication; single Kassel facility/source,VATEVA2020-Kassel-split-composite,1,VATEVA2020-indoor-storage-4months,indoor storage ageing for 4 months,1-2 mm,mineral fraction <4 mm eluate,pH value,matrix_indicator,L/S=10 L/kg batch eluate; 0.45 um filtration; exact standard edition not explicit in article Methods,10 L/kg,4 months indoor barrel storage,dimensionless,11.6,0.0,10.5,0.0,numeric_mean_transcribed_from_public_table,numeric_mean_transcribed_from_public_table,,-9.482758620689653,-0.0996298409488413,lower,,,not_assessed_no_EUwide_limit,not_assessed_no_threshold_in_this_extract,"One Kassel WtE source composite: 40 increments (about 1.7 Mg) sampled on nine days, then divided into raw and indoor 4-month storage portions. The duplicate leaching determinations and size fractions are nested within this one material lineage.","SI p.22 Table S19 vs p.23 Table S21; Methods §§3.2-3.4; pH value, 1-2 mm","Open CC-BY article and SI Tables S18-S22. Eluate was prepared at L/S=10 L/kg, filtered at 0.45 um, and analysed in duplicate; the Methods do not unambiguously name a test-standard edition. LOD is not numerically specified in the tables. German LAGA/TL benchmarks are not EU-wide rules. Table S20 has one blank Pb cell (8-16 mm); it is coded not reported, not zero or <LOD.",,,,,,,,,,,,,,,,
VATEVA_LANER2020,"Vateva & Laner (2020), Resources 9:66",10.3390/resources9060066,https://doi.org/10.3390/resources9060066,Germany,EU-27 at study publication; single Kassel facility/source,VATEVA2020-Kassel-split-composite,1,VATEVA2020-indoor-storage-4months,indoor storage ageing for 4 months,0.063-1 mm,mineral fraction <4 mm eluate,pH value,matrix_indicator,L/S=10 L/kg batch eluate; 0.45 um filtration; exact standard edition not explicit in article Methods,10 L/kg,4 months indoor barrel storage,dimensionless,12.0,0.1,10.7,0.0,numeric_mean_transcribed_from_public_table,numeric_mean_transcribed_from_public_table,,-10.833333333333337,-0.11466290832013988,lower,,,not_assessed_no_EUwide_limit,not_assessed_no_threshold_in_this_extract,"One Kassel WtE source composite: 40 increments (about 1.7 Mg) sampled on nine days, then divided into raw and indoor 4-month storage portions. The duplicate leaching determinations and size fractions are nested within this one material lineage.","SI p.22 Table S19 vs p.23 Table S21; Methods §§3.2-3.4; pH value, 0.063-1 mm","Open CC-BY article and SI Tables S18-S22. Eluate was prepared at L/S=10 L/kg, filtered at 0.45 um, and analysed in duplicate; the Methods do not unambiguously name a test-standard edition. LOD is not numerically specified in the tables. German LAGA/TL benchmarks are not EU-wide rules. Table S20 has one blank Pb cell (8-16 mm); it is coded not reported, not zero or <LOD.",,,,,,,,,,,,,,,,
VATEVA_LANER2020,"Vateva & Laner (2020), Resources 9:66",10.3390/resources9060066,https://doi.org/10.3390/resources9060066,Germany,EU-27 at study publication; single Kassel facility/source,VATEVA2020-Kassel-split-composite,1,VATEVA2020-indoor-storage-4months,indoor storage ageing for 4 months,<0.063 mm,mineral fraction <4 mm eluate,pH value,matrix_indicator,L/S=10 L/kg batch eluate; 0.45 um filtration; exact standard edition not explicit in article Methods,10 L/kg,4 months indoor barrel storage,dimensionless,11.8,0.1,10.4,0.0,numeric_mean_transcribed_from_public_table,numeric_mean_transcribed_from_public_table,,-11.864406779661019,-0.12629372532429212,lower,,,not_assessed_no_EUwide_limit,not_assessed_no_threshold_in_this_extract,"One Kassel WtE source composite: 40 increments (about 1.7 Mg) sampled on nine days, then divided into raw and indoor 4-month storage portions. The duplicate leaching determinations and size fractions are nested within this one material lineage.","SI p.22 Table S19 vs p.23 Table S21; Methods §§3.2-3.4; pH value, <0.063 mm","Open CC-BY article and SI Tables S18-S22. Eluate was prepared at L/S=10 L/kg, filtered at 0.45 um, and analysed in duplicate; the Methods do not unambiguously name a test-standard edition. LOD is not numerically specified in the tables. German LAGA/TL benchmarks are not EU-wide rules. Table S20 has one blank Pb cell (8-16 mm); it is coded not reported, not zero or <LOD.",,,,,,,,,,,,,,,,
VATEVA_LANER2020,"Vateva & Laner (2020), Resources 9:66",10.3390/resources9060066,https://doi.org/10.3390/resources9060066,Germany,EU-27 at study publication; single Kassel facility/source,VATEVA2020-Kassel-split-composite,1,VATEVA2020-indoor-storage-4months,indoor storage ageing for 4 months,2-4 mm,mineral fraction <4 mm eluate,Conductivity,salt_proxy,L/S=10 L/kg batch eluate; 0.45 um filtration; exact standard edition not explicit in article Methods,10 L/kg,4 months indoor barrel storage,uS/cm,3320.0,70.7,2800.0,141.4,numeric_mean_transcribed_from_public_table,numeric_mean_transcribed_from_public_table,,-15.662650602409638,-0.17034536574723888,lower,,,not_assessed_no_EUwide_limit,not_assessed_no_threshold_in_this_extract,"One Kassel WtE source composite: 40 increments (about 1.7 Mg) sampled on nine days, then divided into raw and indoor 4-month storage portions. The duplicate leaching determinations and size fractions are nested within this one material lineage.","SI p.22 Table S19 vs p.23 Table S21; Methods §§3.2-3.4; Conductivity, 2-4 mm","Open CC-BY article and SI Tables S18-S22. Eluate was prepared at L/S=10 L/kg, filtered at 0.45 um, and analysed in duplicate; the Methods do not unambiguously name a test-standard edition. LOD is not numerically specified in the tables. German LAGA/TL benchmarks are not EU-wide rules. Table S20 has one blank Pb cell (8-16 mm); it is coded not reported, not zero or <LOD.",,,,,,,,,,,,,,,,
VATEVA_LANER2020,"Vateva & Laner (2020), Resources 9:66",10.3390/resources9060066,https://doi.org/10.3390/resources9060066,Germany,EU-27 at study publication; single Kassel facility/source,VATEVA2020-Kassel-split-composite,1,VATEVA2020-indoor-storage-4months,indoor storage ageing for 4 months,1-2 mm,mineral fraction <4 mm eluate,Conductivity,salt_proxy,L/S=10 L/kg batch eluate; 0.45 um filtration; exact standard edition not explicit in article Methods,10 L/kg,4 months indoor barrel storage,uS/cm,4060.0,4060.0,3465.0,35.4,numeric_mean_transcribed_from_public_table,numeric_mean_transcribed_from_public_table,,-14.655172413793103,-0.15847034097177473,lower,,,not_assessed_no_EUwide_limit,not_assessed_no_threshold_in_this_extract,"One Kassel WtE source composite: 40 increments (about 1.7 Mg) sampled on nine days, then divided into raw and indoor 4-month storage portions. The duplicate leaching determinations and size fractions are nested within this one material lineage.","SI p.22 Table S19 vs p.23 Table S21; Methods §§3.2-3.4; Conductivity, 1-2 mm","Open CC-BY article and SI Tables S18-S22. Eluate was prepared at L/S=10 L/kg, filtered at 0.45 um, and analysed in duplicate; the Methods do not unambiguously name a test-standard edition. LOD is not numerically specified in the tables. German LAGA/TL benchmarks are not EU-wide rules. Table S20 has one blank Pb cell (8-16 mm); it is coded not reported, not zero or <LOD.",,,,,,,,,,,,,,,,
VATEVA_LANER2020,"Vateva & Laner (2020), Resources 9:66",10.3390/resources9060066,https://doi.org/10.3390/resources9060066,Germany,EU-27 at study publication; single Kassel facility/source,VATEVA2020-Kassel-split-composite,1,VATEVA2020-indoor-storage-4months,indoor storage ageing for 4 months,0.063-1 mm,mineral fraction <4 mm eluate,Conductivity,salt_proxy,L/S=10 L/kg batch eluate; 0.45 um filtration; exact standard edition not explicit in article Methods,10 L/kg,4 months indoor barrel storage,uS/cm,5640.0,28.3,3215.0,1067.7,numeric_mean_transcribed_from_public_table,numeric_mean_transcribed_from_public_table,,-42.99645390070922,-0.5620567078203849,lower,,,not_assessed_no_EUwide_limit,not_assessed_no_threshold_in_this_extract,"One Kassel WtE source composite: 40 increments (about 1.7 Mg) sampled on nine days, then divided into raw and indoor 4-month storage portions. The duplicate leaching determinations and size fractions are nested within this one material lineage.","SI p.22 Table S19 vs p.23 Table S21; Methods §§3.2-3.4; Conductivity, 0.063-1 mm","Open CC-BY article and SI Tables S18-S22. Eluate was prepared at L/S=10 L/kg, filtered at 0.45 um, and analysed in duplicate; the Methods do not unambiguously name a test-standard edition. LOD is not numerically specified in the tables. German LAGA/TL benchmarks are not EU-wide rules. Table S20 has one blank Pb cell (8-16 mm); it is coded not reported, not zero or <LOD.",,,,,,,,,,,,,,,,
VATEVA_LANER2020,"Vateva & Laner (2020), Resources 9:66",10.3390/resources9060066,https://doi.org/10.3390/resources9060066,Germany,EU-27 at study publication; single Kassel facility/source,VATEVA2020-Kassel-split-composite,1,VATEVA2020-indoor-storage-4months,indoor storage ageing for 4 months,<0.063 mm,mineral fraction <4 mm eluate,Conductivity,salt_proxy,L/S=10 L/kg batch eluate; 0.45 um filtration; exact standard edition not explicit in article Methods,10 L/kg,4 months indoor barrel storage,uS/cm,7565.0,1011.2,6390.0,113.1,numeric_mean_transcribed_from_public_table,numeric_mean_transcribed_from_public_table,,-15.532055518836748,-0.16879807885087583,lower,,,not_assessed_no_EUwide_limit,not_assessed_no_threshold_in_this_extract,"One Kassel WtE source composite: 40 increments (about 1.7 Mg) sampled on nine days, then divided into raw and indoor 4-month storage portions. The duplicate leaching determinations and size fractions are nested within this one material lineage.","SI p.22 Table S19 vs p.23 Table S21; Methods §§3.2-3.4; Conductivity, <0.063 mm","Open CC-BY article and SI Tables S18-S22. Eluate was prepared at L/S=10 L/kg, filtered at 0.45 um, and analysed in duplicate; the Methods do not unambiguously name a test-standard edition. LOD is not numerically specified in the tables. German LAGA/TL benchmarks are not EU-wide rules. Table S20 has one blank Pb cell (8-16 mm); it is coded not reported, not zero or <LOD.",,,,,,,,,,,,,,,,
VATEVA_LANER2020,"Vateva & Laner (2020), Resources 9:66",10.3390/resources9060066,https://doi.org/10.3390/resources9060066,Germany,EU-27 at study publication; single Kassel facility/source,VATEVA2020-Kassel-split-composite,1,VATEVA2020-indoor-storage-4months,indoor storage ageing for 4 months,2-4 mm,mineral fraction <4 mm eluate,Cl-,salt_anion,L/S=10 L/kg batch eluate; 0.45 um filtration; exact standard edition not explicit in article Methods,10 L/kg,4 months indoor barrel storage,mg/L,395.0,21.2,340.0,0.0,numeric_mean_transcribed_from_public_table,numeric_mean_transcribed_from_public_table,,-13.924050632911392,-0.14994014729091476,lower,,,not_assessed_no_EUwide_limit,not_assessed_no_threshold_in_this_extract,"One Kassel WtE source composite: 40 increments (about 1.7 Mg) sampled on nine days, then divided into raw and indoor 4-month storage portions. The duplicate leaching determinations and size fractions are nested within this one material lineage.","SI p.22 Table S19 vs p.23 Table S21; Methods §§3.2-3.4; Cl-, 2-4 mm","Open CC-BY article and SI Tables S18-S22. Eluate was prepared at L/S=10 L/kg, filtered at 0.45 um, and analysed in duplicate; the Methods do not unambiguously name a test-standard edition. LOD is not numerically specified in the tables. German LAGA/TL benchmarks are not EU-wide rules. Table S20 has one blank Pb cell (8-16 mm); it is coded not reported, not zero or <LOD.",,,,,,,,,,,,,,,,
VATEVA_LANER2020,"Vateva & Laner (2020), Resources 9:66",10.3390/resources9060066,https://doi.org/10.3390/resources9060066,Germany,EU-27 at study publication; single Kassel facility/source,VATEVA2020-Kassel-split-composite,1,VATEVA2020-indoor-storage-4months,indoor storage ageing for 4 months,1-2 mm,mineral fraction <4 mm eluate,Cl-,salt_anion,L/S=10 L/kg batch eluate; 0.45 um filtration; exact standard edition not explicit in article Methods,10 L/kg,4 months indoor barrel storage,mg/L,505.0,7.1,520.0,42.4,numeric_mean_transcribed_from_public_table,numeric_mean_transcribed_from_public_table,,2.9702970297029703,0.029270382300113237,higher,,,not_assessed_no_EUwide_limit,not_assessed_no_threshold_in_this_extract,"One Kassel WtE source composite: 40 increments (about 1.7 Mg) sampled on nine days, then divided into raw and indoor 4-month storage portions. The duplicate leaching determinations and size fractions are nested within this one material lineage.","SI p.22 Table S19 vs p.23 Table S21; Methods §§3.2-3.4; Cl-, 1-2 mm","Open CC-BY article and SI Tables S18-S22. Eluate was prepared at L/S=10 L/kg, filtered at 0.45 um, and analysed in duplicate; the Methods do not unambiguously name a test-standard edition. LOD is not numerically specified in the tables. German LAGA/TL benchmarks are not EU-wide rules. Table S20 has one blank Pb cell (8-16 mm); it is coded not reported, not zero or <LOD.",,,,,,,,,,,,,,,,
VATEVA_LANER2020,"Vateva & Laner (2020), Resources 9:66",10.3390/resources9060066,https://doi.org/10.3390/resources9060066,Germany,EU-27 at study publication; single Kassel facility/source,VATEVA2020-Kassel-split-composite,1,VATEVA2020-indoor-storage-4months,indoor storage ageing for 4 months,0.063-1 mm,mineral fraction <4 mm eluate,Cl-,salt_anion,L/S=10 L/kg batch eluate; 0.45 um filtration; exact standard edition not explicit in article Methods,10 L/kg,4 months indoor barrel storage,mg/L,595.0,7.1,500.0,226.3,numeric_mean_transcribed_from_public_table,numeric_mean_transcribed_from_public_table,,-15.966386554621849,-0.173953307123438,lower,,,not_assessed_no_EUwide_limit,not_assessed_no_threshold_in_this_extract,"One Kassel WtE source composite: 40 increments (about 1.7 Mg) sampled on nine days, then divided into raw and indoor 4-month storage portions. The duplicate leaching determinations and size fractions are nested within this one material lineage.","SI p.22 Table S19 vs p.23 Table S21; Methods §§3.2-3.4; Cl-, 0.063-1 mm","Open CC-BY article and SI Tables S18-S22. Eluate was prepared at L/S=10 L/kg, filtered at 0.45 um, and analysed in duplicate; the Methods do not unambiguously name a test-standard edition. LOD is not numerically specified in the tables. German LAGA/TL benchmarks are not EU-wide rules. Table S20 has one blank Pb cell (8-16 mm); it is coded not reported, not zero or <LOD.",,,,,,,,,,,,,,,,
VATEVA_LANER2020,"Vateva & Laner (2020), Resources 9:66",10.3390/resources9060066,https://doi.org/10.3390/resources9060066,Germany,EU-27 at study publication; single Kassel facility/source,VATEVA2020-Kassel-split-composite,1,VATEVA2020-indoor-storage-4months,indoor storage ageing for 4 months,<0.063 mm,mineral fraction <4 mm eluate,Cl-,salt_anion,L/S=10 L/kg batch eluate; 0.45 um filtration; exact standard edition not explicit in article Methods,10 L/kg,4 months indoor barrel storage,mg/L,1150.0,70.7,1250.0,70.7,numeric_mean_transcribed_from_public_table,numeric_mean_transcribed_from_public_table,,8.695652173913043,0.083381608939051,higher,,,not_assessed_no_EUwide_limit,not_assessed_no_threshold_in_this_extract,"One Kassel WtE source composite: 40 increments (about 1.7 Mg) sampled on nine days, then divided into raw and indoor 4-month storage portions. The duplicate leaching determinations and size fractions are nested within this one material lineage.","SI p.22 Table S19 vs p.23 Table S21; Methods §§3.2-3.4; Cl-, <0.063 mm","Open CC-BY article and SI Tables S18-S22. Eluate was prepared at L/S=10 L/kg, filtered at 0.45 um, and analysed in duplicate; the Methods do not unambiguously name a test-standard edition. LOD is not numerically specified in the tables. German LAGA/TL benchmarks are not EU-wide rules. Table S20 has one blank Pb cell (8-16 mm); it is coded not reported, not zero or <LOD.",,,,,,,,,,,,,,,,
VATEVA_LANER2020,"Vateva & Laner (2020), Resources 9:66",10.3390/resources9060066,https://doi.org/10.3390/resources9060066,Germany,EU-27 at study publication; single Kassel facility/source,VATEVA2020-Kassel-split-composite,1,VATEVA2020-indoor-storage-4months,indoor storage ageing for 4 months,2-4 mm,mineral fraction <4 mm eluate,SO4(2-),salt_anion,L/S=10 L/kg batch eluate; 0.45 um filtration; exact standard edition not explicit in article Methods,10 L/kg,4 months indoor barrel storage,mg/L,1300.0,0.0,985.0,21.2,numeric_mean_transcribed_from_public_table,numeric_mean_transcribed_from_public_table,,-24.23076923076923,-0.27747790227753927,lower,,,not_assessed_no_EUwide_limit,not_assessed_no_threshold_in_this_extract,"One Kassel WtE source composite: 40 increments (about 1.7 Mg) sampled on nine days, then divided into raw and indoor 4-month storage portions. The duplicate leaching determinations and size fractions are nested within this one material lineage.","SI p.22 Table S19 vs p.23 Table S21; Methods §§3.2-3.4; SO4(2-), 2-4 mm","Open CC-BY article and SI Tables S18-S22. Eluate was prepared at L/S=10 L/kg, filtered at 0.45 um, and analysed in duplicate; the Methods do not unambiguously name a test-standard edition. LOD is not numerically specified in the tables. German LAGA/TL benchmarks are not EU-wide rules. Table S20 has one blank Pb cell (8-16 mm); it is coded not reported, not zero or <LOD.",,,,,,,,,,,,,,,,
VATEVA_LANER2020,"Vateva & Laner (2020), Resources 9:66",10.3390/resources9060066,https://doi.org/10.3390/resources9060066,Germany,EU-27 at study publication; single Kassel facility/source,VATEVA2020-Kassel-split-composite,1,VATEVA2020-indoor-storage-4months,indoor storage ageing for 4 months,1-2 mm,mineral fraction <4 mm eluate,SO4(2-),salt_anion,L/S=10 L/kg batch eluate; 0.45 um filtration; exact standard edition not explicit in article Methods,10 L/kg,4 months indoor barrel storage,mg/L,1050.0,70.7,1000.0,0.0,numeric_mean_transcribed_from_public_table,numeric_mean_transcribed_from_public_table,,-4.761904761904762,-0.048790164169432056,lower,,,not_assessed_no_EUwide_limit,not_assessed_no_threshold_in_this_extract,"One Kassel WtE source composite: 40 increments (about 1.7 Mg) sampled on nine days, then divided into raw and indoor 4-month storage portions. The duplicate leaching determinations and size fractions are nested within this one material lineage.","SI p.22 Table S19 vs p.23 Table S21; Methods §§3.2-3.4; SO4(2-), 1-2 mm","Open CC-BY article and SI Tables S18-S22. Eluate was prepared at L/S=10 L/kg, filtered at 0.45 um, and analysed in duplicate; the Methods do not unambiguously name a test-standard edition. LOD is not numerically specified in the tables. German LAGA/TL benchmarks are not EU-wide rules. Table S20 has one blank Pb cell (8-16 mm); it is coded not reported, not zero or <LOD.",,,,,,,,,,,,,,,,
VATEVA_LANER2020,"Vateva & Laner (2020), Resources 9:66",10.3390/resources9060066,https://doi.org/10.3390/resources9060066,Germany,EU-27 at study publication; single Kassel facility/source,VATEVA2020-Kassel-split-composite,1,VATEVA2020-indoor-storage-4months,indoor storage ageing for 4 months,0.063-1 mm,mineral fraction <4 mm eluate,SO4(2-),salt_anion,L/S=10 L/kg batch eluate; 0.45 um filtration; exact standard edition not explicit in article Methods,10 L/kg,4 months indoor barrel storage,mg/L,1350.0,70.7,890.0,297.0,numeric_mean_transcribed_from_public_table,numeric_mean_transcribed_from_public_table,,-34.074074074074076,-0.4166384087062897,lower,,,not_assessed_no_EUwide_limit,not_assessed_no_threshold_in_this_extract,"One Kassel WtE source composite: 40 increments (about 1.7 Mg) sampled on nine days, then divided into raw and indoor 4-month storage portions. The duplicate leaching determinations and size fractions are nested within this one material lineage.","SI p.22 Table S19 vs p.23 Table S21; Methods §§3.2-3.4; SO4(2-), 0.063-1 mm","Open CC-BY article and SI Tables S18-S22. Eluate was prepared at L/S=10 L/kg, filtered at 0.45 um, and analysed in duplicate; the Methods do not unambiguously name a test-standard edition. LOD is not numerically specified in the tables. German LAGA/TL benchmarks are not EU-wide rules. Table S20 has one blank Pb cell (8-16 mm); it is coded not reported, not zero or <LOD.",,,,,,,,,,,,,,,,
VATEVA_LANER2020,"Vateva & Laner (2020), Resources 9:66",10.3390/resources9060066,https://doi.org/10.3390/resources9060066,Germany,EU-27 at study publication; single Kassel facility/source,VATEVA2020-Kassel-split-composite,1,VATEVA2020-indoor-storage-4months,indoor storage ageing for 4 months,<0.063 mm,mineral fraction <4 mm eluate,SO4(2-),salt_anion,L/S=10 L/kg batch eluate; 0.45 um filtration; exact standard edition not explicit in article Methods,10 L/kg,4 months indoor barrel storage,mg/L,1350.0,70.7,1700.0,0.0,numeric_mean_transcribed_from_public_table,numeric_mean_transcribed_from_public_table,,25.925925925925927,0.23052365861183235,higher,,,not_assessed_no_EUwide_limit,not_assessed_no_threshold_in_this_extract,"One Kassel WtE source composite: 40 increments (about 1.7 Mg) sampled on nine days, then divided into raw and indoor 4-month storage portions. The duplicate leaching determinations and size fractions are nested within this one material lineage.","SI p.22 Table S19 vs p.23 Table S21; Methods §§3.2-3.4; SO4(2-), <0.063 mm","Open CC-BY article and SI Tables S18-S22. Eluate was prepared at L/S=10 L/kg, filtered at 0.45 um, and analysed in duplicate; the Methods do not unambiguously name a test-standard edition. LOD is not numerically specified in the tables. German LAGA/TL benchmarks are not EU-wide rules. Table S20 has one blank Pb cell (8-16 mm); it is coded not reported, not zero or <LOD.",,,,,,,,,,,,,,,,
VATEVA_LANER2020,"Vateva & Laner (2020), Resources 9:66",10.3390/resources9060066,https://doi.org/10.3390/resources9060066,Germany,EU-27 at study publication; single Kassel facility/source,VATEVA2020-Kassel-split-composite,1,VATEVA2020-indoor-storage-4months,indoor storage ageing for 4 months,2-4 mm,mineral fraction <4 mm eluate,As,elemental_leaching_endpoint,L/S=10 L/kg batch eluate; 0.45 um filtration; exact standard edition not explicit in article Methods,10 L/kg,4 months indoor barrel storage,ug/L,3.0,0.0,8.5,7.8,numeric_mean_transcribed_from_public_table,numeric_mean_transcribed_from_public_table,,183.33333333333334,1.0414538748281612,higher,,,not_assessed_no_EUwide_limit,not_assessed_no_threshold_in_this_extract,"One Kassel WtE source composite: 40 increments (about 1.7 Mg) sampled on nine days, then divided into raw and indoor 4-month storage portions. The duplicate leaching determinations and size fractions are nested within this one material lineage.","SI p.22 Table S19 vs p.23 Table S21; Methods §§3.2-3.4; As, 2-4 mm","Open CC-BY article and SI Tables S18-S22. Eluate was prepared at L/S=10 L/kg, filtered at 0.45 um, and analysed in duplicate; the Methods do not unambiguously name a test-standard edition. LOD is not numerically specified in the tables. German LAGA/TL benchmarks are not EU-wide rules. Table S20 has one blank Pb cell (8-16 mm); it is coded not reported, not zero or <LOD.",,,,,,,,,,,,,,,,
VATEVA_LANER2020,"Vateva & Laner (2020), Resources 9:66",10.3390/resources9060066,https://doi.org/10.3390/resources9060066,Germany,EU-27 at study publication; single Kassel facility/source,VATEVA2020-Kassel-split-composite,1,VATEVA2020-indoor-storage-4months,indoor storage ageing for 4 months,1-2 mm,mineral fraction <4 mm eluate,As,elemental_leaching_endpoint,L/S=10 L/kg batch eluate; 0.45 um filtration; exact standard edition not explicit in article Methods,10 L/kg,4 months indoor barrel storage,ug/L,1.0,0.0,3.5,2.1,numeric_mean_transcribed_from_public_table,numeric_mean_transcribed_from_public_table,,250.0,1.252762968495368,higher,,,not_assessed_no_EUwide_limit,not_assessed_no_threshold_in_this_extract,"One Kassel WtE source composite: 40 increments (about 1.7 Mg) sampled on nine days, then divided into raw and indoor 4-month storage portions. The duplicate leaching determinations and size fractions are nested within this one material lineage.","SI p.22 Table S19 vs p.23 Table S21; Methods §§3.2-3.4; As, 1-2 mm","Open CC-BY article and SI Tables S18-S22. Eluate was prepared at L/S=10 L/kg, filtered at 0.45 um, and analysed in duplicate; the Methods do not unambiguously name a test-standard edition. LOD is not numerically specified in the tables. German LAGA/TL benchmarks are not EU-wide rules. Table S20 has one blank Pb cell (8-16 mm); it is coded not reported, not zero or <LOD.",,,,,,,,,,,,,,,,
VATEVA_LANER2020,"Vateva & Laner (2020), Resources 9:66",10.3390/resources9060066,https://doi.org/10.3390/resources9060066,Germany,EU-27 at study publication; single Kassel facility/source,VATEVA2020-Kassel-split-composite,1,VATEVA2020-indoor-storage-4months,indoor storage ageing for 4 months,0.063-1 mm,mineral fraction <4 mm eluate,As,elemental_leaching_endpoint,L/S=10 L/kg batch eluate; 0.45 um filtration; exact standard edition not explicit in article Methods,10 L/kg,4 months indoor barrel storage,ug/L,,,0.5,0.7,left_censored_below_LOD; numerical_LOD_not_reported,numeric_mean_transcribed_from_public_table,,,,not_estimable,,,not_assessed_no_EUwide_limit,not_assessed_no_threshold_in_this_extract,"One Kassel WtE source composite: 40 increments (about 1.7 Mg) sampled on nine days, then divided into raw and indoor 4-month storage portions. The duplicate leaching determinations and size fractions are nested within this one material lineage.","SI p.22 Table S19 vs p.23 Table S21; Methods §§3.2-3.4; As, 0.063-1 mm","Open CC-BY article and SI Tables S18-S22. Eluate was prepared at L/S=10 L/kg, filtered at 0.45 um, and analysed in duplicate; the Methods do not unambiguously name a test-standard edition. LOD is not numerically specified in the tables. German LAGA/TL benchmarks are not EU-wide rules. Table S20 has one blank Pb cell (8-16 mm); it is coded not reported, not zero or <LOD.",,,,,,,,,,,,,,,,
VATEVA_LANER2020,"Vateva & Laner (2020), Resources 9:66",10.3390/resources9060066,https://doi.org/10.3390/resources9060066,Germany,EU-27 at study publication; single Kassel facility/source,VATEVA2020-Kassel-split-composite,1,VATEVA2020-indoor-storage-4months,indoor storage ageing for 4 months,<0.063 mm,mineral fraction <4 mm eluate,As,elemental_leaching_endpoint,L/S=10 L/kg batch eluate; 0.45 um filtration; exact standard edition not explicit in article Methods,10 L/kg,4 months indoor barrel storage,ug/L,1.0,0.0,2.5,0.7,numeric_mean_transcribed_from_public_table,numeric_mean_transcribed_from_public_table,,150.0,0.9162907318741551,higher,,,not_assessed_no_EUwide_limit,not_assessed_no_threshold_in_this_extract,"One Kassel WtE source composite: 40 increments (about 1.7 Mg) sampled on nine days, then divided into raw and indoor 4-month storage portions. The duplicate leaching determinations and size fractions are nested within this one material lineage.","SI p.22 Table S19 vs p.23 Table S21; Methods §§3.2-3.4; As, <0.063 mm","Open CC-BY article and SI Tables S18-S22. Eluate was prepared at L/S=10 L/kg, filtered at 0.45 um, and analysed in duplicate; the Methods do not unambiguously name a test-standard edition. LOD is not numerically specified in the tables. German LAGA/TL benchmarks are not EU-wide rules. Table S20 has one blank Pb cell (8-16 mm); it is coded not reported, not zero or <LOD.",,,,,,,,,,,,,,,,
VATEVA_LANER2020,"Vateva & Laner (2020), Resources 9:66",10.3390/resources9060066,https://doi.org/10.3390/resources9060066,Germany,EU-27 at study publication; single Kassel facility/source,VATEVA2020-Kassel-split-composite,1,VATEVA2020-indoor-storage-4months,indoor storage ageing for 4 months,2-4 mm,mineral fraction <4 mm eluate,Cd,elemental_leaching_endpoint,L/S=10 L/kg batch eluate; 0.45 um filtration; exact standard edition not explicit in article Methods,10 L/kg,4 months indoor barrel storage,ug/L,0.5,0.0,0.4,0.1,numeric_mean_transcribed_from_public_table,numeric_mean_transcribed_from_public_table,,-19.999999999999996,-0.2231435513142097,lower,,,not_assessed_no_EUwide_limit,not_assessed_no_threshold_in_this_extract,"One Kassel WtE source composite: 40 increments (about 1.7 Mg) sampled on nine days, then divided into raw and indoor 4-month storage portions. The duplicate leaching determinations and size fractions are nested within this one material lineage.","SI p.22 Table S19 vs p.23 Table S21; Methods §§3.2-3.4; Cd, 2-4 mm","Open CC-BY article and SI Tables S18-S22. Eluate was prepared at L/S=10 L/kg, filtered at 0.45 um, and analysed in duplicate; the Methods do not unambiguously name a test-standard edition. LOD is not numerically specified in the tables. German LAGA/TL benchmarks are not EU-wide rules. Table S20 has one blank Pb cell (8-16 mm); it is coded not reported, not zero or <LOD.",,,,,,,,,,,,,,,,
VATEVA_LANER2020,"Vateva & Laner (2020), Resources 9:66",10.3390/resources9060066,https://doi.org/10.3390/resources9060066,Germany,EU-27 at study publication; single Kassel facility/source,VATEVA2020-Kassel-split-composite,1,VATEVA2020-indoor-storage-4months,indoor storage ageing for 4 months,1-2 mm,mineral fraction <4 mm eluate,Cd,elemental_leaching_endpoint,L/S=10 L/kg batch eluate; 0.45 um filtration; exact standard edition not explicit in article Methods,10 L/kg,4 months indoor barrel storage,ug/L,0.6,0.1,0.6,0.1,numeric_mean_transcribed_from_public_table,numeric_mean_transcribed_from_public_table,,0.0,0.0,same_at_displayed_precision,,,not_assessed_no_EUwide_limit,not_assessed_no_threshold_in_this_extract,"One Kassel WtE source composite: 40 increments (about 1.7 Mg) sampled on nine days, then divided into raw and indoor 4-month storage portions. The duplicate leaching determinations and size fractions are nested within this one material lineage.","SI p.22 Table S19 vs p.23 Table S21; Methods §§3.2-3.4; Cd, 1-2 mm","Open CC-BY article and SI Tables S18-S22. Eluate was prepared at L/S=10 L/kg, filtered at 0.45 um, and analysed in duplicate; the Methods do not unambiguously name a test-standard edition. LOD is not numerically specified in the tables. German LAGA/TL benchmarks are not EU-wide rules. Table S20 has one blank Pb cell (8-16 mm); it is coded not reported, not zero or <LOD.",,,,,,,,,,,,,,,,
VATEVA_LANER2020,"Vateva & Laner (2020), Resources 9:66",10.3390/resources9060066,https://doi.org/10.3390/resources9060066,Germany,EU-27 at study publication; single Kassel facility/source,VATEVA2020-Kassel-split-composite,1,VATEVA2020-indoor-storage-4months,indoor storage ageing for 4 months,0.063-1 mm,mineral fraction <4 mm eluate,Cd,elemental_leaching_endpoint,L/S=10 L/kg batch eluate; 0.45 um filtration; exact standard edition not explicit in article Methods,10 L/kg,4 months indoor barrel storage,ug/L,0.5,0.1,0.5,0.2,numeric_mean_transcribed_from_public_table,numeric_mean_transcribed_from_public_table,,0.0,0.0,same_at_displayed_precision,,,not_assessed_no_EUwide_limit,not_assessed_no_threshold_in_this_extract,"One Kassel WtE source composite: 40 increments (about 1.7 Mg) sampled on nine days, then divided into raw and indoor 4-month storage portions. The duplicate leaching determinations and size fractions are nested within this one material lineage.","SI p.22 Table S19 vs p.23 Table S21; Methods §§3.2-3.4; Cd, 0.063-1 mm","Open CC-BY article and SI Tables S18-S22. Eluate was prepared at L/S=10 L/kg, filtered at 0.45 um, and analysed in duplicate; the Methods do not unambiguously name a test-standard edition. LOD is not numerically specified in the tables. German LAGA/TL benchmarks are not EU-wide rules. Table S20 has one blank Pb cell (8-16 mm); it is coded not reported, not zero or <LOD.",,,,,,,,,,,,,,,,
VATEVA_LANER2020,"Vateva & Laner (2020), Resources 9:66",10.3390/resources9060066,https://doi.org/10.3390/resources9060066,Germany,EU-27 at study publication; single Kassel facility/source,VATEVA2020-Kassel-split-composite,1,VATEVA2020-indoor-storage-4months,indoor storage ageing for 4 months,<0.063 mm,mineral fraction <4 mm eluate,Cd,elemental_leaching_endpoint,L/S=10 L/kg batch eluate; 0.45 um filtration; exact standard edition not explicit in article Methods,10 L/kg,4 months indoor barrel storage,ug/L,1.9,0.9,1.9,0.2,numeric_mean_transcribed_from_public_table,numeric_mean_transcribed_from_public_table,,0.0,0.0,same_at_displayed_precision,,,not_assessed_no_EUwide_limit,not_assessed_no_threshold_in_this_extract,"One Kassel WtE source composite: 40 increments (about 1.7 Mg) sampled on nine days, then divided into raw and indoor 4-month storage portions. The duplicate leaching determinations and size fractions are nested within this one material lineage.","SI p.22 Table S19 vs p.23 Table S21; Methods §§3.2-3.4; Cd, <0.063 mm","Open CC-BY article and SI Tables S18-S22. Eluate was prepared at L/S=10 L/kg, filtered at 0.45 um, and analysed in duplicate; the Methods do not unambiguously name a test-standard edition. LOD is not numerically specified in the tables. German LAGA/TL benchmarks are not EU-wide rules. Table S20 has one blank Pb cell (8-16 mm); it is coded not reported, not zero or <LOD.",,,,,,,,,,,,,,,,
VATEVA_LANER2020,"Vateva & Laner (2020), Resources 9:66",10.3390/resources9060066,https://doi.org/10.3390/resources9060066,Germany,EU-27 at study publication; single Kassel facility/source,VATEVA2020-Kassel-split-composite,1,VATEVA2020-indoor-storage-4months,indoor storage ageing for 4 months,2-4 mm,mineral fraction <4 mm eluate,Cr,elemental_leaching_endpoint,L/S=10 L/kg batch eluate; 0.45 um filtration; exact standard edition not explicit in article Methods,10 L/kg,4 months indoor barrel storage,ug/L,2.5,0.7,48.0,8.5,numeric_mean_transcribed_from_public_table,numeric_mean_transcribed_from_public_table,,1820.0,2.954910279033736,higher,,,not_assessed_no_EUwide_limit,not_assessed_no_threshold_in_this_extract,"One Kassel WtE source composite: 40 increments (about 1.7 Mg) sampled on nine days, then divided into raw and indoor 4-month storage portions. The duplicate leaching determinations and size fractions are nested within this one material lineage.","SI p.22 Table S19 vs p.23 Table S21; Methods §§3.2-3.4; Cr, 2-4 mm","Open CC-BY article and SI Tables S18-S22. Eluate was prepared at L/S=10 L/kg, filtered at 0.45 um, and analysed in duplicate; the Methods do not unambiguously name a test-standard edition. LOD is not numerically specified in the tables. German LAGA/TL benchmarks are not EU-wide rules. Table S20 has one blank Pb cell (8-16 mm); it is coded not reported, not zero or <LOD.",,,,,,,,,,,,,,,,
VATEVA_LANER2020,"Vateva & Laner (2020), Resources 9:66",10.3390/resources9060066,https://doi.org/10.3390/resources9060066,Germany,EU-27 at study publication; single Kassel facility/source,VATEVA2020-Kassel-split-composite,1,VATEVA2020-indoor-storage-4months,indoor storage ageing for 4 months,1-2 mm,mineral fraction <4 mm eluate,Cr,elemental_leaching_endpoint,L/S=10 L/kg batch eluate; 0.45 um filtration; exact standard edition not explicit in article Methods,10 L/kg,4 months indoor barrel storage,ug/L,70.0,4.2,150.5,7.8,numeric_mean_transcribed_from_public_table,numeric_mean_transcribed_from_public_table,,115.0,0.7654678421395714,higher,,,not_assessed_no_EUwide_limit,not_assessed_no_threshold_in_this_extract,"One Kassel WtE source composite: 40 increments (about 1.7 Mg) sampled on nine days, then divided into raw and indoor 4-month storage portions. The duplicate leaching determinations and size fractions are nested within this one material lineage.","SI p.22 Table S19 vs p.23 Table S21; Methods §§3.2-3.4; Cr, 1-2 mm","Open CC-BY article and SI Tables S18-S22. Eluate was prepared at L/S=10 L/kg, filtered at 0.45 um, and analysed in duplicate; the Methods do not unambiguously name a test-standard edition. LOD is not numerically specified in the tables. German LAGA/TL benchmarks are not EU-wide rules. Table S20 has one blank Pb cell (8-16 mm); it is coded not reported, not zero or <LOD.",,,,,,,,,,,,,,,,
VATEVA_LANER2020,"Vateva & Laner (2020), Resources 9:66",10.3390/resources9060066,https://doi.org/10.3390/resources9060066,Germany,EU-27 at study publication; single Kassel facility/source,VATEVA2020-Kassel-split-composite,1,VATEVA2020-indoor-storage-4months,indoor storage ageing for 4 months,0.063-1 mm,mineral fraction <4 mm eluate,Cr,elemental_leaching_endpoint,L/S=10 L/kg batch eluate; 0.45 um filtration; exact standard edition not explicit in article Methods,10 L/kg,4 months indoor barrel storage,ug/L,176.5,0.7,184.5,65.8,numeric_mean_transcribed_from_public_table,numeric_mean_transcribed_from_public_table,,4.53257790368272,0.04432858710723034,higher,,,not_assessed_no_EUwide_limit,not_assessed_no_threshold_in_this_extract,"One Kassel WtE source composite: 40 increments (about 1.7 Mg) sampled on nine days, then divided into raw and indoor 4-month storage portions. The duplicate leaching determinations and size fractions are nested within this one material lineage.","SI p.22 Table S19 vs p.23 Table S21; Methods §§3.2-3.4; Cr, 0.063-1 mm","Open CC-BY article and SI Tables S18-S22. Eluate was prepared at L/S=10 L/kg, filtered at 0.45 um, and analysed in duplicate; the Methods do not unambiguously name a test-standard edition. LOD is not numerically specified in the tables. German LAGA/TL benchmarks are not EU-wide rules. Table S20 has one blank Pb cell (8-16 mm); it is coded not reported, not zero or <LOD.",,,,,,,,,,,,,,,,
VATEVA_LANER2020,"Vateva & Laner (2020), Resources 9:66",10.3390/resources9060066,https://doi.org/10.3390/resources9060066,Germany,EU-27 at study publication; single Kassel facility/source,VATEVA2020-Kassel-split-composite,1,VATEVA2020-indoor-storage-4months,indoor storage ageing for 4 months,<0.063 mm,mineral fraction <4 mm eluate,Cr,elemental_leaching_endpoint,L/S=10 L/kg batch eluate; 0.45 um filtration; exact standard edition not explicit in article Methods,10 L/kg,4 months indoor barrel storage,ug/L,243.5,47.4,987.5,74.2,numeric_mean_transcribed_from_public_table,numeric_mean_transcribed_from_public_table,,305.5441478439425,1.4000595542526324,higher,,,not_assessed_no_EUwide_limit,not_assessed_no_threshold_in_this_extract,"One Kassel WtE source composite: 40 increments (about 1.7 Mg) sampled on nine days, then divided into raw and indoor 4-month storage portions. The duplicate leaching determinations and size fractions are nested within this one material lineage.","SI p.22 Table S19 vs p.23 Table S21; Methods §§3.2-3.4; Cr, <0.063 mm","Open CC-BY article and SI Tables S18-S22. Eluate was prepared at L/S=10 L/kg, filtered at 0.45 um, and analysed in duplicate; the Methods do not unambiguously name a test-standard edition. LOD is not numerically specified in the tables. German LAGA/TL benchmarks are not EU-wide rules. Table S20 has one blank Pb cell (8-16 mm); it is coded not reported, not zero or <LOD.",,,,,,,,,,,,,,,,
VATEVA_LANER2020,"Vateva & Laner (2020), Resources 9:66",10.3390/resources9060066,https://doi.org/10.3390/resources9060066,Germany,EU-27 at study publication; single Kassel facility/source,VATEVA2020-Kassel-split-composite,1,VATEVA2020-indoor-storage-4months,indoor storage ageing for 4 months,2-4 mm,mineral fraction <4 mm eluate,Cu,elemental_leaching_endpoint,L/S=10 L/kg batch eluate; 0.45 um filtration; exact standard edition not explicit in article Methods,10 L/kg,4 months indoor barrel storage,ug/L,35.5,0.7,61.5,6.4,numeric_mean_transcribed_from_public_table,numeric_mean_transcribed_from_public_table,,73.2394366197183,0.549504478331102,higher,,,not_assessed_no_EUwide_limit,not_assessed_no_threshold_in_this_extract,"One Kassel WtE source composite: 40 increments (about 1.7 Mg) sampled on nine days, then divided into raw and indoor 4-month storage portions. The duplicate leaching determinations and size fractions are nested within this one material lineage.","SI p.22 Table S19 vs p.23 Table S21; Methods §§3.2-3.4; Cu, 2-4 mm","Open CC-BY article and SI Tables S18-S22. Eluate was prepared at L/S=10 L/kg, filtered at 0.45 um, and analysed in duplicate; the Methods do not unambiguously name a test-standard edition. LOD is not numerically specified in the tables. German LAGA/TL benchmarks are not EU-wide rules. Table S20 has one blank Pb cell (8-16 mm); it is coded not reported, not zero or <LOD.",,,,,,,,,,,,,,,,
VATEVA_LANER2020,"Vateva & Laner (2020), Resources 9:66",10.3390/resources9060066,https://doi.org/10.3390/resources9060066,Germany,EU-27 at study publication; single Kassel facility/source,VATEVA2020-Kassel-split-composite,1,VATEVA2020-indoor-storage-4months,indoor storage ageing for 4 months,1-2 mm,mineral fraction <4 mm eluate,Cu,elemental_leaching_endpoint,L/S=10 L/kg batch eluate; 0.45 um filtration; exact standard edition not explicit in article Methods,10 L/kg,4 months indoor barrel storage,ug/L,54.0,4.2,97.0,1.4,numeric_mean_transcribed_from_public_table,numeric_mean_transcribed_from_public_table,,79.62962962962963,0.5857269319391084,higher,,,not_assessed_no_EUwide_limit,not_assessed_no_threshold_in_this_extract,"One Kassel WtE source composite: 40 increments (about 1.7 Mg) sampled on nine days, then divided into raw and indoor 4-month storage portions. The duplicate leaching determinations and size fractions are nested within this one material lineage.","SI p.22 Table S19 vs p.23 Table S21; Methods §§3.2-3.4; Cu, 1-2 mm","Open CC-BY article and SI Tables S18-S22. Eluate was prepared at L/S=10 L/kg, filtered at 0.45 um, and analysed in duplicate; the Methods do not unambiguously name a test-standard edition. LOD is not numerically specified in the tables. German LAGA/TL benchmarks are not EU-wide rules. Table S20 has one blank Pb cell (8-16 mm); it is coded not reported, not zero or <LOD.",,,,,,,,,,,,,,,,
VATEVA_LANER2020,"Vateva & Laner (2020), Resources 9:66",10.3390/resources9060066,https://doi.org/10.3390/resources9060066,Germany,EU-27 at study publication; single Kassel facility/source,VATEVA2020-Kassel-split-composite,1,VATEVA2020-indoor-storage-4months,indoor storage ageing for 4 months,0.063-1 mm,mineral fraction <4 mm eluate,Cu,elemental_leaching_endpoint,L/S=10 L/kg batch eluate; 0.45 um filtration; exact standard edition not explicit in article Methods,10 L/kg,4 months indoor barrel storage,ug/L,53.0,7.1,134.0,48.1,numeric_mean_transcribed_from_public_table,numeric_mean_transcribed_from_public_table,,152.83018867924528,0.9275478863987895,higher,,,not_assessed_no_EUwide_limit,not_assessed_no_threshold_in_this_extract,"One Kassel WtE source composite: 40 increments (about 1.7 Mg) sampled on nine days, then divided into raw and indoor 4-month storage portions. The duplicate leaching determinations and size fractions are nested within this one material lineage.","SI p.22 Table S19 vs p.23 Table S21; Methods §§3.2-3.4; Cu, 0.063-1 mm","Open CC-BY article and SI Tables S18-S22. Eluate was prepared at L/S=10 L/kg, filtered at 0.45 um, and analysed in duplicate; the Methods do not unambiguously name a test-standard edition. LOD is not numerically specified in the tables. German LAGA/TL benchmarks are not EU-wide rules. Table S20 has one blank Pb cell (8-16 mm); it is coded not reported, not zero or <LOD.",,,,,,,,,,,,,,,,
VATEVA_LANER2020,"Vateva & Laner (2020), Resources 9:66",10.3390/resources9060066,https://doi.org/10.3390/resources9060066,Germany,EU-27 at study publication; single Kassel facility/source,VATEVA2020-Kassel-split-composite,1,VATEVA2020-indoor-storage-4months,indoor storage ageing for 4 months,<0.063 mm,mineral fraction <4 mm eluate,Cu,elemental_leaching_endpoint,L/S=10 L/kg batch eluate; 0.45 um filtration; exact standard edition not explicit in article Methods,10 L/kg,4 months indoor barrel storage,ug/L,286.5,160.5,451.5,13.4,numeric_mean_transcribed_from_public_table,numeric_mean_transcribed_from_public_table,,57.59162303664922,0.4548368367022459,higher,,,not_assessed_no_EUwide_limit,not_assessed_no_threshold_in_this_extract,"One Kassel WtE source composite: 40 increments (about 1.7 Mg) sampled on nine days, then divided into raw and indoor 4-month storage portions. The duplicate leaching determinations and size fractions are nested within this one material lineage.","SI p.22 Table S19 vs p.23 Table S21; Methods §§3.2-3.4; Cu, <0.063 mm","Open CC-BY article and SI Tables S18-S22. Eluate was prepared at L/S=10 L/kg, filtered at 0.45 um, and analysed in duplicate; the Methods do not unambiguously name a test-standard edition. LOD is not numerically specified in the tables. German LAGA/TL benchmarks are not EU-wide rules. Table S20 has one blank Pb cell (8-16 mm); it is coded not reported, not zero or <LOD.",,,,,,,,,,,,,,,,
VATEVA_LANER2020,"Vateva & Laner (2020), Resources 9:66",10.3390/resources9060066,https://doi.org/10.3390/resources9060066,Germany,EU-27 at study publication; single Kassel facility/source,VATEVA2020-Kassel-split-composite,1,VATEVA2020-indoor-storage-4months,indoor storage ageing for 4 months,2-4 mm,mineral fraction <4 mm eluate,Hg,elemental_leaching_endpoint,L/S=10 L/kg batch eluate; 0.45 um filtration; exact standard edition not explicit in article Methods,10 L/kg,4 months indoor barrel storage,ug/L,,,,,left_censored_below_LOD; numerical_LOD_not_reported,left_censored_below_LOD; numerical_LOD_not_reported,,,,not_estimable,,,not_assessed_no_EUwide_limit,not_assessed_no_threshold_in_this_extract,"One Kassel WtE source composite: 40 increments (about 1.7 Mg) sampled on nine days, then divided into raw and indoor 4-month storage portions. The duplicate leaching determinations and size fractions are nested within this one material lineage.","SI p.22 Table S19 vs p.23 Table S21; Methods §§3.2-3.4; Hg, 2-4 mm","Open CC-BY article and SI Tables S18-S22. Eluate was prepared at L/S=10 L/kg, filtered at 0.45 um, and analysed in duplicate; the Methods do not unambiguously name a test-standard edition. LOD is not numerically specified in the tables. German LAGA/TL benchmarks are not EU-wide rules. Table S20 has one blank Pb cell (8-16 mm); it is coded not reported, not zero or <LOD.",,,,,,,,,,,,,,,,
VATEVA_LANER2020,"Vateva & Laner (2020), Resources 9:66",10.3390/resources9060066,https://doi.org/10.3390/resources9060066,Germany,EU-27 at study publication; single Kassel facility/source,VATEVA2020-Kassel-split-composite,1,VATEVA2020-indoor-storage-4months,indoor storage ageing for 4 months,1-2 mm,mineral fraction <4 mm eluate,Hg,elemental_leaching_endpoint,L/S=10 L/kg batch eluate; 0.45 um filtration; exact standard edition not explicit in article Methods,10 L/kg,4 months indoor barrel storage,ug/L,,,,,left_censored_below_LOD; numerical_LOD_not_reported,left_censored_below_LOD; numerical_LOD_not_reported,,,,not_estimable,,,not_assessed_no_EUwide_limit,not_assessed_no_threshold_in_this_extract,"One Kassel WtE source composite: 40 increments (about 1.7 Mg) sampled on nine days, then divided into raw and indoor 4-month storage portions. The duplicate leaching determinations and size fractions are nested within this one material lineage.","SI p.22 Table S19 vs p.23 Table S21; Methods §§3.2-3.4; Hg, 1-2 mm","Open CC-BY article and SI Tables S18-S22. Eluate was prepared at L/S=10 L/kg, filtered at 0.45 um, and analysed in duplicate; the Methods do not unambiguously name a test-standard edition. LOD is not numerically specified in the tables. German LAGA/TL benchmarks are not EU-wide rules. Table S20 has one blank Pb cell (8-16 mm); it is coded not reported, not zero or <LOD.",,,,,,,,,,,,,,,,
VATEVA_LANER2020,"Vateva & Laner (2020), Resources 9:66",10.3390/resources9060066,https://doi.org/10.3390/resources9060066,Germany,EU-27 at study publication; single Kassel facility/source,VATEVA2020-Kassel-split-composite,1,VATEVA2020-indoor-storage-4months,indoor storage ageing for 4 months,0.063-1 mm,mineral fraction <4 mm eluate,Hg,elemental_leaching_endpoint,L/S=10 L/kg batch eluate; 0.45 um filtration; exact standard edition not explicit in article Methods,10 L/kg,4 months indoor barrel storage,ug/L,,,,,left_censored_below_LOD; numerical_LOD_not_reported,left_censored_below_LOD; numerical_LOD_not_reported,,,,not_estimable,,,not_assessed_no_EUwide_limit,not_assessed_no_threshold_in_this_extract,"One Kassel WtE source composite: 40 increments (about 1.7 Mg) sampled on nine days, then divided into raw and indoor 4-month storage portions. The duplicate leaching determinations and size fractions are nested within this one material lineage.","SI p.22 Table S19 vs p.23 Table S21; Methods §§3.2-3.4; Hg, 0.063-1 mm","Open CC-BY article and SI Tables S18-S22. Eluate was prepared at L/S=10 L/kg, filtered at 0.45 um, and analysed in duplicate; the Methods do not unambiguously name a test-standard edition. LOD is not numerically specified in the tables. German LAGA/TL benchmarks are not EU-wide rules. Table S20 has one blank Pb cell (8-16 mm); it is coded not reported, not zero or <LOD.",,,,,,,,,,,,,,,,
VATEVA_LANER2020,"Vateva & Laner (2020), Resources 9:66",10.3390/resources9060066,https://doi.org/10.3390/resources9060066,Germany,EU-27 at study publication; single Kassel facility/source,VATEVA2020-Kassel-split-composite,1,VATEVA2020-indoor-storage-4months,indoor storage ageing for 4 months,<0.063 mm,mineral fraction <4 mm eluate,Hg,elemental_leaching_endpoint,L/S=10 L/kg batch eluate; 0.45 um filtration; exact standard edition not explicit in article Methods,10 L/kg,4 months indoor barrel storage,ug/L,,,,,left_censored_below_LOD; numerical_LOD_not_reported,left_censored_below_LOD; numerical_LOD_not_reported,,,,not_estimable,,,not_assessed_no_EUwide_limit,not_assessed_no_threshold_in_this_extract,"One Kassel WtE source composite: 40 increments (about 1.7 Mg) sampled on nine days, then divided into raw and indoor 4-month storage portions. The duplicate leaching determinations and size fractions are nested within this one material lineage.","SI p.22 Table S19 vs p.23 Table S21; Methods §§3.2-3.4; Hg, <0.063 mm","Open CC-BY article and SI Tables S18-S22. Eluate was prepared at L/S=10 L/kg, filtered at 0.45 um, and analysed in duplicate; the Methods do not unambiguously name a test-standard edition. LOD is not numerically specified in the tables. German LAGA/TL benchmarks are not EU-wide rules. Table S20 has one blank Pb cell (8-16 mm); it is coded not reported, not zero or <LOD.",,,,,,,,,,,,,,,,
VATEVA_LANER2020,"Vateva & Laner (2020), Resources 9:66",10.3390/resources9060066,https://doi.org/10.3390/resources9060066,Germany,EU-27 at study publication; single Kassel facility/source,VATEVA2020-Kassel-split-composite,1,VATEVA2020-indoor-storage-4months,indoor storage ageing for 4 months,2-4 mm,mineral fraction <4 mm eluate,Ni,elemental_leaching_endpoint,L/S=10 L/kg batch eluate; 0.45 um filtration; exact standard edition not explicit in article Methods,10 L/kg,4 months indoor barrel storage,ug/L,,,,,left_censored_below_LOD; numerical_LOD_not_reported,left_censored_below_LOD; numerical_LOD_not_reported,,,,not_estimable,,,not_assessed_no_EUwide_limit,not_assessed_no_threshold_in_this_extract,"One Kassel WtE source composite: 40 increments (about 1.7 Mg) sampled on nine days, then divided into raw and indoor 4-month storage portions. The duplicate leaching determinations and size fractions are nested within this one material lineage.","SI p.22 Table S19 vs p.23 Table S21; Methods §§3.2-3.4; Ni, 2-4 mm","Open CC-BY article and SI Tables S18-S22. Eluate was prepared at L/S=10 L/kg, filtered at 0.45 um, and analysed in duplicate; the Methods do not unambiguously name a test-standard edition. LOD is not numerically specified in the tables. German LAGA/TL benchmarks are not EU-wide rules. Table S20 has one blank Pb cell (8-16 mm); it is coded not reported, not zero or <LOD.",,,,,,,,,,,,,,,,
VATEVA_LANER2020,"Vateva & Laner (2020), Resources 9:66",10.3390/resources9060066,https://doi.org/10.3390/resources9060066,Germany,EU-27 at study publication; single Kassel facility/source,VATEVA2020-Kassel-split-composite,1,VATEVA2020-indoor-storage-4months,indoor storage ageing for 4 months,1-2 mm,mineral fraction <4 mm eluate,Ni,elemental_leaching_endpoint,L/S=10 L/kg batch eluate; 0.45 um filtration; exact standard edition not explicit in article Methods,10 L/kg,4 months indoor barrel storage,ug/L,,,1.0,0.0,left_censored_below_LOD; numerical_LOD_not_reported,numeric_mean_transcribed_from_public_table,,,,not_estimable,,,not_assessed_no_EUwide_limit,not_assessed_no_threshold_in_this_extract,"One Kassel WtE source composite: 40 increments (about 1.7 Mg) sampled on nine days, then divided into raw and indoor 4-month storage portions. The duplicate leaching determinations and size fractions are nested within this one material lineage.","SI p.22 Table S19 vs p.23 Table S21; Methods §§3.2-3.4; Ni, 1-2 mm","Open CC-BY article and SI Tables S18-S22. Eluate was prepared at L/S=10 L/kg, filtered at 0.45 um, and analysed in duplicate; the Methods do not unambiguously name a test-standard edition. LOD is not numerically specified in the tables. German LAGA/TL benchmarks are not EU-wide rules. Table S20 has one blank Pb cell (8-16 mm); it is coded not reported, not zero or <LOD.",,,,,,,,,,,,,,,,
VATEVA_LANER2020,"Vateva & Laner (2020), Resources 9:66",10.3390/resources9060066,https://doi.org/10.3390/resources9060066,Germany,EU-27 at study publication; single Kassel facility/source,VATEVA2020-Kassel-split-composite,1,VATEVA2020-indoor-storage-4months,indoor storage ageing for 4 months,0.063-1 mm,mineral fraction <4 mm eluate,Ni,elemental_leaching_endpoint,L/S=10 L/kg batch eluate; 0.45 um filtration; exact standard edition not explicit in article Methods,10 L/kg,4 months indoor barrel storage,ug/L,,,2.0,1.4,left_censored_below_LOD; numerical_LOD_not_reported,numeric_mean_transcribed_from_public_table,,,,not_estimable,,,not_assessed_no_EUwide_limit,not_assessed_no_threshold_in_this_extract,"One Kassel WtE source composite: 40 increments (about 1.7 Mg) sampled on nine days, then divided into raw and indoor 4-month storage portions. The duplicate leaching determinations and size fractions are nested within this one material lineage.","SI p.22 Table S19 vs p.23 Table S21; Methods §§3.2-3.4; Ni, 0.063-1 mm","Open CC-BY article and SI Tables S18-S22. Eluate was prepared at L/S=10 L/kg, filtered at 0.45 um, and analysed in duplicate; the Methods do not unambiguously name a test-standard edition. LOD is not numerically specified in the tables. German LAGA/TL benchmarks are not EU-wide rules. Table S20 has one blank Pb cell (8-16 mm); it is coded not reported, not zero or <LOD.",,,,,,,,,,,,,,,,
VATEVA_LANER2020,"Vateva & Laner (2020), Resources 9:66",10.3390/resources9060066,https://doi.org/10.3390/resources9060066,Germany,EU-27 at study publication; single Kassel facility/source,VATEVA2020-Kassel-split-composite,1,VATEVA2020-indoor-storage-4months,indoor storage ageing for 4 months,<0.063 mm,mineral fraction <4 mm eluate,Ni,elemental_leaching_endpoint,L/S=10 L/kg batch eluate; 0.45 um filtration; exact standard edition not explicit in article Methods,10 L/kg,4 months indoor barrel storage,ug/L,3.0,1.4,4.0,0.0,numeric_mean_transcribed_from_public_table,numeric_mean_transcribed_from_public_table,,33.333333333333336,0.28768207245178085,higher,,,not_assessed_no_EUwide_limit,not_assessed_no_threshold_in_this_extract,"One Kassel WtE source composite: 40 increments (about 1.7 Mg) sampled on nine days, then divided into raw and indoor 4-month storage portions. The duplicate leaching determinations and size fractions are nested within this one material lineage.","SI p.22 Table S19 vs p.23 Table S21; Methods §§3.2-3.4; Ni, <0.063 mm","Open CC-BY article and SI Tables S18-S22. Eluate was prepared at L/S=10 L/kg, filtered at 0.45 um, and analysed in duplicate; the Methods do not unambiguously name a test-standard edition. LOD is not numerically specified in the tables. German LAGA/TL benchmarks are not EU-wide rules. Table S20 has one blank Pb cell (8-16 mm); it is coded not reported, not zero or <LOD.",,,,,,,,,,,,,,,,
VATEVA_LANER2020,"Vateva & Laner (2020), Resources 9:66",10.3390/resources9060066,https://doi.org/10.3390/resources9060066,Germany,EU-27 at study publication; single Kassel facility/source,VATEVA2020-Kassel-split-composite,1,VATEVA2020-indoor-storage-4months,indoor storage ageing for 4 months,2-4 mm,mineral fraction <4 mm eluate,Pb,elemental_leaching_endpoint,L/S=10 L/kg batch eluate; 0.45 um filtration; exact standard edition not explicit in article Methods,10 L/kg,4 months indoor barrel storage,ug/L,32.0,0.0,,,numeric_mean_transcribed_from_public_table,left_censored_below_LOD; numerical_LOD_not_reported,,,,not_estimable,,,not_assessed_no_EUwide_limit,not_assessed_no_threshold_in_this_extract,"One Kassel WtE source composite: 40 increments (about 1.7 Mg) sampled on nine days, then divided into raw and indoor 4-month storage portions. The duplicate leaching determinations and size fractions are nested within this one material lineage.","SI p.22 Table S19 vs p.23 Table S21; Methods §§3.2-3.4; Pb, 2-4 mm","Open CC-BY article and SI Tables S18-S22. Eluate was prepared at L/S=10 L/kg, filtered at 0.45 um, and analysed in duplicate; the Methods do not unambiguously name a test-standard edition. LOD is not numerically specified in the tables. German LAGA/TL benchmarks are not EU-wide rules. Table S20 has one blank Pb cell (8-16 mm); it is coded not reported, not zero or <LOD.",,,,,,,,,,,,,,,,
VATEVA_LANER2020,"Vateva & Laner (2020), Resources 9:66",10.3390/resources9060066,https://doi.org/10.3390/resources9060066,Germany,EU-27 at study publication; single Kassel facility/source,VATEVA2020-Kassel-split-composite,1,VATEVA2020-indoor-storage-4months,indoor storage ageing for 4 months,1-2 mm,mineral fraction <4 mm eluate,Pb,elemental_leaching_endpoint,L/S=10 L/kg batch eluate; 0.45 um filtration; exact standard edition not explicit in article Methods,10 L/kg,4 months indoor barrel storage,ug/L,26.5,2.1,4.5,4.9,numeric_mean_transcribed_from_public_table,numeric_mean_transcribed_from_public_table,,-83.01886792452831,-1.7730673362159024,lower,,,not_assessed_no_EUwide_limit,not_assessed_no_threshold_in_this_extract,"One Kassel WtE source composite: 40 increments (about 1.7 Mg) sampled on nine days, then divided into raw and indoor 4-month storage portions. The duplicate leaching determinations and size fractions are nested within this one material lineage.","SI p.22 Table S19 vs p.23 Table S21; Methods §§3.2-3.4; Pb, 1-2 mm","Open CC-BY article and SI Tables S18-S22. Eluate was prepared at L/S=10 L/kg, filtered at 0.45 um, and analysed in duplicate; the Methods do not unambiguously name a test-standard edition. LOD is not numerically specified in the tables. German LAGA/TL benchmarks are not EU-wide rules. Table S20 has one blank Pb cell (8-16 mm); it is coded not reported, not zero or <LOD.",,,,,,,,,,,,,,,,
VATEVA_LANER2020,"Vateva & Laner (2020), Resources 9:66",10.3390/resources9060066,https://doi.org/10.3390/resources9060066,Germany,EU-27 at study publication; single Kassel facility/source,VATEVA2020-Kassel-split-composite,1,VATEVA2020-indoor-storage-4months,indoor storage ageing for 4 months,0.063-1 mm,mineral fraction <4 mm eluate,Pb,elemental_leaching_endpoint,L/S=10 L/kg batch eluate; 0.45 um filtration; exact standard edition not explicit in article Methods,10 L/kg,4 months indoor barrel storage,ug/L,93.5,3.5,,,numeric_mean_transcribed_from_public_table,left_censored_below_LOD; numerical_LOD_not_reported,,,,not_estimable,,,not_assessed_no_EUwide_limit,not_assessed_no_threshold_in_this_extract,"One Kassel WtE source composite: 40 increments (about 1.7 Mg) sampled on nine days, then divided into raw and indoor 4-month storage portions. The duplicate leaching determinations and size fractions are nested within this one material lineage.","SI p.22 Table S19 vs p.23 Table S21; Methods §§3.2-3.4; Pb, 0.063-1 mm","Open CC-BY article and SI Tables S18-S22. Eluate was prepared at L/S=10 L/kg, filtered at 0.45 um, and analysed in duplicate; the Methods do not unambiguously name a test-standard edition. LOD is not numerically specified in the tables. German LAGA/TL benchmarks are not EU-wide rules. Table S20 has one blank Pb cell (8-16 mm); it is coded not reported, not zero or <LOD.",,,,,,,,,,,,,,,,
VATEVA_LANER2020,"Vateva & Laner (2020), Resources 9:66",10.3390/resources9060066,https://doi.org/10.3390/resources9060066,Germany,EU-27 at study publication; single Kassel facility/source,VATEVA2020-Kassel-split-composite,1,VATEVA2020-indoor-storage-4months,indoor storage ageing for 4 months,<0.063 mm,mineral fraction <4 mm eluate,Pb,elemental_leaching_endpoint,L/S=10 L/kg batch eluate; 0.45 um filtration; exact standard edition not explicit in article Methods,10 L/kg,4 months indoor barrel storage,ug/L,100.0,67.9,,,numeric_mean_transcribed_from_public_table,left_censored_below_LOD; numerical_LOD_not_reported,,,,not_estimable,,,not_assessed_no_EUwide_limit,not_assessed_no_threshold_in_this_extract,"One Kassel WtE source composite: 40 increments (about 1.7 Mg) sampled on nine days, then divided into raw and indoor 4-month storage portions. The duplicate leaching determinations and size fractions are nested within this one material lineage.","SI p.22 Table S19 vs p.23 Table S21; Methods §§3.2-3.4; Pb, <0.063 mm","Open CC-BY article and SI Tables S18-S22. Eluate was prepared at L/S=10 L/kg, filtered at 0.45 um, and analysed in duplicate; the Methods do not unambiguously name a test-standard edition. LOD is not numerically specified in the tables. German LAGA/TL benchmarks are not EU-wide rules. Table S20 has one blank Pb cell (8-16 mm); it is coded not reported, not zero or <LOD.",,,,,,,,,,,,,,,,
VATEVA_LANER2020,"Vateva & Laner (2020), Resources 9:66",10.3390/resources9060066,https://doi.org/10.3390/resources9060066,Germany,EU-27 at study publication; single Kassel facility/source,VATEVA2020-Kassel-split-composite,1,VATEVA2020-indoor-storage-4months,indoor storage ageing for 4 months,2-4 mm,mineral fraction <4 mm eluate,Zn,elemental_leaching_endpoint,L/S=10 L/kg batch eluate; 0.45 um filtration; exact standard edition not explicit in article Methods,10 L/kg,4 months indoor barrel storage,ug/L,52.5,4.9,43.5,2.1,numeric_mean_transcribed_from_public_table,numeric_mean_transcribed_from_public_table,,-17.142857142857142,-0.1880522315029396,lower,,,not_assessed_no_EUwide_limit,not_assessed_no_threshold_in_this_extract,"One Kassel WtE source composite: 40 increments (about 1.7 Mg) sampled on nine days, then divided into raw and indoor 4-month storage portions. The duplicate leaching determinations and size fractions are nested within this one material lineage.","SI p.22 Table S19 vs p.23 Table S21; Methods §§3.2-3.4; Zn, 2-4 mm","Open CC-BY article and SI Tables S18-S22. Eluate was prepared at L/S=10 L/kg, filtered at 0.45 um, and analysed in duplicate; the Methods do not unambiguously name a test-standard edition. LOD is not numerically specified in the tables. German LAGA/TL benchmarks are not EU-wide rules. Table S20 has one blank Pb cell (8-16 mm); it is coded not reported, not zero or <LOD.",,,,,,,,,,,,,,,,
VATEVA_LANER2020,"Vateva & Laner (2020), Resources 9:66",10.3390/resources9060066,https://doi.org/10.3390/resources9060066,Germany,EU-27 at study publication; single Kassel facility/source,VATEVA2020-Kassel-split-composite,1,VATEVA2020-indoor-storage-4months,indoor storage ageing for 4 months,1-2 mm,mineral fraction <4 mm eluate,Zn,elemental_leaching_endpoint,L/S=10 L/kg batch eluate; 0.45 um filtration; exact standard edition not explicit in article Methods,10 L/kg,4 months indoor barrel storage,ug/L,78.5,0.7,62.5,20.5,numeric_mean_transcribed_from_public_table,numeric_mean_transcribed_from_public_table,,-20.38216560509554,-0.22793206804600688,lower,,,not_assessed_no_EUwide_limit,not_assessed_no_threshold_in_this_extract,"One Kassel WtE source composite: 40 increments (about 1.7 Mg) sampled on nine days, then divided into raw and indoor 4-month storage portions. The duplicate leaching determinations and size fractions are nested within this one material lineage.","SI p.22 Table S19 vs p.23 Table S21; Methods §§3.2-3.4; Zn, 1-2 mm","Open CC-BY article and SI Tables S18-S22. Eluate was prepared at L/S=10 L/kg, filtered at 0.45 um, and analysed in duplicate; the Methods do not unambiguously name a test-standard edition. LOD is not numerically specified in the tables. German LAGA/TL benchmarks are not EU-wide rules. Table S20 has one blank Pb cell (8-16 mm); it is coded not reported, not zero or <LOD.",,,,,,,,,,,,,,,,
VATEVA_LANER2020,"Vateva & Laner (2020), Resources 9:66",10.3390/resources9060066,https://doi.org/10.3390/resources9060066,Germany,EU-27 at study publication; single Kassel facility/source,VATEVA2020-Kassel-split-composite,1,VATEVA2020-indoor-storage-4months,indoor storage ageing for 4 months,0.063-1 mm,mineral fraction <4 mm eluate,Zn,elemental_leaching_endpoint,L/S=10 L/kg batch eluate; 0.45 um filtration; exact standard edition not explicit in article Methods,10 L/kg,4 months indoor barrel storage,ug/L,38.2,0.0,29.5,2.1,numeric_mean_transcribed_from_public_table,numeric_mean_transcribed_from_public_table,,-22.774869109947648,-0.2584452522667554,lower,,,not_assessed_no_EUwide_limit,not_assessed_no_threshold_in_this_extract,"One Kassel WtE source composite: 40 increments (about 1.7 Mg) sampled on nine days, then divided into raw and indoor 4-month storage portions. The duplicate leaching determinations and size fractions are nested within this one material lineage.","SI p.22 Table S19 vs p.23 Table S21; Methods §§3.2-3.4; Zn, 0.063-1 mm","Open CC-BY article and SI Tables S18-S22. Eluate was prepared at L/S=10 L/kg, filtered at 0.45 um, and analysed in duplicate; the Methods do not unambiguously name a test-standard edition. LOD is not numerically specified in the tables. German LAGA/TL benchmarks are not EU-wide rules. Table S20 has one blank Pb cell (8-16 mm); it is coded not reported, not zero or <LOD.",,,,,,,,,,,,,,,,
VATEVA_LANER2020,"Vateva & Laner (2020), Resources 9:66",10.3390/resources9060066,https://doi.org/10.3390/resources9060066,Germany,EU-27 at study publication; single Kassel facility/source,VATEVA2020-Kassel-split-composite,1,VATEVA2020-indoor-storage-4months,indoor storage ageing for 4 months,<0.063 mm,mineral fraction <4 mm eluate,Zn,elemental_leaching_endpoint,L/S=10 L/kg batch eluate; 0.45 um filtration; exact standard edition not explicit in article Methods,10 L/kg,4 months indoor barrel storage,ug/L,298.5,227.0,108.0,110.3,numeric_mean_transcribed_from_public_table,numeric_mean_transcribed_from_public_table,,-63.81909547738694,-1.016638705708437,lower,,,not_assessed_no_EUwide_limit,not_assessed_no_threshold_in_this_extract,"One Kassel WtE source composite: 40 increments (about 1.7 Mg) sampled on nine days, then divided into raw and indoor 4-month storage portions. The duplicate leaching determinations and size fractions are nested within this one material lineage.","SI p.22 Table S19 vs p.23 Table S21; Methods §§3.2-3.4; Zn, <0.063 mm","Open CC-BY article and SI Tables S18-S22. Eluate was prepared at L/S=10 L/kg, filtered at 0.45 um, and analysed in duplicate; the Methods do not unambiguously name a test-standard edition. LOD is not numerically specified in the tables. German LAGA/TL benchmarks are not EU-wide rules. Table S20 has one blank Pb cell (8-16 mm); it is coded not reported, not zero or <LOD.",,,,,,,,,,,,,,,,
VATEVA_LANER2020,"Vateva & Laner (2020), Resources 9:66",10.3390/resources9060066,https://doi.org/10.3390/resources9060066,Germany,EU-27 at study publication; single Kassel facility/source,VATEVA2020-Kassel-split-composite,1,VATEVA2020-indoor-storage-4months,indoor storage ageing for 4 months,separately sorted glass material,glass fraction; not pooled with aggregate mineral fractions eluate,pH value,matrix_indicator,L/S=10 L/kg batch eluate; 0.45 um filtration; exact standard edition not explicit in article Methods,10 L/kg,4 months indoor barrel storage,dimensionless,10.5,0.1,10.6,0.1,numeric_mean_transcribed_from_public_table,numeric_mean_transcribed_from_public_table,,0.952380952380949,0.009478743954543739,higher,,,not_assessed_no_EUwide_limit,not_assessed_no_threshold_in_this_extract,"One Kassel WtE source composite: 40 increments (about 1.7 Mg) sampled on nine days, then divided into raw and indoor 4-month storage portions. The duplicate leaching determinations and size fractions are nested within this one material lineage.","SI p.24 Table S22; Methods §§3.2-3.4; pH value, separate glass fraction","Open CC-BY article and SI Tables S18-S22. Eluate was prepared at L/S=10 L/kg, filtered at 0.45 um, and analysed in duplicate; the Methods do not unambiguously name a test-standard edition. LOD is not numerically specified in the tables. German LAGA/TL benchmarks are not EU-wide rules. Table S20 has one blank Pb cell (8-16 mm); it is coded not reported, not zero or <LOD.",,,,,,,,,,,,,,,,
VATEVA_LANER2020,"Vateva & Laner (2020), Resources 9:66",10.3390/resources9060066,https://doi.org/10.3390/resources9060066,Germany,EU-27 at study publication; single Kassel facility/source,VATEVA2020-Kassel-split-composite,1,VATEVA2020-indoor-storage-4months,indoor storage ageing for 4 months,separately sorted glass material,glass fraction; not pooled with aggregate mineral fractions eluate,Conductivity,salt_proxy,L/S=10 L/kg batch eluate; 0.45 um filtration; exact standard edition not explicit in article Methods,10 L/kg,4 months indoor barrel storage,uS/cm,366.5,12.0,459.0,1.4,numeric_mean_transcribed_from_public_table,numeric_mean_transcribed_from_public_table,,25.238744884038198,0.22505168873383888,higher,,,not_assessed_no_EUwide_limit,not_assessed_no_threshold_in_this_extract,"One Kassel WtE source composite: 40 increments (about 1.7 Mg) sampled on nine days, then divided into raw and indoor 4-month storage portions. The duplicate leaching determinations and size fractions are nested within this one material lineage.","SI p.24 Table S22; Methods §§3.2-3.4; Conductivity, separate glass fraction","Open CC-BY article and SI Tables S18-S22. Eluate was prepared at L/S=10 L/kg, filtered at 0.45 um, and analysed in duplicate; the Methods do not unambiguously name a test-standard edition. LOD is not numerically specified in the tables. German LAGA/TL benchmarks are not EU-wide rules. Table S20 has one blank Pb cell (8-16 mm); it is coded not reported, not zero or <LOD.",,,,,,,,,,,,,,,,
VATEVA_LANER2020,"Vateva & Laner (2020), Resources 9:66",10.3390/resources9060066,https://doi.org/10.3390/resources9060066,Germany,EU-27 at study publication; single Kassel facility/source,VATEVA2020-Kassel-split-composite,1,VATEVA2020-indoor-storage-4months,indoor storage ageing for 4 months,separately sorted glass material,glass fraction; not pooled with aggregate mineral fractions eluate,Cl-,salt_anion,L/S=10 L/kg batch eluate; 0.45 um filtration; exact standard edition not explicit in article Methods,10 L/kg,4 months indoor barrel storage,mg/L,19.0,0.0,30.5,3.5,numeric_mean_transcribed_from_public_table,numeric_mean_transcribed_from_public_table,,60.526315789473685,0.47328770444692553,higher,,,not_assessed_no_EUwide_limit,not_assessed_no_threshold_in_this_extract,"One Kassel WtE source composite: 40 increments (about 1.7 Mg) sampled on nine days, then divided into raw and indoor 4-month storage portions. The duplicate leaching determinations and size fractions are nested within this one material lineage.","SI p.24 Table S22; Methods §§3.2-3.4; Cl-, separate glass fraction","Open CC-BY article and SI Tables S18-S22. Eluate was prepared at L/S=10 L/kg, filtered at 0.45 um, and analysed in duplicate; the Methods do not unambiguously name a test-standard edition. LOD is not numerically specified in the tables. German LAGA/TL benchmarks are not EU-wide rules. Table S20 has one blank Pb cell (8-16 mm); it is coded not reported, not zero or <LOD.",,,,,,,,,,,,,,,,
VATEVA_LANER2020,"Vateva & Laner (2020), Resources 9:66",10.3390/resources9060066,https://doi.org/10.3390/resources9060066,Germany,EU-27 at study publication; single Kassel facility/source,VATEVA2020-Kassel-split-composite,1,VATEVA2020-indoor-storage-4months,indoor storage ageing for 4 months,separately sorted glass material,glass fraction; not pooled with aggregate mineral fractions eluate,SO4(2-),salt_anion,L/S=10 L/kg batch eluate; 0.45 um filtration; exact standard edition not explicit in article Methods,10 L/kg,4 months indoor barrel storage,mg/L,65.0,0.0,92.5,10.6,numeric_mean_transcribed_from_public_table,numeric_mean_transcribed_from_public_table,,42.30769230769231,0.35282137462274243,higher,,,not_assessed_no_EUwide_limit,not_assessed_no_threshold_in_this_extract,"One Kassel WtE source composite: 40 increments (about 1.7 Mg) sampled on nine days, then divided into raw and indoor 4-month storage portions. The duplicate leaching determinations and size fractions are nested within this one material lineage.","SI p.24 Table S22; Methods §§3.2-3.4; SO4(2-), separate glass fraction","Open CC-BY article and SI Tables S18-S22. Eluate was prepared at L/S=10 L/kg, filtered at 0.45 um, and analysed in duplicate; the Methods do not unambiguously name a test-standard edition. LOD is not numerically specified in the tables. German LAGA/TL benchmarks are not EU-wide rules. Table S20 has one blank Pb cell (8-16 mm); it is coded not reported, not zero or <LOD.",,,,,,,,,,,,,,,,
VATEVA_LANER2020,"Vateva & Laner (2020), Resources 9:66",10.3390/resources9060066,https://doi.org/10.3390/resources9060066,Germany,EU-27 at study publication; single Kassel facility/source,VATEVA2020-Kassel-split-composite,1,VATEVA2020-indoor-storage-4months,indoor storage ageing for 4 months,separately sorted glass material,glass fraction; not pooled with aggregate mineral fractions eluate,As,elemental_leaching_endpoint,L/S=10 L/kg batch eluate; 0.45 um filtration; exact standard edition not explicit in article Methods,10 L/kg,4 months indoor barrel storage,ug/L,3.0,1.4,0.5,0.7,numeric_mean_transcribed_from_public_table,numeric_mean_transcribed_from_public_table,,-83.33333333333333,-1.791759469228055,lower,,,not_assessed_no_EUwide_limit,not_assessed_no_threshold_in_this_extract,"One Kassel WtE source composite: 40 increments (about 1.7 Mg) sampled on nine days, then divided into raw and indoor 4-month storage portions. The duplicate leaching determinations and size fractions are nested within this one material lineage.","SI p.24 Table S22; Methods §§3.2-3.4; As, separate glass fraction","Open CC-BY article and SI Tables S18-S22. Eluate was prepared at L/S=10 L/kg, filtered at 0.45 um, and analysed in duplicate; the Methods do not unambiguously name a test-standard edition. LOD is not numerically specified in the tables. German LAGA/TL benchmarks are not EU-wide rules. Table S20 has one blank Pb cell (8-16 mm); it is coded not reported, not zero or <LOD.",,,,,,,,,,,,,,,,
VATEVA_LANER2020,"Vateva & Laner (2020), Resources 9:66",10.3390/resources9060066,https://doi.org/10.3390/resources9060066,Germany,EU-27 at study publication; single Kassel facility/source,VATEVA2020-Kassel-split-composite,1,VATEVA2020-indoor-storage-4months,indoor storage ageing for 4 months,separately sorted glass material,glass fraction; not pooled with aggregate mineral fractions eluate,Cd,elemental_leaching_endpoint,L/S=10 L/kg batch eluate; 0.45 um filtration; exact standard edition not explicit in article Methods,10 L/kg,4 months indoor barrel storage,ug/L,,,,,left_censored_below_LOD; numerical_LOD_not_reported,left_censored_below_LOD; numerical_LOD_not_reported,,,,not_estimable,,,not_assessed_no_EUwide_limit,not_assessed_no_threshold_in_this_extract,"One Kassel WtE source composite: 40 increments (about 1.7 Mg) sampled on nine days, then divided into raw and indoor 4-month storage portions. The duplicate leaching determinations and size fractions are nested within this one material lineage.","SI p.24 Table S22; Methods §§3.2-3.4; Cd, separate glass fraction","Open CC-BY article and SI Tables S18-S22. Eluate was prepared at L/S=10 L/kg, filtered at 0.45 um, and analysed in duplicate; the Methods do not unambiguously name a test-standard edition. LOD is not numerically specified in the tables. German LAGA/TL benchmarks are not EU-wide rules. Table S20 has one blank Pb cell (8-16 mm); it is coded not reported, not zero or <LOD.",,,,,,,,,,,,,,,,
VATEVA_LANER2020,"Vateva & Laner (2020), Resources 9:66",10.3390/resources9060066,https://doi.org/10.3390/resources9060066,Germany,EU-27 at study publication; single Kassel facility/source,VATEVA2020-Kassel-split-composite,1,VATEVA2020-indoor-storage-4months,indoor storage ageing for 4 months,separately sorted glass material,glass fraction; not pooled with aggregate mineral fractions eluate,Cr,elemental_leaching_endpoint,L/S=10 L/kg batch eluate; 0.45 um filtration; exact standard edition not explicit in article Methods,10 L/kg,4 months indoor barrel storage,ug/L,23.0,21.2,20.5,3.5,numeric_mean_transcribed_from_public_table,numeric_mean_transcribed_from_public_table,,-10.869565217391305,-0.11506932978478723,lower,,,not_assessed_no_EUwide_limit,not_assessed_no_threshold_in_this_extract,"One Kassel WtE source composite: 40 increments (about 1.7 Mg) sampled on nine days, then divided into raw and indoor 4-month storage portions. The duplicate leaching determinations and size fractions are nested within this one material lineage.","SI p.24 Table S22; Methods §§3.2-3.4; Cr, separate glass fraction","Open CC-BY article and SI Tables S18-S22. Eluate was prepared at L/S=10 L/kg, filtered at 0.45 um, and analysed in duplicate; the Methods do not unambiguously name a test-standard edition. LOD is not numerically specified in the tables. German LAGA/TL benchmarks are not EU-wide rules. Table S20 has one blank Pb cell (8-16 mm); it is coded not reported, not zero or <LOD.",,,,,,,,,,,,,,,,
VATEVA_LANER2020,"Vateva & Laner (2020), Resources 9:66",10.3390/resources9060066,https://doi.org/10.3390/resources9060066,Germany,EU-27 at study publication; single Kassel facility/source,VATEVA2020-Kassel-split-composite,1,VATEVA2020-indoor-storage-4months,indoor storage ageing for 4 months,separately sorted glass material,glass fraction; not pooled with aggregate mineral fractions eluate,Cu,elemental_leaching_endpoint,L/S=10 L/kg batch eluate; 0.45 um filtration; exact standard edition not explicit in article Methods,10 L/kg,4 months indoor barrel storage,ug/L,3.5,0.7,8.0,0.0,numeric_mean_transcribed_from_public_table,numeric_mean_transcribed_from_public_table,,128.57142857142858,0.8266785731844679,higher,,,not_assessed_no_EUwide_limit,not_assessed_no_threshold_in_this_extract,"One Kassel WtE source composite: 40 increments (about 1.7 Mg) sampled on nine days, then divided into raw and indoor 4-month storage portions. The duplicate leaching determinations and size fractions are nested within this one material lineage.","SI p.24 Table S22; Methods §§3.2-3.4; Cu, separate glass fraction","Open CC-BY article and SI Tables S18-S22. Eluate was prepared at L/S=10 L/kg, filtered at 0.45 um, and analysed in duplicate; the Methods do not unambiguously name a test-standard edition. LOD is not numerically specified in the tables. German LAGA/TL benchmarks are not EU-wide rules. Table S20 has one blank Pb cell (8-16 mm); it is coded not reported, not zero or <LOD.",,,,,,,,,,,,,,,,
VATEVA_LANER2020,"Vateva & Laner (2020), Resources 9:66",10.3390/resources9060066,https://doi.org/10.3390/resources9060066,Germany,EU-27 at study publication; single Kassel facility/source,VATEVA2020-Kassel-split-composite,1,VATEVA2020-indoor-storage-4months,indoor storage ageing for 4 months,separately sorted glass material,glass fraction; not pooled with aggregate mineral fractions eluate,Hg,elemental_leaching_endpoint,L/S=10 L/kg batch eluate; 0.45 um filtration; exact standard edition not explicit in article Methods,10 L/kg,4 months indoor barrel storage,ug/L,,,,,left_censored_below_LOD; numerical_LOD_not_reported,left_censored_below_LOD; numerical_LOD_not_reported,,,,not_estimable,,,not_assessed_no_EUwide_limit,not_assessed_no_threshold_in_this_extract,"One Kassel WtE source composite: 40 increments (about 1.7 Mg) sampled on nine days, then divided into raw and indoor 4-month storage portions. The duplicate leaching determinations and size fractions are nested within this one material lineage.","SI p.24 Table S22; Methods §§3.2-3.4; Hg, separate glass fraction","Open CC-BY article and SI Tables S18-S22. Eluate was prepared at L/S=10 L/kg, filtered at 0.45 um, and analysed in duplicate; the Methods do not unambiguously name a test-standard edition. LOD is not numerically specified in the tables. German LAGA/TL benchmarks are not EU-wide rules. Table S20 has one blank Pb cell (8-16 mm); it is coded not reported, not zero or <LOD.",,,,,,,,,,,,,,,,
VATEVA_LANER2020,"Vateva & Laner (2020), Resources 9:66",10.3390/resources9060066,https://doi.org/10.3390/resources9060066,Germany,EU-27 at study publication; single Kassel facility/source,VATEVA2020-Kassel-split-composite,1,VATEVA2020-indoor-storage-4months,indoor storage ageing for 4 months,separately sorted glass material,glass fraction; not pooled with aggregate mineral fractions eluate,Ni,elemental_leaching_endpoint,L/S=10 L/kg batch eluate; 0.45 um filtration; exact standard edition not explicit in article Methods,10 L/kg,4 months indoor barrel storage,ug/L,,,,,left_censored_below_LOD; numerical_LOD_not_reported,left_censored_below_LOD; numerical_LOD_not_reported,,,,not_estimable,,,not_assessed_no_EUwide_limit,not_assessed_no_threshold_in_this_extract,"One Kassel WtE source composite: 40 increments (about 1.7 Mg) sampled on nine days, then divided into raw and indoor 4-month storage portions. The duplicate leaching determinations and size fractions are nested within this one material lineage.","SI p.24 Table S22; Methods §§3.2-3.4; Ni, separate glass fraction","Open CC-BY article and SI Tables S18-S22. Eluate was prepared at L/S=10 L/kg, filtered at 0.45 um, and analysed in duplicate; the Methods do not unambiguously name a test-standard edition. LOD is not numerically specified in the tables. German LAGA/TL benchmarks are not EU-wide rules. Table S20 has one blank Pb cell (8-16 mm); it is coded not reported, not zero or <LOD.",,,,,,,,,,,,,,,,
VATEVA_LANER2020,"Vateva & Laner (2020), Resources 9:66",10.3390/resources9060066,https://doi.org/10.3390/resources9060066,Germany,EU-27 at study publication; single Kassel facility/source,VATEVA2020-Kassel-split-composite,1,VATEVA2020-indoor-storage-4months,indoor storage ageing for 4 months,separately sorted glass material,glass fraction; not pooled with aggregate mineral fractions eluate,Pb,elemental_leaching_endpoint,L/S=10 L/kg batch eluate; 0.45 um filtration; exact standard edition not explicit in article Methods,10 L/kg,4 months indoor barrel storage,ug/L,,,,,left_censored_below_LOD; numerical_LOD_not_reported,left_censored_below_LOD; numerical_LOD_not_reported,,,,not_estimable,,,not_assessed_no_EUwide_limit,not_assessed_no_threshold_in_this_extract,"One Kassel WtE source composite: 40 increments (about 1.7 Mg) sampled on nine days, then divided into raw and indoor 4-month storage portions. The duplicate leaching determinations and size fractions are nested within this one material lineage.","SI p.24 Table S22; Methods §§3.2-3.4; Pb, separate glass fraction","Open CC-BY article and SI Tables S18-S22. Eluate was prepared at L/S=10 L/kg, filtered at 0.45 um, and analysed in duplicate; the Methods do not unambiguously name a test-standard edition. LOD is not numerically specified in the tables. German LAGA/TL benchmarks are not EU-wide rules. Table S20 has one blank Pb cell (8-16 mm); it is coded not reported, not zero or <LOD.",,,,,,,,,,,,,,,,
VATEVA_LANER2020,"Vateva & Laner (2020), Resources 9:66",10.3390/resources9060066,https://doi.org/10.3390/resources9060066,Germany,EU-27 at study publication; single Kassel facility/source,VATEVA2020-Kassel-split-composite,1,VATEVA2020-indoor-storage-4months,indoor storage ageing for 4 months,separately sorted glass material,glass fraction; not pooled with aggregate mineral fractions eluate,Zn,elemental_leaching_endpoint,L/S=10 L/kg batch eluate; 0.45 um filtration; exact standard edition not explicit in article Methods,10 L/kg,4 months indoor barrel storage,ug/L,13.5,2.1,112.0,42.4,numeric_mean_transcribed_from_public_table,numeric_mean_transcribed_from_public_table,,729.6296296296297,2.115809185850711,higher,,,not_assessed_no_EUwide_limit,not_assessed_no_threshold_in_this_extract,"One Kassel WtE source composite: 40 increments (about 1.7 Mg) sampled on nine days, then divided into raw and indoor 4-month storage portions. The duplicate leaching determinations and size fractions are nested within this one material lineage.","SI p.24 Table S22; Methods §§3.2-3.4; Zn, separate glass fraction","Open CC-BY article and SI Tables S18-S22. Eluate was prepared at L/S=10 L/kg, filtered at 0.45 um, and analysed in duplicate; the Methods do not unambiguously name a test-standard edition. LOD is not numerically specified in the tables. German LAGA/TL benchmarks are not EU-wide rules. Table S20 has one blank Pb cell (8-16 mm); it is coded not reported, not zero or <LOD.",,,,,,,,,,,,,,,,
SIMON_SCHOLZ2023,"Simon & Scholz (2023), Applied Sciences 13(24):13228",10.3390/app132413228,https://doi.org/10.3390/app132413228,Germany,"Germany; country-specific evidence, not EU-27 pooled evidence",SIMON_SCHOLZ2023-Germany-PlantA-composite,2,indoor_storage_day84,Indoor storage/aging to day 84,bulk IBA; size fraction not reported for Table S3,ash eluate; cumulative column release,As,elemental_leaching_endpoint,DIN 19528 column test,2 L/kg,,mg/kg,0.00037449,,0.00141082,,numeric_as_printed_in_SI_including_zero,numeric_as_printed_in_SI_including_zero,,276.73102085502944,1.326361274284186,higher,,,,,One 400–600 kg Plant A sample collected after wet extraction and Fe/NFe removal; Table S3 duplicate analyses are technical repeats nested in this single lineage. Fresh day 0 is paired with indoor-stored day 84 material.,"SI Table S3, printed duplicate block 1, PDF p.6, As; main article Methods p.3 for test standards and Figure 6 caption for day-84 indoor condition",Numeric cells transcribed from public SI Table S3 only; the article's Data Availability statement says the complete raw dataset is available from the authors on request. No request-only raw data are used here.,Plant A; post-wet-extraction ash after Fe/NFe removal,One 400–600 kg Plant A sample collected after wet extraction and Fe/NFe removal; Table S3 duplicate analyses are technical repeats nested in this single lineage. Fresh day 0 is paired with indoor-stored day 84 material.,fresh day 0,"aged day 84, indoor storage",1,6,column,0.00037449,0.00141082,0.0010363299999999998,276.73102085502944,False,Numeric cells transcribed from public SI Table S3 only; the article's Data Availability statement says the complete raw dataset is available from the authors on request. No request-only raw data are used here.,"Printed numeric zero is retained as zero at displayed precision, not reclassified as <LOD; an empty cell remains missing/not reported.",mg/kg,v92 bbox extraction; six source-table anchor checks passed
SIMON_SCHOLZ2023,"Simon & Scholz (2023), Applied Sciences 13(24):13228",10.3390/app132413228,https://doi.org/10.3390/app132413228,Germany,"Germany; country-specific evidence, not EU-27 pooled evidence",SIMON_SCHOLZ2023-Germany-PlantA-composite,2,indoor_storage_day84,Indoor storage/aging to day 84,bulk IBA; size fraction not reported for Table S3,ash eluate; cumulative column release,As,elemental_leaching_endpoint,DIN 19528 column test,10 L/kg,,mg/kg,0.00132958,,0.01012052,,numeric_as_printed_in_SI_including_zero,numeric_as_printed_in_SI_including_zero,,661.1817265602672,2.0297019430504646,higher,,,,,One 400–600 kg Plant A sample collected after wet extraction and Fe/NFe removal; Table S3 duplicate analyses are technical repeats nested in this single lineage. Fresh day 0 is paired with indoor-stored day 84 material.,"SI Table S3, printed duplicate block 1, PDF p.6, As; main article Methods p.3 for test standards and Figure 6 caption for day-84 indoor condition",Numeric cells transcribed from public SI Table S3 only; the article's Data Availability statement says the complete raw dataset is available from the authors on request. No request-only raw data are used here.,Plant A; post-wet-extraction ash after Fe/NFe removal,One 400–600 kg Plant A sample collected after wet extraction and Fe/NFe removal; Table S3 duplicate analyses are technical repeats nested in this single lineage. Fresh day 0 is paired with indoor-stored day 84 material.,fresh day 0,"aged day 84, indoor storage",1,6,column,0.00132958,0.01012052,0.008790939999999999,661.1817265602672,False,Numeric cells transcribed from public SI Table S3 only; the article's Data Availability statement says the complete raw dataset is available from the authors on request. No request-only raw data are used here.,"Printed numeric zero is retained as zero at displayed precision, not reclassified as <LOD; an empty cell remains missing/not reported.",mg/kg,v92 bbox extraction; six source-table anchor checks passed
SIMON_SCHOLZ2023,"Simon & Scholz (2023), Applied Sciences 13(24):13228",10.3390/app132413228,https://doi.org/10.3390/app132413228,Germany,"Germany; country-specific evidence, not EU-27 pooled evidence",SIMON_SCHOLZ2023-Germany-PlantA-composite,2,indoor_storage_day84,Indoor storage/aging to day 84,bulk IBA; size fraction not reported for Table S3,ash eluate; batch leached amount,As,elemental_leaching_endpoint,DIN 19529 batch test,2 L/kg,,mg/kg,0.00020626,,,,numeric_as_printed_in_SI_including_zero,blank_not_reported_in_SI,,,,not_estimable_due_to_blank,,,,,One 400–600 kg Plant A sample collected after wet extraction and Fe/NFe removal; Table S3 duplicate analyses are technical repeats nested in this single lineage. Fresh day 0 is paired with indoor-stored day 84 material.,"SI Table S3, printed duplicate block 1, PDF p.6, As; main article Methods p.3 for test standards and Figure 6 caption for day-84 indoor condition",Numeric cells transcribed from public SI Table S3 only; the article's Data Availability statement says the complete raw dataset is available from the authors on request. No request-only raw data are used here.,Plant A; post-wet-extraction ash after Fe/NFe removal,One 400–600 kg Plant A sample collected after wet extraction and Fe/NFe removal; Table S3 duplicate analyses are technical repeats nested in this single lineage. Fresh day 0 is paired with indoor-stored day 84 material.,fresh day 0,"aged day 84, indoor storage",1,6,batch,0.00020626,,,,False,Numeric cells transcribed from public SI Table S3 only; the article's Data Availability statement says the complete raw dataset is available from the authors on request. No request-only raw data are used here.,"Printed numeric zero is retained as zero at displayed precision, not reclassified as <LOD; an empty cell remains missing/not reported.",mg/kg,v92 bbox extraction; six source-table anchor checks passed
SIMON_SCHOLZ2023,"Simon & Scholz (2023), Applied Sciences 13(24):13228",10.3390/app132413228,https://doi.org/10.3390/app132413228,Germany,"Germany; country-specific evidence, not EU-27 pooled evidence",SIMON_SCHOLZ2023-Germany-PlantA-composite,2,indoor_storage_day84,Indoor storage/aging to day 84,bulk IBA; size fraction not reported for Table S3,ash eluate; batch leached amount,As,elemental_leaching_endpoint,DIN EN 12457 batch test,10 L/kg,,mg/kg,0.0005998,,,,numeric_as_printed_in_SI_including_zero,blank_not_reported_in_SI,,,,not_estimable_due_to_blank,,,,,One 400–600 kg Plant A sample collected after wet extraction and Fe/NFe removal; Table S3 duplicate analyses are technical repeats nested in this single lineage. Fresh day 0 is paired with indoor-stored day 84 material.,"SI Table S3, printed duplicate block 1, PDF p.6, As; main article Methods p.3 for test standards and Figure 6 caption for day-84 indoor condition",Numeric cells transcribed from public SI Table S3 only; the article's Data Availability statement says the complete raw dataset is available from the authors on request. No request-only raw data are used here.,Plant A; post-wet-extraction ash after Fe/NFe removal,One 400–600 kg Plant A sample collected after wet extraction and Fe/NFe removal; Table S3 duplicate analyses are technical repeats nested in this single lineage. Fresh day 0 is paired with indoor-stored day 84 material.,fresh day 0,"aged day 84, indoor storage",1,6,batch,0.0005998,,,,False,Numeric cells transcribed from public SI Table S3 only; the article's Data Availability statement says the complete raw dataset is available from the authors on request. No request-only raw data are used here.,"Printed numeric zero is retained as zero at displayed precision, not reclassified as <LOD; an empty cell remains missing/not reported.",mg/kg,v92 bbox extraction; six source-table anchor checks passed
SIMON_SCHOLZ2023,"Simon & Scholz (2023), Applied Sciences 13(24):13228",10.3390/app132413228,https://doi.org/10.3390/app132413228,Germany,"Germany; country-specific evidence, not EU-27 pooled evidence",SIMON_SCHOLZ2023-Germany-PlantA-composite,2,indoor_storage_day84,Indoor storage/aging to day 84,bulk IBA; size fraction not reported for Table S3,ash eluate; cumulative column release,As,elemental_leaching_endpoint,DIN 19528 column test,2 L/kg,,mg/kg,0.00048343,,0.00184786,,numeric_as_printed_in_SI_including_zero,numeric_as_printed_in_SI_including_zero,,282.2394141861283,1.3408769650069452,higher,,,,,One 400–600 kg Plant A sample collected after wet extraction and Fe/NFe removal; Table S3 duplicate analyses are technical repeats nested in this single lineage. Fresh day 0 is paired with indoor-stored day 84 material.,"SI Table S3, printed duplicate block 2, PDF p.7, As; main article Methods p.3 for test standards and Figure 6 caption for day-84 indoor condition",Numeric cells transcribed from public SI Table S3 only; the article's Data Availability statement says the complete raw dataset is available from the authors on request. No request-only raw data are used here.,Plant A; post-wet-extraction ash after Fe/NFe removal,One 400–600 kg Plant A sample collected after wet extraction and Fe/NFe removal; Table S3 duplicate analyses are technical repeats nested in this single lineage. Fresh day 0 is paired with indoor-stored day 84 material.,fresh day 0,"aged day 84, indoor storage",2,7,column,0.00048343,0.00184786,0.00136443,282.2394141861283,False,Numeric cells transcribed from public SI Table S3 only; the article's Data Availability statement says the complete raw dataset is available from the authors on request. No request-only raw data are used here.,"Printed numeric zero is retained as zero at displayed precision, not reclassified as <LOD; an empty cell remains missing/not reported.",mg/kg,v92 bbox extraction; six source-table anchor checks passed
SIMON_SCHOLZ2023,"Simon & Scholz (2023), Applied Sciences 13(24):13228",10.3390/app132413228,https://doi.org/10.3390/app132413228,Germany,"Germany; country-specific evidence, not EU-27 pooled evidence",SIMON_SCHOLZ2023-Germany-PlantA-composite,2,indoor_storage_day84,Indoor storage/aging to day 84,bulk IBA; size fraction not reported for Table S3,ash eluate; cumulative column release,As,elemental_leaching_endpoint,DIN 19528 column test,10 L/kg,,mg/kg,0.00133825,,0.00613723,,numeric_as_printed_in_SI_including_zero,numeric_as_printed_in_SI_including_zero,,358.6011582290304,1.5230107100082548,higher,,,,,One 400–600 kg Plant A sample collected after wet extraction and Fe/NFe removal; Table S3 duplicate analyses are technical repeats nested in this single lineage. Fresh day 0 is paired with indoor-stored day 84 material.,"SI Table S3, printed duplicate block 2, PDF p.7, As; main article Methods p.3 for test standards and Figure 6 caption for day-84 indoor condition",Numeric cells transcribed from public SI Table S3 only; the article's Data Availability statement says the complete raw dataset is available from the authors on request. No request-only raw data are used here.,Plant A; post-wet-extraction ash after Fe/NFe removal,One 400–600 kg Plant A sample collected after wet extraction and Fe/NFe removal; Table S3 duplicate analyses are technical repeats nested in this single lineage. Fresh day 0 is paired with indoor-stored day 84 material.,fresh day 0,"aged day 84, indoor storage",2,7,column,0.00133825,0.00613723,0.0047989799999999996,358.6011582290304,False,Numeric cells transcribed from public SI Table S3 only; the article's Data Availability statement says the complete raw dataset is available from the authors on request. No request-only raw data are used here.,"Printed numeric zero is retained as zero at displayed precision, not reclassified as <LOD; an empty cell remains missing/not reported.",mg/kg,v92 bbox extraction; six source-table anchor checks passed
SIMON_SCHOLZ2023,"Simon & Scholz (2023), Applied Sciences 13(24):13228",10.3390/app132413228,https://doi.org/10.3390/app132413228,Germany,"Germany; country-specific evidence, not EU-27 pooled evidence",SIMON_SCHOLZ2023-Germany-PlantA-composite,2,indoor_storage_day84,Indoor storage/aging to day 84,bulk IBA; size fraction not reported for Table S3,ash eluate; batch leached amount,As,elemental_leaching_endpoint,DIN 19529 batch test,2 L/kg,,mg/kg,0.00017431,,,,numeric_as_printed_in_SI_including_zero,blank_not_reported_in_SI,,,,not_estimable_due_to_blank,,,,,One 400–600 kg Plant A sample collected after wet extraction and Fe/NFe removal; Table S3 duplicate analyses are technical repeats nested in this single lineage. Fresh day 0 is paired with indoor-stored day 84 material.,"SI Table S3, printed duplicate block 2, PDF p.7, As; main article Methods p.3 for test standards and Figure 6 caption for day-84 indoor condition",Numeric cells transcribed from public SI Table S3 only; the article's Data Availability statement says the complete raw dataset is available from the authors on request. No request-only raw data are used here.,Plant A; post-wet-extraction ash after Fe/NFe removal,One 400–600 kg Plant A sample collected after wet extraction and Fe/NFe removal; Table S3 duplicate analyses are technical repeats nested in this single lineage. Fresh day 0 is paired with indoor-stored day 84 material.,fresh day 0,"aged day 84, indoor storage",2,7,batch,0.00017431,,,,False,Numeric cells transcribed from public SI Table S3 only; the article's Data Availability statement says the complete raw dataset is available from the authors on request. No request-only raw data are used here.,"Printed numeric zero is retained as zero at displayed precision, not reclassified as <LOD; an empty cell remains missing/not reported.",mg/kg,v92 bbox extraction; six source-table anchor checks passed
SIMON_SCHOLZ2023,"Simon & Scholz (2023), Applied Sciences 13(24):13228",10.3390/app132413228,https://doi.org/10.3390/app132413228,Germany,"Germany; country-specific evidence, not EU-27 pooled evidence",SIMON_SCHOLZ2023-Germany-PlantA-composite,2,indoor_storage_day84,Indoor storage/aging to day 84,bulk IBA; size fraction not reported for Table S3,ash eluate; batch leached amount,As,elemental_leaching_endpoint,DIN EN 12457 batch test,10 L/kg,,mg/kg,0.00062466,,,,numeric_as_printed_in_SI_including_zero,blank_not_reported_in_SI,,,,not_estimable_due_to_blank,,,,,One 400–600 kg Plant A sample collected after wet extraction and Fe/NFe removal; Table S3 duplicate analyses are technical repeats nested in this single lineage. Fresh day 0 is paired with indoor-stored day 84 material.,"SI Table S3, printed duplicate block 2, PDF p.7, As; main article Methods p.3 for test standards and Figure 6 caption for day-84 indoor condition",Numeric cells transcribed from public SI Table S3 only; the article's Data Availability statement says the complete raw dataset is available from the authors on request. No request-only raw data are used here.,Plant A; post-wet-extraction ash after Fe/NFe removal,One 400–600 kg Plant A sample collected after wet extraction and Fe/NFe removal; Table S3 duplicate analyses are technical repeats nested in this single lineage. Fresh day 0 is paired with indoor-stored day 84 material.,fresh day 0,"aged day 84, indoor storage",2,7,batch,0.00062466,,,,False,Numeric cells transcribed from public SI Table S3 only; the article's Data Availability statement says the complete raw dataset is available from the authors on request. No request-only raw data are used here.,"Printed numeric zero is retained as zero at displayed precision, not reclassified as <LOD; an empty cell remains missing/not reported.",mg/kg,v92 bbox extraction; six source-table anchor checks passed
SIMON_SCHOLZ2023,"Simon & Scholz (2023), Applied Sciences 13(24):13228",10.3390/app132413228,https://doi.org/10.3390/app132413228,Germany,"Germany; country-specific evidence, not EU-27 pooled evidence",SIMON_SCHOLZ2023-Germany-PlantA-composite,2,indoor_storage_day84,Indoor storage/aging to day 84,bulk IBA; size fraction not reported for Table S3,ash eluate; cumulative column release,Cd,elemental_leaching_endpoint,DIN 19528 column test,2 L/kg,,mg/kg,0.0,,2.8941e-05,,numeric_as_printed_in_SI_including_zero,numeric_as_printed_in_SI_including_zero,,,,higher,,,,,One 400–600 kg Plant A sample collected after wet extraction and Fe/NFe removal; Table S3 duplicate analyses are technical repeats nested in this single lineage. Fresh day 0 is paired with indoor-stored day 84 material.,"SI Table S3, printed duplicate block 1, PDF p.6, Cd; main article Methods p.3 for test standards and Figure 6 caption for day-84 indoor condition",Numeric cells transcribed from public SI Table S3 only; the article's Data Availability statement says the complete raw dataset is available from the authors on request. No request-only raw data are used here.,Plant A; post-wet-extraction ash after Fe/NFe removal,One 400–600 kg Plant A sample collected after wet extraction and Fe/NFe removal; Table S3 duplicate analyses are technical repeats nested in this single lineage. Fresh day 0 is paired with indoor-stored day 84 material.,fresh day 0,"aged day 84, indoor storage",1,6,column,0.0,2.8941e-05,2.8941e-05,,False,Numeric cells transcribed from public SI Table S3 only; the article's Data Availability statement says the complete raw dataset is available from the authors on request. No request-only raw data are used here.,"Printed numeric zero is retained as zero at displayed precision, not reclassified as <LOD; an empty cell remains missing/not reported.",mg/kg,v92 bbox extraction; six source-table anchor checks passed
SIMON_SCHOLZ2023,"Simon & Scholz (2023), Applied Sciences 13(24):13228",10.3390/app132413228,https://doi.org/10.3390/app132413228,Germany,"Germany; country-specific evidence, not EU-27 pooled evidence",SIMON_SCHOLZ2023-Germany-PlantA-composite,2,indoor_storage_day84,Indoor storage/aging to day 84,bulk IBA; size fraction not reported for Table S3,ash eluate; cumulative column release,Cd,elemental_leaching_endpoint,DIN 19528 column test,10 L/kg,,mg/kg,0.0,,0.00075822,,numeric_as_printed_in_SI_including_zero,numeric_as_printed_in_SI_including_zero,,,,higher,,,,,One 400–600 kg Plant A sample collected after wet extraction and Fe/NFe removal; Table S3 duplicate analyses are technical repeats nested in this single lineage. Fresh day 0 is paired with indoor-stored day 84 material.,"SI Table S3, printed duplicate block 1, PDF p.6, Cd; main article Methods p.3 for test standards and Figure 6 caption for day-84 indoor condition",Numeric cells transcribed from public SI Table S3 only; the article's Data Availability statement says the complete raw dataset is available from the authors on request. No request-only raw data are used here.,Plant A; post-wet-extraction ash after Fe/NFe removal,One 400–600 kg Plant A sample collected after wet extraction and Fe/NFe removal; Table S3 duplicate analyses are technical repeats nested in this single lineage. Fresh day 0 is paired with indoor-stored day 84 material.,fresh day 0,"aged day 84, indoor storage",1,6,column,0.0,0.00075822,0.00075822,,False,Numeric cells transcribed from public SI Table S3 only; the article's Data Availability statement says the complete raw dataset is available from the authors on request. No request-only raw data are used here.,"Printed numeric zero is retained as zero at displayed precision, not reclassified as <LOD; an empty cell remains missing/not reported.",mg/kg,v92 bbox extraction; six source-table anchor checks passed
SIMON_SCHOLZ2023,"Simon & Scholz (2023), Applied Sciences 13(24):13228",10.3390/app132413228,https://doi.org/10.3390/app132413228,Germany,"Germany; country-specific evidence, not EU-27 pooled evidence",SIMON_SCHOLZ2023-Germany-PlantA-composite,2,indoor_storage_day84,Indoor storage/aging to day 84,bulk IBA; size fraction not reported for Table S3,ash eluate; batch leached amount,Cd,elemental_leaching_endpoint,DIN 19529 batch test,2 L/kg,,mg/kg,,,0.00018497,,blank_not_reported_in_SI,numeric_as_printed_in_SI_including_zero,,,,not_estimable_due_to_blank,,,,,One 400–600 kg Plant A sample collected after wet extraction and Fe/NFe removal; Table S3 duplicate analyses are technical repeats nested in this single lineage. Fresh day 0 is paired with indoor-stored day 84 material.,"SI Table S3, printed duplicate block 1, PDF p.6, Cd; main article Methods p.3 for test standards and Figure 6 caption for day-84 indoor condition",Numeric cells transcribed from public SI Table S3 only; the article's Data Availability statement says the complete raw dataset is available from the authors on request. No request-only raw data are used here.,Plant A; post-wet-extraction ash after Fe/NFe removal,One 400–600 kg Plant A sample collected after wet extraction and Fe/NFe removal; Table S3 duplicate analyses are technical repeats nested in this single lineage. Fresh day 0 is paired with indoor-stored day 84 material.,fresh day 0,"aged day 84, indoor storage",1,6,batch,,0.00018497,,,False,Numeric cells transcribed from public SI Table S3 only; the article's Data Availability statement says the complete raw dataset is available from the authors on request. No request-only raw data are used here.,"Printed numeric zero is retained as zero at displayed precision, not reclassified as <LOD; an empty cell remains missing/not reported.",mg/kg,v92 bbox extraction; six source-table anchor checks passed
SIMON_SCHOLZ2023,"Simon & Scholz (2023), Applied Sciences 13(24):13228",10.3390/app132413228,https://doi.org/10.3390/app132413228,Germany,"Germany; country-specific evidence, not EU-27 pooled evidence",SIMON_SCHOLZ2023-Germany-PlantA-composite,2,indoor_storage_day84,Indoor storage/aging to day 84,bulk IBA; size fraction not reported for Table S3,ash eluate; batch leached amount,Cd,elemental_leaching_endpoint,DIN EN 12457 batch test,10 L/kg,,mg/kg,,,0.00147812,,blank_not_reported_in_SI,numeric_as_printed_in_SI_including_zero,,,,not_estimable_due_to_blank,,,,,One 400–600 kg Plant A sample collected after wet extraction and Fe/NFe removal; Table S3 duplicate analyses are technical repeats nested in this single lineage. Fresh day 0 is paired with indoor-stored day 84 material.,"SI Table S3, printed duplicate block 1, PDF p.6, Cd; main article Methods p.3 for test standards and Figure 6 caption for day-84 indoor condition",Numeric cells transcribed from public SI Table S3 only; the article's Data Availability statement says the complete raw dataset is available from the authors on request. No request-only raw data are used here.,Plant A; post-wet-extraction ash after Fe/NFe removal,One 400–600 kg Plant A sample collected after wet extraction and Fe/NFe removal; Table S3 duplicate analyses are technical repeats nested in this single lineage. Fresh day 0 is paired with indoor-stored day 84 material.,fresh day 0,"aged day 84, indoor storage",1,6,batch,,0.00147812,,,False,Numeric cells transcribed from public SI Table S3 only; the article's Data Availability statement says the complete raw dataset is available from the authors on request. No request-only raw data are used here.,"Printed numeric zero is retained as zero at displayed precision, not reclassified as <LOD; an empty cell remains missing/not reported.",mg/kg,v92 bbox extraction; six source-table anchor checks passed
SIMON_SCHOLZ2023,"Simon & Scholz (2023), Applied Sciences 13(24):13228",10.3390/app132413228,https://doi.org/10.3390/app132413228,Germany,"Germany; country-specific evidence, not EU-27 pooled evidence",SIMON_SCHOLZ2023-Germany-PlantA-composite,2,indoor_storage_day84,Indoor storage/aging to day 84,bulk IBA; size fraction not reported for Table S3,ash eluate; cumulative column release,Cd,elemental_leaching_endpoint,DIN 19528 column test,2 L/kg,,mg/kg,0.0,,1.9666e-05,,numeric_as_printed_in_SI_including_zero,numeric_as_printed_in_SI_including_zero,,,,higher,,,,,One 400–600 kg Plant A sample collected after wet extraction and Fe/NFe removal; Table S3 duplicate analyses are technical repeats nested in this single lineage. Fresh day 0 is paired with indoor-stored day 84 material.,"SI Table S3, printed duplicate block 2, PDF p.7, Cd; main article Methods p.3 for test standards and Figure 6 caption for day-84 indoor condition",Numeric cells transcribed from public SI Table S3 only; the article's Data Availability statement says the complete raw dataset is available from the authors on request. No request-only raw data are used here.,Plant A; post-wet-extraction ash after Fe/NFe removal,One 400–600 kg Plant A sample collected after wet extraction and Fe/NFe removal; Table S3 duplicate analyses are technical repeats nested in this single lineage. Fresh day 0 is paired with indoor-stored day 84 material.,fresh day 0,"aged day 84, indoor storage",2,7,column,0.0,1.9666e-05,1.9666e-05,,False,Numeric cells transcribed from public SI Table S3 only; the article's Data Availability statement says the complete raw dataset is available from the authors on request. No request-only raw data are used here.,"Printed numeric zero is retained as zero at displayed precision, not reclassified as <LOD; an empty cell remains missing/not reported.",mg/kg,v92 bbox extraction; six source-table anchor checks passed
SIMON_SCHOLZ2023,"Simon & Scholz (2023), Applied Sciences 13(24):13228",10.3390/app132413228,https://doi.org/10.3390/app132413228,Germany,"Germany; country-specific evidence, not EU-27 pooled evidence",SIMON_SCHOLZ2023-Germany-PlantA-composite,2,indoor_storage_day84,Indoor storage/aging to day 84,bulk IBA; size fraction not reported for Table S3,ash eluate; cumulative column release,Cd,elemental_leaching_endpoint,DIN 19528 column test,10 L/kg,,mg/kg,0.0,,1.9666e-05,,numeric_as_printed_in_SI_including_zero,numeric_as_printed_in_SI_including_zero,,,,higher,,,,,One 400–600 kg Plant A sample collected after wet extraction and Fe/NFe removal; Table S3 duplicate analyses are technical repeats nested in this single lineage. Fresh day 0 is paired with indoor-stored day 84 material.,"SI Table S3, printed duplicate block 2, PDF p.7, Cd; main article Methods p.3 for test standards and Figure 6 caption for day-84 indoor condition",Numeric cells transcribed from public SI Table S3 only; the article's Data Availability statement says the complete raw dataset is available from the authors on request. No request-only raw data are used here.,Plant A; post-wet-extraction ash after Fe/NFe removal,One 400–600 kg Plant A sample collected after wet extraction and Fe/NFe removal; Table S3 duplicate analyses are technical repeats nested in this single lineage. Fresh day 0 is paired with indoor-stored day 84 material.,fresh day 0,"aged day 84, indoor storage",2,7,column,0.0,1.9666e-05,1.9666e-05,,False,Numeric cells transcribed from public SI Table S3 only; the article's Data Availability statement says the complete raw dataset is available from the authors on request. No request-only raw data are used here.,"Printed numeric zero is retained as zero at displayed precision, not reclassified as <LOD; an empty cell remains missing/not reported.",mg/kg,v92 bbox extraction; six source-table anchor checks passed
SIMON_SCHOLZ2023,"Simon & Scholz (2023), Applied Sciences 13(24):13228",10.3390/app132413228,https://doi.org/10.3390/app132413228,Germany,"Germany; country-specific evidence, not EU-27 pooled evidence",SIMON_SCHOLZ2023-Germany-PlantA-composite,2,indoor_storage_day84,Indoor storage/aging to day 84,bulk IBA; size fraction not reported for Table S3,ash eluate; batch leached amount,Cd,elemental_leaching_endpoint,DIN 19529 batch test,2 L/kg,,mg/kg,,,0.00034113,,blank_not_reported_in_SI,numeric_as_printed_in_SI_including_zero,,,,not_estimable_due_to_blank,,,,,One 400–600 kg Plant A sample collected after wet extraction and Fe/NFe removal; Table S3 duplicate analyses are technical repeats nested in this single lineage. Fresh day 0 is paired with indoor-stored day 84 material.,"SI Table S3, printed duplicate block 2, PDF p.7, Cd; main article Methods p.3 for test standards and Figure 6 caption for day-84 indoor condition",Numeric cells transcribed from public SI Table S3 only; the article's Data Availability statement says the complete raw dataset is available from the authors on request. No request-only raw data are used here.,Plant A; post-wet-extraction ash after Fe/NFe removal,One 400–600 kg Plant A sample collected after wet extraction and Fe/NFe removal; Table S3 duplicate analyses are technical repeats nested in this single lineage. Fresh day 0 is paired with indoor-stored day 84 material.,fresh day 0,"aged day 84, indoor storage",2,7,batch,,0.00034113,,,False,Numeric cells transcribed from public SI Table S3 only; the article's Data Availability statement says the complete raw dataset is available from the authors on request. No request-only raw data are used here.,"Printed numeric zero is retained as zero at displayed precision, not reclassified as <LOD; an empty cell remains missing/not reported.",mg/kg,v92 bbox extraction; six source-table anchor checks passed
SIMON_SCHOLZ2023,"Simon & Scholz (2023), Applied Sciences 13(24):13228",10.3390/app132413228,https://doi.org/10.3390/app132413228,Germany,"Germany; country-specific evidence, not EU-27 pooled evidence",SIMON_SCHOLZ2023-Germany-PlantA-composite,2,indoor_storage_day84,Indoor storage/aging to day 84,bulk IBA; size fraction not reported for Table S3,ash eluate; batch leached amount,Cd,elemental_leaching_endpoint,DIN EN 12457 batch test,10 L/kg,,mg/kg,0.000475,,0.00112496,,numeric_as_printed_in_SI_including_zero,numeric_as_printed_in_SI_including_zero,,136.83368421052631,0.86218795441621,higher,,,,,One 400–600 kg Plant A sample collected after wet extraction and Fe/NFe removal; Table S3 duplicate analyses are technical repeats nested in this single lineage. Fresh day 0 is paired with indoor-stored day 84 material.,"SI Table S3, printed duplicate block 2, PDF p.7, Cd; main article Methods p.3 for test standards and Figure 6 caption for day-84 indoor condition",Numeric cells transcribed from public SI Table S3 only; the article's Data Availability statement says the complete raw dataset is available from the authors on request. No request-only raw data are used here.,Plant A; post-wet-extraction ash after Fe/NFe removal,One 400–600 kg Plant A sample collected after wet extraction and Fe/NFe removal; Table S3 duplicate analyses are technical repeats nested in this single lineage. Fresh day 0 is paired with indoor-stored day 84 material.,fresh day 0,"aged day 84, indoor storage",2,7,batch,0.000475,0.00112496,0.00064996,136.83368421052631,False,Numeric cells transcribed from public SI Table S3 only; the article's Data Availability statement says the complete raw dataset is available from the authors on request. No request-only raw data are used here.,"Printed numeric zero is retained as zero at displayed precision, not reclassified as <LOD; an empty cell remains missing/not reported.",mg/kg,v92 bbox extraction; six source-table anchor checks passed
SIMON_SCHOLZ2023,"Simon & Scholz (2023), Applied Sciences 13(24):13228",10.3390/app132413228,https://doi.org/10.3390/app132413228,Germany,"Germany; country-specific evidence, not EU-27 pooled evidence",SIMON_SCHOLZ2023-Germany-PlantA-composite,2,indoor_storage_day84,Indoor storage/aging to day 84,bulk IBA; size fraction not reported for Table S3,ash eluate; cumulative column release,Cr,elemental_leaching_endpoint,DIN 19528 column test,2 L/kg,,mg/kg,0.00812208,,0.57656589,,numeric_as_printed_in_SI_including_zero,numeric_as_printed_in_SI_including_zero,,6998.746749601087,4.262503347320169,higher,,,,,One 400–600 kg Plant A sample collected after wet extraction and Fe/NFe removal; Table S3 duplicate analyses are technical repeats nested in this single lineage. Fresh day 0 is paired with indoor-stored day 84 material.,"SI Table S3, printed duplicate block 1, PDF p.6, Cr; main article Methods p.3 for test standards and Figure 6 caption for day-84 indoor condition",Numeric cells transcribed from public SI Table S3 only; the article's Data Availability statement says the complete raw dataset is available from the authors on request. No request-only raw data are used here.,Plant A; post-wet-extraction ash after Fe/NFe removal,One 400–600 kg Plant A sample collected after wet extraction and Fe/NFe removal; Table S3 duplicate analyses are technical repeats nested in this single lineage. Fresh day 0 is paired with indoor-stored day 84 material.,fresh day 0,"aged day 84, indoor storage",1,6,column,0.00812208,0.57656589,0.56844381,6998.746749601087,False,Numeric cells transcribed from public SI Table S3 only; the article's Data Availability statement says the complete raw dataset is available from the authors on request. No request-only raw data are used here.,"Printed numeric zero is retained as zero at displayed precision, not reclassified as <LOD; an empty cell remains missing/not reported.",mg/kg,v92 bbox extraction; six source-table anchor checks passed
SIMON_SCHOLZ2023,"Simon & Scholz (2023), Applied Sciences 13(24):13228",10.3390/app132413228,https://doi.org/10.3390/app132413228,Germany,"Germany; country-specific evidence, not EU-27 pooled evidence",SIMON_SCHOLZ2023-Germany-PlantA-composite,2,indoor_storage_day84,Indoor storage/aging to day 84,bulk IBA; size fraction not reported for Table S3,ash eluate; cumulative column release,Cr,elemental_leaching_endpoint,DIN 19528 column test,10 L/kg,,mg/kg,0.09167033,,0.84787879,,numeric_as_printed_in_SI_including_zero,numeric_as_printed_in_SI_including_zero,,824.9217167648465,2.2245389174184784,higher,,,,,One 400–600 kg Plant A sample collected after wet extraction and Fe/NFe removal; Table S3 duplicate analyses are technical repeats nested in this single lineage. Fresh day 0 is paired with indoor-stored day 84 material.,"SI Table S3, printed duplicate block 1, PDF p.6, Cr; main article Methods p.3 for test standards and Figure 6 caption for day-84 indoor condition",Numeric cells transcribed from public SI Table S3 only; the article's Data Availability statement says the complete raw dataset is available from the authors on request. No request-only raw data are used here.,Plant A; post-wet-extraction ash after Fe/NFe removal,One 400–600 kg Plant A sample collected after wet extraction and Fe/NFe removal; Table S3 duplicate analyses are technical repeats nested in this single lineage. Fresh day 0 is paired with indoor-stored day 84 material.,fresh day 0,"aged day 84, indoor storage",1,6,column,0.09167033,0.84787879,0.75620846,824.9217167648465,False,Numeric cells transcribed from public SI Table S3 only; the article's Data Availability statement says the complete raw dataset is available from the authors on request. No request-only raw data are used here.,"Printed numeric zero is retained as zero at displayed precision, not reclassified as <LOD; an empty cell remains missing/not reported.",mg/kg,v92 bbox extraction; six source-table anchor checks passed
SIMON_SCHOLZ2023,"Simon & Scholz (2023), Applied Sciences 13(24):13228",10.3390/app132413228,https://doi.org/10.3390/app132413228,Germany,"Germany; country-specific evidence, not EU-27 pooled evidence",SIMON_SCHOLZ2023-Germany-PlantA-composite,2,indoor_storage_day84,Indoor storage/aging to day 84,bulk IBA; size fraction not reported for Table S3,ash eluate; batch leached amount,Cr,elemental_leaching_endpoint,DIN 19529 batch test,2 L/kg,,mg/kg,0.00957194,,0.25460618,,numeric_as_printed_in_SI_including_zero,numeric_as_printed_in_SI_including_zero,,2559.9224399651484,3.2808820574547144,higher,,,,,One 400–600 kg Plant A sample collected after wet extraction and Fe/NFe removal; Table S3 duplicate analyses are technical repeats nested in this single lineage. Fresh day 0 is paired with indoor-stored day 84 material.,"SI Table S3, printed duplicate block 1, PDF p.6, Cr; main article Methods p.3 for test standards and Figure 6 caption for day-84 indoor condition",Numeric cells transcribed from public SI Table S3 only; the article's Data Availability statement says the complete raw dataset is available from the authors on request. No request-only raw data are used here.,Plant A; post-wet-extraction ash after Fe/NFe removal,One 400–600 kg Plant A sample collected after wet extraction and Fe/NFe removal; Table S3 duplicate analyses are technical repeats nested in this single lineage. Fresh day 0 is paired with indoor-stored day 84 material.,fresh day 0,"aged day 84, indoor storage",1,6,batch,0.00957194,0.25460618,0.24503424000000001,2559.9224399651484,False,Numeric cells transcribed from public SI Table S3 only; the article's Data Availability statement says the complete raw dataset is available from the authors on request. No request-only raw data are used here.,"Printed numeric zero is retained as zero at displayed precision, not reclassified as <LOD; an empty cell remains missing/not reported.",mg/kg,v92 bbox extraction; six source-table anchor checks passed
SIMON_SCHOLZ2023,"Simon & Scholz (2023), Applied Sciences 13(24):13228",10.3390/app132413228,https://doi.org/10.3390/app132413228,Germany,"Germany; country-specific evidence, not EU-27 pooled evidence",SIMON_SCHOLZ2023-Germany-PlantA-composite,2,indoor_storage_day84,Indoor storage/aging to day 84,bulk IBA; size fraction not reported for Table S3,ash eluate; batch leached amount,Cr,elemental_leaching_endpoint,DIN EN 12457 batch test,10 L/kg,,mg/kg,0.12104262,,0.66268537,,numeric_as_printed_in_SI_including_zero,numeric_as_printed_in_SI_including_zero,,447.48101949544713,1.7001576075134055,higher,,,,,One 400–600 kg Plant A sample collected after wet extraction and Fe/NFe removal; Table S3 duplicate analyses are technical repeats nested in this single lineage. Fresh day 0 is paired with indoor-stored day 84 material.,"SI Table S3, printed duplicate block 1, PDF p.6, Cr; main article Methods p.3 for test standards and Figure 6 caption for day-84 indoor condition",Numeric cells transcribed from public SI Table S3 only; the article's Data Availability statement says the complete raw dataset is available from the authors on request. No request-only raw data are used here.,Plant A; post-wet-extraction ash after Fe/NFe removal,One 400–600 kg Plant A sample collected after wet extraction and Fe/NFe removal; Table S3 duplicate analyses are technical repeats nested in this single lineage. Fresh day 0 is paired with indoor-stored day 84 material.,fresh day 0,"aged day 84, indoor storage",1,6,batch,0.12104262,0.66268537,0.5416427500000001,447.48101949544713,False,Numeric cells transcribed from public SI Table S3 only; the article's Data Availability statement says the complete raw dataset is available from the authors on request. No request-only raw data are used here.,"Printed numeric zero is retained as zero at displayed precision, not reclassified as <LOD; an empty cell remains missing/not reported.",mg/kg,v92 bbox extraction; six source-table anchor checks passed
SIMON_SCHOLZ2023,"Simon & Scholz (2023), Applied Sciences 13(24):13228",10.3390/app132413228,https://doi.org/10.3390/app132413228,Germany,"Germany; country-specific evidence, not EU-27 pooled evidence",SIMON_SCHOLZ2023-Germany-PlantA-composite,2,indoor_storage_day84,Indoor storage/aging to day 84,bulk IBA; size fraction not reported for Table S3,ash eluate; cumulative column release,Cr,elemental_leaching_endpoint,DIN 19528 column test,2 L/kg,,mg/kg,0.00959197,,0.59385635,,numeric_as_printed_in_SI_including_zero,numeric_as_printed_in_SI_including_zero,,6091.182311871285,4.125711164985024,higher,,,,,One 400–600 kg Plant A sample collected after wet extraction and Fe/NFe removal; Table S3 duplicate analyses are technical repeats nested in this single lineage. Fresh day 0 is paired with indoor-stored day 84 material.,"SI Table S3, printed duplicate block 2, PDF p.7, Cr; main article Methods p.3 for test standards and Figure 6 caption for day-84 indoor condition",Numeric cells transcribed from public SI Table S3 only; the article's Data Availability statement says the complete raw dataset is available from the authors on request. No request-only raw data are used here.,Plant A; post-wet-extraction ash after Fe/NFe removal,One 400–600 kg Plant A sample collected after wet extraction and Fe/NFe removal; Table S3 duplicate analyses are technical repeats nested in this single lineage. Fresh day 0 is paired with indoor-stored day 84 material.,fresh day 0,"aged day 84, indoor storage",2,7,column,0.00959197,0.59385635,0.58426438,6091.182311871285,False,Numeric cells transcribed from public SI Table S3 only; the article's Data Availability statement says the complete raw dataset is available from the authors on request. No request-only raw data are used here.,"Printed numeric zero is retained as zero at displayed precision, not reclassified as <LOD; an empty cell remains missing/not reported.",mg/kg,v92 bbox extraction; six source-table anchor checks passed
SIMON_SCHOLZ2023,"Simon & Scholz (2023), Applied Sciences 13(24):13228",10.3390/app132413228,https://doi.org/10.3390/app132413228,Germany,"Germany; country-specific evidence, not EU-27 pooled evidence",SIMON_SCHOLZ2023-Germany-PlantA-composite,2,indoor_storage_day84,Indoor storage/aging to day 84,bulk IBA; size fraction not reported for Table S3,ash eluate; cumulative column release,Cr,elemental_leaching_endpoint,DIN 19528 column test,10 L/kg,,mg/kg,0.09706546,,0.91714145,,numeric_as_printed_in_SI_including_zero,numeric_as_printed_in_SI_including_zero,,844.8690090172137,2.245876117101133,higher,,,,,One 400–600 kg Plant A sample collected after wet extraction and Fe/NFe removal; Table S3 duplicate analyses are technical repeats nested in this single lineage. Fresh day 0 is paired with indoor-stored day 84 material.,"SI Table S3, printed duplicate block 2, PDF p.7, Cr; main article Methods p.3 for test standards and Figure 6 caption for day-84 indoor condition",Numeric cells transcribed from public SI Table S3 only; the article's Data Availability statement says the complete raw dataset is available from the authors on request. No request-only raw data are used here.,Plant A; post-wet-extraction ash after Fe/NFe removal,One 400–600 kg Plant A sample collected after wet extraction and Fe/NFe removal; Table S3 duplicate analyses are technical repeats nested in this single lineage. Fresh day 0 is paired with indoor-stored day 84 material.,fresh day 0,"aged day 84, indoor storage",2,7,column,0.09706546,0.91714145,0.82007599,844.8690090172137,False,Numeric cells transcribed from public SI Table S3 only; the article's Data Availability statement says the complete raw dataset is available from the authors on request. No request-only raw data are used here.,"Printed numeric zero is retained as zero at displayed precision, not reclassified as <LOD; an empty cell remains missing/not reported.",mg/kg,v92 bbox extraction; six source-table anchor checks passed
SIMON_SCHOLZ2023,"Simon & Scholz (2023), Applied Sciences 13(24):13228",10.3390/app132413228,https://doi.org/10.3390/app132413228,Germany,"Germany; country-specific evidence, not EU-27 pooled evidence",SIMON_SCHOLZ2023-Germany-PlantA-composite,2,indoor_storage_day84,Indoor storage/aging to day 84,bulk IBA; size fraction not reported for Table S3,ash eluate; batch leached amount,Cr,elemental_leaching_endpoint,DIN 19529 batch test,2 L/kg,,mg/kg,0.01040719,,0.21181995,,numeric_as_printed_in_SI_including_zero,numeric_as_printed_in_SI_including_zero,,1935.323175612245,3.0132397079345106,higher,,,,,One 400–600 kg Plant A sample collected after wet extraction and Fe/NFe removal; Table S3 duplicate analyses are technical repeats nested in this single lineage. Fresh day 0 is paired with indoor-stored day 84 material.,"SI Table S3, printed duplicate block 2, PDF p.7, Cr; main article Methods p.3 for test standards and Figure 6 caption for day-84 indoor condition",Numeric cells transcribed from public SI Table S3 only; the article's Data Availability statement says the complete raw dataset is available from the authors on request. No request-only raw data are used here.,Plant A; post-wet-extraction ash after Fe/NFe removal,One 400–600 kg Plant A sample collected after wet extraction and Fe/NFe removal; Table S3 duplicate analyses are technical repeats nested in this single lineage. Fresh day 0 is paired with indoor-stored day 84 material.,fresh day 0,"aged day 84, indoor storage",2,7,batch,0.01040719,0.21181995,0.20141276,1935.323175612245,False,Numeric cells transcribed from public SI Table S3 only; the article's Data Availability statement says the complete raw dataset is available from the authors on request. No request-only raw data are used here.,"Printed numeric zero is retained as zero at displayed precision, not reclassified as <LOD; an empty cell remains missing/not reported.",mg/kg,v92 bbox extraction; six source-table anchor checks passed
SIMON_SCHOLZ2023,"Simon & Scholz (2023), Applied Sciences 13(24):13228",10.3390/app132413228,https://doi.org/10.3390/app132413228,Germany,"Germany; country-specific evidence, not EU-27 pooled evidence",SIMON_SCHOLZ2023-Germany-PlantA-composite,2,indoor_storage_day84,Indoor storage/aging to day 84,bulk IBA; size fraction not reported for Table S3,ash eluate; batch leached amount,Cr,elemental_leaching_endpoint,DIN EN 12457 batch test,10 L/kg,,mg/kg,0.05417607,,0.55131064,,numeric_as_printed_in_SI_including_zero,numeric_as_printed_in_SI_including_zero,,917.6275983104716,2.3200591272112017,higher,,,,,One 400–600 kg Plant A sample collected after wet extraction and Fe/NFe removal; Table S3 duplicate analyses are technical repeats nested in this single lineage. Fresh day 0 is paired with indoor-stored day 84 material.,"SI Table S3, printed duplicate block 2, PDF p.7, Cr; main article Methods p.3 for test standards and Figure 6 caption for day-84 indoor condition",Numeric cells transcribed from public SI Table S3 only; the article's Data Availability statement says the complete raw dataset is available from the authors on request. No request-only raw data are used here.,Plant A; post-wet-extraction ash after Fe/NFe removal,One 400–600 kg Plant A sample collected after wet extraction and Fe/NFe removal; Table S3 duplicate analyses are technical repeats nested in this single lineage. Fresh day 0 is paired with indoor-stored day 84 material.,fresh day 0,"aged day 84, indoor storage",2,7,batch,0.05417607,0.55131064,0.49713456999999994,917.6275983104716,False,Numeric cells transcribed from public SI Table S3 only; the article's Data Availability statement says the complete raw dataset is available from the authors on request. No request-only raw data are used here.,"Printed numeric zero is retained as zero at displayed precision, not reclassified as <LOD; an empty cell remains missing/not reported.",mg/kg,v92 bbox extraction; six source-table anchor checks passed
SIMON_SCHOLZ2023,"Simon & Scholz (2023), Applied Sciences 13(24):13228",10.3390/app132413228,https://doi.org/10.3390/app132413228,Germany,"Germany; country-specific evidence, not EU-27 pooled evidence",SIMON_SCHOLZ2023-Germany-PlantA-composite,2,indoor_storage_day84,Indoor storage/aging to day 84,bulk IBA; size fraction not reported for Table S3,ash eluate; cumulative column release,Cu,elemental_leaching_endpoint,DIN 19528 column test,2 L/kg,,mg/kg,0.17459486,,0.2414226,,numeric_as_printed_in_SI_including_zero,numeric_as_printed_in_SI_including_zero,,38.275891970702915,0.32408072057300474,higher,,,,,One 400–600 kg Plant A sample collected after wet extraction and Fe/NFe removal; Table S3 duplicate analyses are technical repeats nested in this single lineage. Fresh day 0 is paired with indoor-stored day 84 material.,"SI Table S3, printed duplicate block 1, PDF p.6, Cu; main article Methods p.3 for test standards and Figure 6 caption for day-84 indoor condition",Numeric cells transcribed from public SI Table S3 only; the article's Data Availability statement says the complete raw dataset is available from the authors on request. No request-only raw data are used here.,Plant A; post-wet-extraction ash after Fe/NFe removal,One 400–600 kg Plant A sample collected after wet extraction and Fe/NFe removal; Table S3 duplicate analyses are technical repeats nested in this single lineage. Fresh day 0 is paired with indoor-stored day 84 material.,fresh day 0,"aged day 84, indoor storage",1,6,column,0.17459486,0.2414226,0.06682774,38.275891970702915,False,Numeric cells transcribed from public SI Table S3 only; the article's Data Availability statement says the complete raw dataset is available from the authors on request. No request-only raw data are used here.,"Printed numeric zero is retained as zero at displayed precision, not reclassified as <LOD; an empty cell remains missing/not reported.",mg/kg,v92 bbox extraction; six source-table anchor checks passed
SIMON_SCHOLZ2023,"Simon & Scholz (2023), Applied Sciences 13(24):13228",10.3390/app132413228,https://doi.org/10.3390/app132413228,Germany,"Germany; country-specific evidence, not EU-27 pooled evidence",SIMON_SCHOLZ2023-Germany-PlantA-composite,2,indoor_storage_day84,Indoor storage/aging to day 84,bulk IBA; size fraction not reported for Table S3,ash eluate; cumulative column release,Cu,elemental_leaching_endpoint,DIN 19528 column test,10 L/kg,,mg/kg,0.35145439,,0.32531102,,numeric_as_printed_in_SI_including_zero,numeric_as_printed_in_SI_including_zero,,-7.438623828258341,-0.07729823532488957,lower,,,,,One 400–600 kg Plant A sample collected after wet extraction and Fe/NFe removal; Table S3 duplicate analyses are technical repeats nested in this single lineage. Fresh day 0 is paired with indoor-stored day 84 material.,"SI Table S3, printed duplicate block 1, PDF p.6, Cu; main article Methods p.3 for test standards and Figure 6 caption for day-84 indoor condition",Numeric cells transcribed from public SI Table S3 only; the article's Data Availability statement says the complete raw dataset is available from the authors on request. No request-only raw data are used here.,Plant A; post-wet-extraction ash after Fe/NFe removal,One 400–600 kg Plant A sample collected after wet extraction and Fe/NFe removal; Table S3 duplicate analyses are technical repeats nested in this single lineage. Fresh day 0 is paired with indoor-stored day 84 material.,fresh day 0,"aged day 84, indoor storage",1,6,column,0.35145439,0.32531102,-0.02614337,-7.438623828258341,False,Numeric cells transcribed from public SI Table S3 only; the article's Data Availability statement says the complete raw dataset is available from the authors on request. No request-only raw data are used here.,"Printed numeric zero is retained as zero at displayed precision, not reclassified as <LOD; an empty cell remains missing/not reported.",mg/kg,v92 bbox extraction; six source-table anchor checks passed
SIMON_SCHOLZ2023,"Simon & Scholz (2023), Applied Sciences 13(24):13228",10.3390/app132413228,https://doi.org/10.3390/app132413228,Germany,"Germany; country-specific evidence, not EU-27 pooled evidence",SIMON_SCHOLZ2023-Germany-PlantA-composite,2,indoor_storage_day84,Indoor storage/aging to day 84,bulk IBA; size fraction not reported for Table S3,ash eluate; batch leached amount,Cu,elemental_leaching_endpoint,DIN 19529 batch test,2 L/kg,,mg/kg,0.31462205,,0.19931991,,numeric_as_printed_in_SI_including_zero,numeric_as_printed_in_SI_including_zero,,-36.64782554178895,-0.45646095529208314,lower,,,,,One 400–600 kg Plant A sample collected after wet extraction and Fe/NFe removal; Table S3 duplicate analyses are technical repeats nested in this single lineage. Fresh day 0 is paired with indoor-stored day 84 material.,"SI Table S3, printed duplicate block 1, PDF p.6, Cu; main article Methods p.3 for test standards and Figure 6 caption for day-84 indoor condition",Numeric cells transcribed from public SI Table S3 only; the article's Data Availability statement says the complete raw dataset is available from the authors on request. No request-only raw data are used here.,Plant A; post-wet-extraction ash after Fe/NFe removal,One 400–600 kg Plant A sample collected after wet extraction and Fe/NFe removal; Table S3 duplicate analyses are technical repeats nested in this single lineage. Fresh day 0 is paired with indoor-stored day 84 material.,fresh day 0,"aged day 84, indoor storage",1,6,batch,0.31462205,0.19931991,-0.11530214,-36.64782554178895,False,Numeric cells transcribed from public SI Table S3 only; the article's Data Availability statement says the complete raw dataset is available from the authors on request. No request-only raw data are used here.,"Printed numeric zero is retained as zero at displayed precision, not reclassified as <LOD; an empty cell remains missing/not reported.",mg/kg,v92 bbox extraction; six source-table anchor checks passed
SIMON_SCHOLZ2023,"Simon & Scholz (2023), Applied Sciences 13(24):13228",10.3390/app132413228,https://doi.org/10.3390/app132413228,Germany,"Germany; country-specific evidence, not EU-27 pooled evidence",SIMON_SCHOLZ2023-Germany-PlantA-composite,2,indoor_storage_day84,Indoor storage/aging to day 84,bulk IBA; size fraction not reported for Table S3,ash eluate; batch leached amount,Cu,elemental_leaching_endpoint,DIN EN 12457 batch test,10 L/kg,,mg/kg,0.57865404,,0.40434546,,numeric_as_printed_in_SI_including_zero,numeric_as_printed_in_SI_including_zero,,-30.123107755369688,-0.3584351744554487,lower,,,,,One 400–600 kg Plant A sample collected after wet extraction and Fe/NFe removal; Table S3 duplicate analyses are technical repeats nested in this single lineage. Fresh day 0 is paired with indoor-stored day 84 material.,"SI Table S3, printed duplicate block 1, PDF p.6, Cu; main article Methods p.3 for test standards and Figure 6 caption for day-84 indoor condition",Numeric cells transcribed from public SI Table S3 only; the article's Data Availability statement says the complete raw dataset is available from the authors on request. No request-only raw data are used here.,Plant A; post-wet-extraction ash after Fe/NFe removal,One 400–600 kg Plant A sample collected after wet extraction and Fe/NFe removal; Table S3 duplicate analyses are technical repeats nested in this single lineage. Fresh day 0 is paired with indoor-stored day 84 material.,fresh day 0,"aged day 84, indoor storage",1,6,batch,0.57865404,0.40434546,-0.17430858,-30.123107755369688,False,Numeric cells transcribed from public SI Table S3 only; the article's Data Availability statement says the complete raw dataset is available from the authors on request. No request-only raw data are used here.,"Printed numeric zero is retained as zero at displayed precision, not reclassified as <LOD; an empty cell remains missing/not reported.",mg/kg,v92 bbox extraction; six source-table anchor checks passed
SIMON_SCHOLZ2023,"Simon & Scholz (2023), Applied Sciences 13(24):13228",10.3390/app132413228,https://doi.org/10.3390/app132413228,Germany,"Germany; country-specific evidence, not EU-27 pooled evidence",SIMON_SCHOLZ2023-Germany-PlantA-composite,2,indoor_storage_day84,Indoor storage/aging to day 84,bulk IBA; size fraction not reported for Table S3,ash eluate; cumulative column release,Cu,elemental_leaching_endpoint,DIN 19528 column test,2 L/kg,,mg/kg,0.18091939,,0.27991559,,numeric_as_printed_in_SI_including_zero,numeric_as_printed_in_SI_including_zero,,54.7184024885337,0.43643652048606507,higher,,,,,One 400–600 kg Plant A sample collected after wet extraction and Fe/NFe removal; Table S3 duplicate analyses are technical repeats nested in this single lineage. Fresh day 0 is paired with indoor-stored day 84 material.,"SI Table S3, printed duplicate block 2, PDF p.7, Cu; main article Methods p.3 for test standards and Figure 6 caption for day-84 indoor condition",Numeric cells transcribed from public SI Table S3 only; the article's Data Availability statement says the complete raw dataset is available from the authors on request. No request-only raw data are used here.,Plant A; post-wet-extraction ash after Fe/NFe removal,One 400–600 kg Plant A sample collected after wet extraction and Fe/NFe removal; Table S3 duplicate analyses are technical repeats nested in this single lineage. Fresh day 0 is paired with indoor-stored day 84 material.,fresh day 0,"aged day 84, indoor storage",2,7,column,0.18091939,0.27991559,0.09899619999999998,54.7184024885337,False,Numeric cells transcribed from public SI Table S3 only; the article's Data Availability statement says the complete raw dataset is available from the authors on request. No request-only raw data are used here.,"Printed numeric zero is retained as zero at displayed precision, not reclassified as <LOD; an empty cell remains missing/not reported.",mg/kg,v92 bbox extraction; six source-table anchor checks passed
SIMON_SCHOLZ2023,"Simon & Scholz (2023), Applied Sciences 13(24):13228",10.3390/app132413228,https://doi.org/10.3390/app132413228,Germany,"Germany; country-specific evidence, not EU-27 pooled evidence",SIMON_SCHOLZ2023-Germany-PlantA-composite,2,indoor_storage_day84,Indoor storage/aging to day 84,bulk IBA; size fraction not reported for Table S3,ash eluate; cumulative column release,Cu,elemental_leaching_endpoint,DIN 19528 column test,10 L/kg,,mg/kg,0.36330255,,0.37513332,,numeric_as_printed_in_SI_including_zero,numeric_as_printed_in_SI_including_zero,,3.2564511314330136,0.03204552459305892,higher,,,,,One 400–600 kg Plant A sample collected after wet extraction and Fe/NFe removal; Table S3 duplicate analyses are technical repeats nested in this single lineage. Fresh day 0 is paired with indoor-stored day 84 material.,"SI Table S3, printed duplicate block 2, PDF p.7, Cu; main article Methods p.3 for test standards and Figure 6 caption for day-84 indoor condition",Numeric cells transcribed from public SI Table S3 only; the article's Data Availability statement says the complete raw dataset is available from the authors on request. No request-only raw data are used here.,Plant A; post-wet-extraction ash after Fe/NFe removal,One 400–600 kg Plant A sample collected after wet extraction and Fe/NFe removal; Table S3 duplicate analyses are technical repeats nested in this single lineage. Fresh day 0 is paired with indoor-stored day 84 material.,fresh day 0,"aged day 84, indoor storage",2,7,column,0.36330255,0.37513332,0.01183076999999999,3.2564511314330136,False,Numeric cells transcribed from public SI Table S3 only; the article's Data Availability statement says the complete raw dataset is available from the authors on request. No request-only raw data are used here.,"Printed numeric zero is retained as zero at displayed precision, not reclassified as <LOD; an empty cell remains missing/not reported.",mg/kg,v92 bbox extraction; six source-table anchor checks passed
SIMON_SCHOLZ2023,"Simon & Scholz (2023), Applied Sciences 13(24):13228",10.3390/app132413228,https://doi.org/10.3390/app132413228,Germany,"Germany; country-specific evidence, not EU-27 pooled evidence",SIMON_SCHOLZ2023-Germany-PlantA-composite,2,indoor_storage_day84,Indoor storage/aging to day 84,bulk IBA; size fraction not reported for Table S3,ash eluate; batch leached amount,Cu,elemental_leaching_endpoint,DIN 19529 batch test,2 L/kg,,mg/kg,0.3391087,,0.21511979,,numeric_as_printed_in_SI_including_zero,numeric_as_printed_in_SI_including_zero,,-36.563175760456744,-0.45512566919030606,lower,,,,,One 400–600 kg Plant A sample collected after wet extraction and Fe/NFe removal; Table S3 duplicate analyses are technical repeats nested in this single lineage. Fresh day 0 is paired with indoor-stored day 84 material.,"SI Table S3, printed duplicate block 2, PDF p.7, Cu; main article Methods p.3 for test standards and Figure 6 caption for day-84 indoor condition",Numeric cells transcribed from public SI Table S3 only; the article's Data Availability statement says the complete raw dataset is available from the authors on request. No request-only raw data are used here.,Plant A; post-wet-extraction ash after Fe/NFe removal,One 400–600 kg Plant A sample collected after wet extraction and Fe/NFe removal; Table S3 duplicate analyses are technical repeats nested in this single lineage. Fresh day 0 is paired with indoor-stored day 84 material.,fresh day 0,"aged day 84, indoor storage",2,7,batch,0.3391087,0.21511979,-0.12398890999999998,-36.563175760456744,False,Numeric cells transcribed from public SI Table S3 only; the article's Data Availability statement says the complete raw dataset is available from the authors on request. No request-only raw data are used here.,"Printed numeric zero is retained as zero at displayed precision, not reclassified as <LOD; an empty cell remains missing/not reported.",mg/kg,v92 bbox extraction; six source-table anchor checks passed
SIMON_SCHOLZ2023,"Simon & Scholz (2023), Applied Sciences 13(24):13228",10.3390/app132413228,https://doi.org/10.3390/app132413228,Germany,"Germany; country-specific evidence, not EU-27 pooled evidence",SIMON_SCHOLZ2023-Germany-PlantA-composite,2,indoor_storage_day84,Indoor storage/aging to day 84,bulk IBA; size fraction not reported for Table S3,ash eluate; batch leached amount,Cu,elemental_leaching_endpoint,DIN EN 12457 batch test,10 L/kg,,mg/kg,0.55899136,,0.2473089,,numeric_as_printed_in_SI_including_zero,numeric_as_printed_in_SI_including_zero,,-55.758010284810126,-0.8154958543064033,lower,,,,,One 400–600 kg Plant A sample collected after wet extraction and Fe/NFe removal; Table S3 duplicate analyses are technical repeats nested in this single lineage. Fresh day 0 is paired with indoor-stored day 84 material.,"SI Table S3, printed duplicate block 2, PDF p.7, Cu; main article Methods p.3 for test standards and Figure 6 caption for day-84 indoor condition",Numeric cells transcribed from public SI Table S3 only; the article's Data Availability statement says the complete raw dataset is available from the authors on request. No request-only raw data are used here.,Plant A; post-wet-extraction ash after Fe/NFe removal,One 400–600 kg Plant A sample collected after wet extraction and Fe/NFe removal; Table S3 duplicate analyses are technical repeats nested in this single lineage. Fresh day 0 is paired with indoor-stored day 84 material.,fresh day 0,"aged day 84, indoor storage",2,7,batch,0.55899136,0.2473089,-0.31168246000000005,-55.758010284810126,False,Numeric cells transcribed from public SI Table S3 only; the article's Data Availability statement says the complete raw dataset is available from the authors on request. No request-only raw data are used here.,"Printed numeric zero is retained as zero at displayed precision, not reclassified as <LOD; an empty cell remains missing/not reported.",mg/kg,v92 bbox extraction; six source-table anchor checks passed
SIMON_SCHOLZ2023,"Simon & Scholz (2023), Applied Sciences 13(24):13228",10.3390/app132413228,https://doi.org/10.3390/app132413228,Germany,"Germany; country-specific evidence, not EU-27 pooled evidence",SIMON_SCHOLZ2023-Germany-PlantA-composite,2,indoor_storage_day84,Indoor storage/aging to day 84,bulk IBA; size fraction not reported for Table S3,ash eluate; cumulative column release,Hg,elemental_leaching_endpoint,DIN 19528 column test,2 L/kg,,mg/kg,0.00046377,,0.00143914,,numeric_as_printed_in_SI_including_zero,numeric_as_printed_in_SI_including_zero,,210.31330185221123,1.1324122522632438,higher,,,,,One 400–600 kg Plant A sample collected after wet extraction and Fe/NFe removal; Table S3 duplicate analyses are technical repeats nested in this single lineage. Fresh day 0 is paired with indoor-stored day 84 material.,"SI Table S3, printed duplicate block 1, PDF p.6, Hg; main article Methods p.3 for test standards and Figure 6 caption for day-84 indoor condition",Numeric cells transcribed from public SI Table S3 only; the article's Data Availability statement says the complete raw dataset is available from the authors on request. No request-only raw data are used here.,Plant A; post-wet-extraction ash after Fe/NFe removal,One 400–600 kg Plant A sample collected after wet extraction and Fe/NFe removal; Table S3 duplicate analyses are technical repeats nested in this single lineage. Fresh day 0 is paired with indoor-stored day 84 material.,fresh day 0,"aged day 84, indoor storage",1,6,column,0.00046377,0.00143914,0.0009753699999999999,210.31330185221123,False,Numeric cells transcribed from public SI Table S3 only; the article's Data Availability statement says the complete raw dataset is available from the authors on request. No request-only raw data are used here.,"Printed numeric zero is retained as zero at displayed precision, not reclassified as <LOD; an empty cell remains missing/not reported.",mg/kg,v92 bbox extraction; six source-table anchor checks passed
SIMON_SCHOLZ2023,"Simon & Scholz (2023), Applied Sciences 13(24):13228",10.3390/app132413228,https://doi.org/10.3390/app132413228,Germany,"Germany; country-specific evidence, not EU-27 pooled evidence",SIMON_SCHOLZ2023-Germany-PlantA-composite,2,indoor_storage_day84,Indoor storage/aging to day 84,bulk IBA; size fraction not reported for Table S3,ash eluate; cumulative column release,Hg,elemental_leaching_endpoint,DIN 19528 column test,10 L/kg,,mg/kg,0.00138102,,,,numeric_as_printed_in_SI_including_zero,blank_not_reported_in_SI,,,,not_estimable_due_to_blank,,,,,One 400–600 kg Plant A sample collected after wet extraction and Fe/NFe removal; Table S3 duplicate analyses are technical repeats nested in this single lineage. Fresh day 0 is paired with indoor-stored day 84 material.,"SI Table S3, printed duplicate block 1, PDF p.6, Hg; main article Methods p.3 for test standards and Figure 6 caption for day-84 indoor condition",Numeric cells transcribed from public SI Table S3 only; the article's Data Availability statement says the complete raw dataset is available from the authors on request. No request-only raw data are used here.,Plant A; post-wet-extraction ash after Fe/NFe removal,One 400–600 kg Plant A sample collected after wet extraction and Fe/NFe removal; Table S3 duplicate analyses are technical repeats nested in this single lineage. Fresh day 0 is paired with indoor-stored day 84 material.,fresh day 0,"aged day 84, indoor storage",1,6,column,0.00138102,,,,False,Numeric cells transcribed from public SI Table S3 only; the article's Data Availability statement says the complete raw dataset is available from the authors on request. No request-only raw data are used here.,"Printed numeric zero is retained as zero at displayed precision, not reclassified as <LOD; an empty cell remains missing/not reported.",mg/kg,v92 bbox extraction; six source-table anchor checks passed
SIMON_SCHOLZ2023,"Simon & Scholz (2023), Applied Sciences 13(24):13228",10.3390/app132413228,https://doi.org/10.3390/app132413228,Germany,"Germany; country-specific evidence, not EU-27 pooled evidence",SIMON_SCHOLZ2023-Germany-PlantA-composite,2,indoor_storage_day84,Indoor storage/aging to day 84,bulk IBA; size fraction not reported for Table S3,ash eluate; batch leached amount,Hg,elemental_leaching_endpoint,DIN 19529 batch test,2 L/kg,,mg/kg,0.00021262,,0.00095835,,numeric_as_printed_in_SI_including_zero,numeric_as_printed_in_SI_including_zero,,350.73370332047784,1.5057065208560028,higher,,,,,One 400–600 kg Plant A sample collected after wet extraction and Fe/NFe removal; Table S3 duplicate analyses are technical repeats nested in this single lineage. Fresh day 0 is paired with indoor-stored day 84 material.,"SI Table S3, printed duplicate block 1, PDF p.6, Hg; main article Methods p.3 for test standards and Figure 6 caption for day-84 indoor condition",Numeric cells transcribed from public SI Table S3 only; the article's Data Availability statement says the complete raw dataset is available from the authors on request. No request-only raw data are used here.,Plant A; post-wet-extraction ash after Fe/NFe removal,One 400–600 kg Plant A sample collected after wet extraction and Fe/NFe removal; Table S3 duplicate analyses are technical repeats nested in this single lineage. Fresh day 0 is paired with indoor-stored day 84 material.,fresh day 0,"aged day 84, indoor storage",1,6,batch,0.00021262,0.00095835,0.00074573,350.73370332047784,False,Numeric cells transcribed from public SI Table S3 only; the article's Data Availability statement says the complete raw dataset is available from the authors on request. No request-only raw data are used here.,"Printed numeric zero is retained as zero at displayed precision, not reclassified as <LOD; an empty cell remains missing/not reported.",mg/kg,v92 bbox extraction; six source-table anchor checks passed
SIMON_SCHOLZ2023,"Simon & Scholz (2023), Applied Sciences 13(24):13228",10.3390/app132413228,https://doi.org/10.3390/app132413228,Germany,"Germany; country-specific evidence, not EU-27 pooled evidence",SIMON_SCHOLZ2023-Germany-PlantA-composite,2,indoor_storage_day84,Indoor storage/aging to day 84,bulk IBA; size fraction not reported for Table S3,ash eluate; batch leached amount,Hg,elemental_leaching_endpoint,DIN EN 12457 batch test,10 L/kg,,mg/kg,0.00252614,,0.0018575,,numeric_as_printed_in_SI_including_zero,numeric_as_printed_in_SI_including_zero,,-26.46884179024124,-0.30746094837730753,lower,,,,,One 400–600 kg Plant A sample collected after wet extraction and Fe/NFe removal; Table S3 duplicate analyses are technical repeats nested in this single lineage. Fresh day 0 is paired with indoor-stored day 84 material.,"SI Table S3, printed duplicate block 1, PDF p.6, Hg; main article Methods p.3 for test standards and Figure 6 caption for day-84 indoor condition",Numeric cells transcribed from public SI Table S3 only; the article's Data Availability statement says the complete raw dataset is available from the authors on request. No request-only raw data are used here.,Plant A; post-wet-extraction ash after Fe/NFe removal,One 400–600 kg Plant A sample collected after wet extraction and Fe/NFe removal; Table S3 duplicate analyses are technical repeats nested in this single lineage. Fresh day 0 is paired with indoor-stored day 84 material.,fresh day 0,"aged day 84, indoor storage",1,6,batch,0.00252614,0.0018575,-0.0006686400000000001,-26.46884179024124,False,Numeric cells transcribed from public SI Table S3 only; the article's Data Availability statement says the complete raw dataset is available from the authors on request. No request-only raw data are used here.,"Printed numeric zero is retained as zero at displayed precision, not reclassified as <LOD; an empty cell remains missing/not reported.",mg/kg,v92 bbox extraction; six source-table anchor checks passed
SIMON_SCHOLZ2023,"Simon & Scholz (2023), Applied Sciences 13(24):13228",10.3390/app132413228,https://doi.org/10.3390/app132413228,Germany,"Germany; country-specific evidence, not EU-27 pooled evidence",SIMON_SCHOLZ2023-Germany-PlantA-composite,2,indoor_storage_day84,Indoor storage/aging to day 84,bulk IBA; size fraction not reported for Table S3,ash eluate; cumulative column release,Hg,elemental_leaching_endpoint,DIN 19528 column test,2 L/kg,,mg/kg,0.00041403,,0.00183859,,numeric_as_printed_in_SI_including_zero,numeric_as_printed_in_SI_including_zero,,344.0716856266454,1.490815817525887,higher,,,,,One 400–600 kg Plant A sample collected after wet extraction and Fe/NFe removal; Table S3 duplicate analyses are technical repeats nested in this single lineage. Fresh day 0 is paired with indoor-stored day 84 material.,"SI Table S3, printed duplicate block 2, PDF p.7, Hg; main article Methods p.3 for test standards and Figure 6 caption for day-84 indoor condition",Numeric cells transcribed from public SI Table S3 only; the article's Data Availability statement says the complete raw dataset is available from the authors on request. No request-only raw data are used here.,Plant A; post-wet-extraction ash after Fe/NFe removal,One 400–600 kg Plant A sample collected after wet extraction and Fe/NFe removal; Table S3 duplicate analyses are technical repeats nested in this single lineage. Fresh day 0 is paired with indoor-stored day 84 material.,fresh day 0,"aged day 84, indoor storage",2,7,column,0.00041403,0.00183859,0.00142456,344.0716856266454,False,Numeric cells transcribed from public SI Table S3 only; the article's Data Availability statement says the complete raw dataset is available from the authors on request. No request-only raw data are used here.,"Printed numeric zero is retained as zero at displayed precision, not reclassified as <LOD; an empty cell remains missing/not reported.",mg/kg,v92 bbox extraction; six source-table anchor checks passed
SIMON_SCHOLZ2023,"Simon & Scholz (2023), Applied Sciences 13(24):13228",10.3390/app132413228,https://doi.org/10.3390/app132413228,Germany,"Germany; country-specific evidence, not EU-27 pooled evidence",SIMON_SCHOLZ2023-Germany-PlantA-composite,2,indoor_storage_day84,Indoor storage/aging to day 84,bulk IBA; size fraction not reported for Table S3,ash eluate; cumulative column release,Hg,elemental_leaching_endpoint,DIN 19528 column test,10 L/kg,,mg/kg,0.0023983,,0.0081409,,numeric_as_printed_in_SI_including_zero,numeric_as_printed_in_SI_including_zero,,239.44460659633907,1.22214058597916,higher,,,,,One 400–600 kg Plant A sample collected after wet extraction and Fe/NFe removal; Table S3 duplicate analyses are technical repeats nested in this single lineage. Fresh day 0 is paired with indoor-stored day 84 material.,"SI Table S3, printed duplicate block 2, PDF p.7, Hg; main article Methods p.3 for test standards and Figure 6 caption for day-84 indoor condition",Numeric cells transcribed from public SI Table S3 only; the article's Data Availability statement says the complete raw dataset is available from the authors on request. No request-only raw data are used here.,Plant A; post-wet-extraction ash after Fe/NFe removal,One 400–600 kg Plant A sample collected after wet extraction and Fe/NFe removal; Table S3 duplicate analyses are technical repeats nested in this single lineage. Fresh day 0 is paired with indoor-stored day 84 material.,fresh day 0,"aged day 84, indoor storage",2,7,column,0.0023983,0.0081409,0.0057426,239.44460659633907,False,Numeric cells transcribed from public SI Table S3 only; the article's Data Availability statement says the complete raw dataset is available from the authors on request. No request-only raw data are used here.,"Printed numeric zero is retained as zero at displayed precision, not reclassified as <LOD; an empty cell remains missing/not reported.",mg/kg,v92 bbox extraction; six source-table anchor checks passed
SIMON_SCHOLZ2023,"Simon & Scholz (2023), Applied Sciences 13(24):13228",10.3390/app132413228,https://doi.org/10.3390/app132413228,Germany,"Germany; country-specific evidence, not EU-27 pooled evidence",SIMON_SCHOLZ2023-Germany-PlantA-composite,2,indoor_storage_day84,Indoor storage/aging to day 84,bulk IBA; size fraction not reported for Table S3,ash eluate; batch leached amount,Hg,elemental_leaching_endpoint,DIN 19529 batch test,2 L/kg,,mg/kg,0.00014574,,0.00066535,,numeric_as_printed_in_SI_including_zero,numeric_as_printed_in_SI_including_zero,,356.53218059558117,1.5184890057476153,higher,,,,,One 400–600 kg Plant A sample collected after wet extraction and Fe/NFe removal; Table S3 duplicate analyses are technical repeats nested in this single lineage. Fresh day 0 is paired with indoor-stored day 84 material.,"SI Table S3, printed duplicate block 2, PDF p.7, Hg; main article Methods p.3 for test standards and Figure 6 caption for day-84 indoor condition",Numeric cells transcribed from public SI Table S3 only; the article's Data Availability statement says the complete raw dataset is available from the authors on request. No request-only raw data are used here.,Plant A; post-wet-extraction ash after Fe/NFe removal,One 400–600 kg Plant A sample collected after wet extraction and Fe/NFe removal; Table S3 duplicate analyses are technical repeats nested in this single lineage. Fresh day 0 is paired with indoor-stored day 84 material.,fresh day 0,"aged day 84, indoor storage",2,7,batch,0.00014574,0.00066535,0.00051961,356.53218059558117,False,Numeric cells transcribed from public SI Table S3 only; the article's Data Availability statement says the complete raw dataset is available from the authors on request. No request-only raw data are used here.,"Printed numeric zero is retained as zero at displayed precision, not reclassified as <LOD; an empty cell remains missing/not reported.",mg/kg,v92 bbox extraction; six source-table anchor checks passed
SIMON_SCHOLZ2023,"Simon & Scholz (2023), Applied Sciences 13(24):13228",10.3390/app132413228,https://doi.org/10.3390/app132413228,Germany,"Germany; country-specific evidence, not EU-27 pooled evidence",SIMON_SCHOLZ2023-Germany-PlantA-composite,2,indoor_storage_day84,Indoor storage/aging to day 84,bulk IBA; size fraction not reported for Table S3,ash eluate; batch leached amount,Hg,elemental_leaching_endpoint,DIN EN 12457 batch test,10 L/kg,,mg/kg,,,0.00273839,,blank_not_reported_in_SI,numeric_as_printed_in_SI_including_zero,,,,not_estimable_due_to_blank,,,,,One 400–600 kg Plant A sample collected after wet extraction and Fe/NFe removal; Table S3 duplicate analyses are technical repeats nested in this single lineage. Fresh day 0 is paired with indoor-stored day 84 material.,"SI Table S3, printed duplicate block 2, PDF p.7, Hg; main article Methods p.3 for test standards and Figure 6 caption for day-84 indoor condition",Numeric cells transcribed from public SI Table S3 only; the article's Data Availability statement says the complete raw dataset is available from the authors on request. No request-only raw data are used here.,Plant A; post-wet-extraction ash after Fe/NFe removal,One 400–600 kg Plant A sample collected after wet extraction and Fe/NFe removal; Table S3 duplicate analyses are technical repeats nested in this single lineage. Fresh day 0 is paired with indoor-stored day 84 material.,fresh day 0,"aged day 84, indoor storage",2,7,batch,,0.00273839,,,False,Numeric cells transcribed from public SI Table S3 only; the article's Data Availability statement says the complete raw dataset is available from the authors on request. No request-only raw data are used here.,"Printed numeric zero is retained as zero at displayed precision, not reclassified as <LOD; an empty cell remains missing/not reported.",mg/kg,v92 bbox extraction; six source-table anchor checks passed
SIMON_SCHOLZ2023,"Simon & Scholz (2023), Applied Sciences 13(24):13228",10.3390/app132413228,https://doi.org/10.3390/app132413228,Germany,"Germany; country-specific evidence, not EU-27 pooled evidence",SIMON_SCHOLZ2023-Germany-PlantA-composite,2,indoor_storage_day84,Indoor storage/aging to day 84,bulk IBA; size fraction not reported for Table S3,ash eluate; cumulative column release,Ni,elemental_leaching_endpoint,DIN 19528 column test,2 L/kg,,mg/kg,0.00257616,,0.00126838,,numeric_as_printed_in_SI_including_zero,numeric_as_printed_in_SI_including_zero,,-50.76470405564872,-0.7085594224533135,lower,,,,,One 400–600 kg Plant A sample collected after wet extraction and Fe/NFe removal; Table S3 duplicate analyses are technical repeats nested in this single lineage. Fresh day 0 is paired with indoor-stored day 84 material.,"SI Table S3, printed duplicate block 1, PDF p.6, Ni; main article Methods p.3 for test standards and Figure 6 caption for day-84 indoor condition",Numeric cells transcribed from public SI Table S3 only; the article's Data Availability statement says the complete raw dataset is available from the authors on request. No request-only raw data are used here.,Plant A; post-wet-extraction ash after Fe/NFe removal,One 400–600 kg Plant A sample collected after wet extraction and Fe/NFe removal; Table S3 duplicate analyses are technical repeats nested in this single lineage. Fresh day 0 is paired with indoor-stored day 84 material.,fresh day 0,"aged day 84, indoor storage",1,6,column,0.00257616,0.00126838,-0.0013077800000000001,-50.76470405564872,False,Numeric cells transcribed from public SI Table S3 only; the article's Data Availability statement says the complete raw dataset is available from the authors on request. No request-only raw data are used here.,"Printed numeric zero is retained as zero at displayed precision, not reclassified as <LOD; an empty cell remains missing/not reported.",mg/kg,v92 bbox extraction; six source-table anchor checks passed
SIMON_SCHOLZ2023,"Simon & Scholz (2023), Applied Sciences 13(24):13228",10.3390/app132413228,https://doi.org/10.3390/app132413228,Germany,"Germany; country-specific evidence, not EU-27 pooled evidence",SIMON_SCHOLZ2023-Germany-PlantA-composite,2,indoor_storage_day84,Indoor storage/aging to day 84,bulk IBA; size fraction not reported for Table S3,ash eluate; cumulative column release,Ni,elemental_leaching_endpoint,DIN 19528 column test,10 L/kg,,mg/kg,0.00257616,,0.02337609,,numeric_as_printed_in_SI_including_zero,numeric_as_printed_in_SI_including_zero,,807.4005496553009,2.20541378698911,higher,,,,,One 400–600 kg Plant A sample collected after wet extraction and Fe/NFe removal; Table S3 duplicate analyses are technical repeats nested in this single lineage. Fresh day 0 is paired with indoor-stored day 84 material.,"SI Table S3, printed duplicate block 1, PDF p.6, Ni; main article Methods p.3 for test standards and Figure 6 caption for day-84 indoor condition",Numeric cells transcribed from public SI Table S3 only; the article's Data Availability statement says the complete raw dataset is available from the authors on request. No request-only raw data are used here.,Plant A; post-wet-extraction ash after Fe/NFe removal,One 400–600 kg Plant A sample collected after wet extraction and Fe/NFe removal; Table S3 duplicate analyses are technical repeats nested in this single lineage. Fresh day 0 is paired with indoor-stored day 84 material.,fresh day 0,"aged day 84, indoor storage",1,6,column,0.00257616,0.02337609,0.020799929999999998,807.4005496553009,False,Numeric cells transcribed from public SI Table S3 only; the article's Data Availability statement says the complete raw dataset is available from the authors on request. No request-only raw data are used here.,"Printed numeric zero is retained as zero at displayed precision, not reclassified as <LOD; an empty cell remains missing/not reported.",mg/kg,v92 bbox extraction; six source-table anchor checks passed
SIMON_SCHOLZ2023,"Simon & Scholz (2023), Applied Sciences 13(24):13228",10.3390/app132413228,https://doi.org/10.3390/app132413228,Germany,"Germany; country-specific evidence, not EU-27 pooled evidence",SIMON_SCHOLZ2023-Germany-PlantA-composite,2,indoor_storage_day84,Indoor storage/aging to day 84,bulk IBA; size fraction not reported for Table S3,ash eluate; batch leached amount,Ni,elemental_leaching_endpoint,DIN 19529 batch test,2 L/kg,,mg/kg,0.0014161,,,,numeric_as_printed_in_SI_including_zero,blank_not_reported_in_SI,,,,not_estimable_due_to_blank,,,,,One 400–600 kg Plant A sample collected after wet extraction and Fe/NFe removal; Table S3 duplicate analyses are technical repeats nested in this single lineage. Fresh day 0 is paired with indoor-stored day 84 material.,"SI Table S3, printed duplicate block 1, PDF p.6, Ni; main article Methods p.3 for test standards and Figure 6 caption for day-84 indoor condition",Numeric cells transcribed from public SI Table S3 only; the article's Data Availability statement says the complete raw dataset is available from the authors on request. No request-only raw data are used here.,Plant A; post-wet-extraction ash after Fe/NFe removal,One 400–600 kg Plant A sample collected after wet extraction and Fe/NFe removal; Table S3 duplicate analyses are technical repeats nested in this single lineage. Fresh day 0 is paired with indoor-stored day 84 material.,fresh day 0,"aged day 84, indoor storage",1,6,batch,0.0014161,,,,False,Numeric cells transcribed from public SI Table S3 only; the article's Data Availability statement says the complete raw dataset is available from the authors on request. No request-only raw data are used here.,"Printed numeric zero is retained as zero at displayed precision, not reclassified as <LOD; an empty cell remains missing/not reported.",mg/kg,v92 bbox extraction; six source-table anchor checks passed
SIMON_SCHOLZ2023,"Simon & Scholz (2023), Applied Sciences 13(24):13228",10.3390/app132413228,https://doi.org/10.3390/app132413228,Germany,"Germany; country-specific evidence, not EU-27 pooled evidence",SIMON_SCHOLZ2023-Germany-PlantA-composite,2,indoor_storage_day84,Indoor storage/aging to day 84,bulk IBA; size fraction not reported for Table S3,ash eluate; batch leached amount,Ni,elemental_leaching_endpoint,DIN EN 12457 batch test,10 L/kg,,mg/kg,0.00506795,,0.02504946,,numeric_as_printed_in_SI_including_zero,numeric_as_printed_in_SI_including_zero,,394.27204293649305,1.597915873826851,higher,,,,,One 400–600 kg Plant A sample collected after wet extraction and Fe/NFe removal; Table S3 duplicate analyses are technical repeats nested in this single lineage. Fresh day 0 is paired with indoor-stored day 84 material.,"SI Table S3, printed duplicate block 1, PDF p.6, Ni; main article Methods p.3 for test standards and Figure 6 caption for day-84 indoor condition",Numeric cells transcribed from public SI Table S3 only; the article's Data Availability statement says the complete raw dataset is available from the authors on request. No request-only raw data are used here.,Plant A; post-wet-extraction ash after Fe/NFe removal,One 400–600 kg Plant A sample collected after wet extraction and Fe/NFe removal; Table S3 duplicate analyses are technical repeats nested in this single lineage. Fresh day 0 is paired with indoor-stored day 84 material.,fresh day 0,"aged day 84, indoor storage",1,6,batch,0.00506795,0.02504946,0.01998151,394.27204293649305,False,Numeric cells transcribed from public SI Table S3 only; the article's Data Availability statement says the complete raw dataset is available from the authors on request. No request-only raw data are used here.,"Printed numeric zero is retained as zero at displayed precision, not reclassified as <LOD; an empty cell remains missing/not reported.",mg/kg,v92 bbox extraction; six source-table anchor checks passed
SIMON_SCHOLZ2023,"Simon & Scholz (2023), Applied Sciences 13(24):13228",10.3390/app132413228,https://doi.org/10.3390/app132413228,Germany,"Germany; country-specific evidence, not EU-27 pooled evidence",SIMON_SCHOLZ2023-Germany-PlantA-composite,2,indoor_storage_day84,Indoor storage/aging to day 84,bulk IBA; size fraction not reported for Table S3,ash eluate; cumulative column release,Ni,elemental_leaching_endpoint,DIN 19528 column test,2 L/kg,,mg/kg,0.00257616,,0.00152926,,numeric_as_printed_in_SI_including_zero,numeric_as_printed_in_SI_including_zero,,-40.63800385069251,-0.5215159598421547,lower,,,,,One 400–600 kg Plant A sample collected after wet extraction and Fe/NFe removal; Table S3 duplicate analyses are technical repeats nested in this single lineage. Fresh day 0 is paired with indoor-stored day 84 material.,"SI Table S3, printed duplicate block 2, PDF p.7, Ni; main article Methods p.3 for test standards and Figure 6 caption for day-84 indoor condition",Numeric cells transcribed from public SI Table S3 only; the article's Data Availability statement says the complete raw dataset is available from the authors on request. No request-only raw data are used here.,Plant A; post-wet-extraction ash after Fe/NFe removal,One 400–600 kg Plant A sample collected after wet extraction and Fe/NFe removal; Table S3 duplicate analyses are technical repeats nested in this single lineage. Fresh day 0 is paired with indoor-stored day 84 material.,fresh day 0,"aged day 84, indoor storage",2,7,column,0.00257616,0.00152926,-0.0010469000000000001,-40.63800385069251,False,Numeric cells transcribed from public SI Table S3 only; the article's Data Availability statement says the complete raw dataset is available from the authors on request. No request-only raw data are used here.,"Printed numeric zero is retained as zero at displayed precision, not reclassified as <LOD; an empty cell remains missing/not reported.",mg/kg,v92 bbox extraction; six source-table anchor checks passed
SIMON_SCHOLZ2023,"Simon & Scholz (2023), Applied Sciences 13(24):13228",10.3390/app132413228,https://doi.org/10.3390/app132413228,Germany,"Germany; country-specific evidence, not EU-27 pooled evidence",SIMON_SCHOLZ2023-Germany-PlantA-composite,2,indoor_storage_day84,Indoor storage/aging to day 84,bulk IBA; size fraction not reported for Table S3,ash eluate; cumulative column release,Ni,elemental_leaching_endpoint,DIN 19528 column test,10 L/kg,,mg/kg,0.00257616,,0.12415834,,numeric_as_printed_in_SI_including_zero,numeric_as_printed_in_SI_including_zero,,4719.511986833117,3.8752577683856795,higher,,,,,One 400–600 kg Plant A sample collected after wet extraction and Fe/NFe removal; Table S3 duplicate analyses are technical repeats nested in this single lineage. Fresh day 0 is paired with indoor-stored day 84 material.,"SI Table S3, printed duplicate block 2, PDF p.7, Ni; main article Methods p.3 for test standards and Figure 6 caption for day-84 indoor condition",Numeric cells transcribed from public SI Table S3 only; the article's Data Availability statement says the complete raw dataset is available from the authors on request. No request-only raw data are used here.,Plant A; post-wet-extraction ash after Fe/NFe removal,One 400–600 kg Plant A sample collected after wet extraction and Fe/NFe removal; Table S3 duplicate analyses are technical repeats nested in this single lineage. Fresh day 0 is paired with indoor-stored day 84 material.,fresh day 0,"aged day 84, indoor storage",2,7,column,0.00257616,0.12415834,0.12158218000000001,4719.511986833117,False,Numeric cells transcribed from public SI Table S3 only; the article's Data Availability statement says the complete raw dataset is available from the authors on request. No request-only raw data are used here.,"Printed numeric zero is retained as zero at displayed precision, not reclassified as <LOD; an empty cell remains missing/not reported.",mg/kg,v92 bbox extraction; six source-table anchor checks passed
SIMON_SCHOLZ2023,"Simon & Scholz (2023), Applied Sciences 13(24):13228",10.3390/app132413228,https://doi.org/10.3390/app132413228,Germany,"Germany; country-specific evidence, not EU-27 pooled evidence",SIMON_SCHOLZ2023-Germany-PlantA-composite,2,indoor_storage_day84,Indoor storage/aging to day 84,bulk IBA; size fraction not reported for Table S3,ash eluate; batch leached amount,Ni,elemental_leaching_endpoint,DIN 19529 batch test,2 L/kg,,mg/kg,0.00110044,,0.00283821,,numeric_as_printed_in_SI_including_zero,numeric_as_printed_in_SI_including_zero,,157.91592453927518,0.9474634719463171,higher,,,,,One 400–600 kg Plant A sample collected after wet extraction and Fe/NFe removal; Table S3 duplicate analyses are technical repeats nested in this single lineage. Fresh day 0 is paired with indoor-stored day 84 material.,"SI Table S3, printed duplicate block 2, PDF p.7, Ni; main article Methods p.3 for test standards and Figure 6 caption for day-84 indoor condition",Numeric cells transcribed from public SI Table S3 only; the article's Data Availability statement says the complete raw dataset is available from the authors on request. No request-only raw data are used here.,Plant A; post-wet-extraction ash after Fe/NFe removal,One 400–600 kg Plant A sample collected after wet extraction and Fe/NFe removal; Table S3 duplicate analyses are technical repeats nested in this single lineage. Fresh day 0 is paired with indoor-stored day 84 material.,fresh day 0,"aged day 84, indoor storage",2,7,batch,0.00110044,0.00283821,0.0017377699999999998,157.91592453927518,False,Numeric cells transcribed from public SI Table S3 only; the article's Data Availability statement says the complete raw dataset is available from the authors on request. No request-only raw data are used here.,"Printed numeric zero is retained as zero at displayed precision, not reclassified as <LOD; an empty cell remains missing/not reported.",mg/kg,v92 bbox extraction; six source-table anchor checks passed
SIMON_SCHOLZ2023,"Simon & Scholz (2023), Applied Sciences 13(24):13228",10.3390/app132413228,https://doi.org/10.3390/app132413228,Germany,"Germany; country-specific evidence, not EU-27 pooled evidence",SIMON_SCHOLZ2023-Germany-PlantA-composite,2,indoor_storage_day84,Indoor storage/aging to day 84,bulk IBA; size fraction not reported for Table S3,ash eluate; batch leached amount,Ni,elemental_leaching_endpoint,DIN EN 12457 batch test,10 L/kg,,mg/kg,0.00433812,,,,numeric_as_printed_in_SI_including_zero,blank_not_reported_in_SI,,,,not_estimable_due_to_blank,,,,,One 400–600 kg Plant A sample collected after wet extraction and Fe/NFe removal; Table S3 duplicate analyses are technical repeats nested in this single lineage. Fresh day 0 is paired with indoor-stored day 84 material.,"SI Table S3, printed duplicate block 2, PDF p.7, Ni; main article Methods p.3 for test standards and Figure 6 caption for day-84 indoor condition",Numeric cells transcribed from public SI Table S3 only; the article's Data Availability statement says the complete raw dataset is available from the authors on request. No request-only raw data are used here.,Plant A; post-wet-extraction ash after Fe/NFe removal,One 400–600 kg Plant A sample collected after wet extraction and Fe/NFe removal; Table S3 duplicate analyses are technical repeats nested in this single lineage. Fresh day 0 is paired with indoor-stored day 84 material.,fresh day 0,"aged day 84, indoor storage",2,7,batch,0.00433812,,,,False,Numeric cells transcribed from public SI Table S3 only; the article's Data Availability statement says the complete raw dataset is available from the authors on request. No request-only raw data are used here.,"Printed numeric zero is retained as zero at displayed precision, not reclassified as <LOD; an empty cell remains missing/not reported.",mg/kg,v92 bbox extraction; six source-table anchor checks passed
SIMON_SCHOLZ2023,"Simon & Scholz (2023), Applied Sciences 13(24):13228",10.3390/app132413228,https://doi.org/10.3390/app132413228,Germany,"Germany; country-specific evidence, not EU-27 pooled evidence",SIMON_SCHOLZ2023-Germany-PlantA-composite,2,indoor_storage_day84,Indoor storage/aging to day 84,bulk IBA; size fraction not reported for Table S3,ash eluate; cumulative column release,Pb,elemental_leaching_endpoint,DIN 19528 column test,2 L/kg,,mg/kg,0.37717028,,0.0,,numeric_as_printed_in_SI_including_zero,numeric_as_printed_in_SI_including_zero,,-99.99999999999999,,lower,,,,,One 400–600 kg Plant A sample collected after wet extraction and Fe/NFe removal; Table S3 duplicate analyses are technical repeats nested in this single lineage. Fresh day 0 is paired with indoor-stored day 84 material.,"SI Table S3, printed duplicate block 1, PDF p.6, Pb; main article Methods p.3 for test standards and Figure 6 caption for day-84 indoor condition",Numeric cells transcribed from public SI Table S3 only; the article's Data Availability statement says the complete raw dataset is available from the authors on request. No request-only raw data are used here.,Plant A; post-wet-extraction ash after Fe/NFe removal,One 400–600 kg Plant A sample collected after wet extraction and Fe/NFe removal; Table S3 duplicate analyses are technical repeats nested in this single lineage. Fresh day 0 is paired with indoor-stored day 84 material.,fresh day 0,"aged day 84, indoor storage",1,6,column,0.37717028,0.0,-0.37717028,-99.99999999999999,False,Numeric cells transcribed from public SI Table S3 only; the article's Data Availability statement says the complete raw dataset is available from the authors on request. No request-only raw data are used here.,"Printed numeric zero is retained as zero at displayed precision, not reclassified as <LOD; an empty cell remains missing/not reported.",mg/kg,v92 bbox extraction; six source-table anchor checks passed
SIMON_SCHOLZ2023,"Simon & Scholz (2023), Applied Sciences 13(24):13228",10.3390/app132413228,https://doi.org/10.3390/app132413228,Germany,"Germany; country-specific evidence, not EU-27 pooled evidence",SIMON_SCHOLZ2023-Germany-PlantA-composite,2,indoor_storage_day84,Indoor storage/aging to day 84,bulk IBA; size fraction not reported for Table S3,ash eluate; cumulative column release,Pb,elemental_leaching_endpoint,DIN 19528 column test,10 L/kg,,mg/kg,1.56819879,,0.01532818,,numeric_as_printed_in_SI_including_zero,numeric_as_printed_in_SI_including_zero,,-99.02256141901499,-4.627990007836682,lower,,,,,One 400–600 kg Plant A sample collected after wet extraction and Fe/NFe removal; Table S3 duplicate analyses are technical repeats nested in this single lineage. Fresh day 0 is paired with indoor-stored day 84 material.,"SI Table S3, printed duplicate block 1, PDF p.6, Pb; main article Methods p.3 for test standards and Figure 6 caption for day-84 indoor condition",Numeric cells transcribed from public SI Table S3 only; the article's Data Availability statement says the complete raw dataset is available from the authors on request. No request-only raw data are used here.,Plant A; post-wet-extraction ash after Fe/NFe removal,One 400–600 kg Plant A sample collected after wet extraction and Fe/NFe removal; Table S3 duplicate analyses are technical repeats nested in this single lineage. Fresh day 0 is paired with indoor-stored day 84 material.,fresh day 0,"aged day 84, indoor storage",1,6,column,1.56819879,0.01532818,-1.55287061,-99.02256141901499,False,Numeric cells transcribed from public SI Table S3 only; the article's Data Availability statement says the complete raw dataset is available from the authors on request. No request-only raw data are used here.,"Printed numeric zero is retained as zero at displayed precision, not reclassified as <LOD; an empty cell remains missing/not reported.",mg/kg,v92 bbox extraction; six source-table anchor checks passed
SIMON_SCHOLZ2023,"Simon & Scholz (2023), Applied Sciences 13(24):13228",10.3390/app132413228,https://doi.org/10.3390/app132413228,Germany,"Germany; country-specific evidence, not EU-27 pooled evidence",SIMON_SCHOLZ2023-Germany-PlantA-composite,2,indoor_storage_day84,Indoor storage/aging to day 84,bulk IBA; size fraction not reported for Table S3,ash eluate; batch leached amount,Pb,elemental_leaching_endpoint,DIN 19529 batch test,2 L/kg,,mg/kg,1.22107774,,,,numeric_as_printed_in_SI_including_zero,blank_not_reported_in_SI,,,,not_estimable_due_to_blank,,,,,One 400–600 kg Plant A sample collected after wet extraction and Fe/NFe removal; Table S3 duplicate analyses are technical repeats nested in this single lineage. Fresh day 0 is paired with indoor-stored day 84 material.,"SI Table S3, printed duplicate block 1, PDF p.6, Pb; main article Methods p.3 for test standards and Figure 6 caption for day-84 indoor condition",Numeric cells transcribed from public SI Table S3 only; the article's Data Availability statement says the complete raw dataset is available from the authors on request. No request-only raw data are used here.,Plant A; post-wet-extraction ash after Fe/NFe removal,One 400–600 kg Plant A sample collected after wet extraction and Fe/NFe removal; Table S3 duplicate analyses are technical repeats nested in this single lineage. Fresh day 0 is paired with indoor-stored day 84 material.,fresh day 0,"aged day 84, indoor storage",1,6,batch,1.22107774,,,,False,Numeric cells transcribed from public SI Table S3 only; the article's Data Availability statement says the complete raw dataset is available from the authors on request. No request-only raw data are used here.,"Printed numeric zero is retained as zero at displayed precision, not reclassified as <LOD; an empty cell remains missing/not reported.",mg/kg,v92 bbox extraction; six source-table anchor checks passed
SIMON_SCHOLZ2023,"Simon & Scholz (2023), Applied Sciences 13(24):13228",10.3390/app132413228,https://doi.org/10.3390/app132413228,Germany,"Germany; country-specific evidence, not EU-27 pooled evidence",SIMON_SCHOLZ2023-Germany-PlantA-composite,2,indoor_storage_day84,Indoor storage/aging to day 84,bulk IBA; size fraction not reported for Table S3,ash eluate; batch leached amount,Pb,elemental_leaching_endpoint,DIN EN 12457 batch test,10 L/kg,,mg/kg,1.33019455,,,,numeric_as_printed_in_SI_including_zero,blank_not_reported_in_SI,,,,not_estimable_due_to_blank,,,,,One 400–600 kg Plant A sample collected after wet extraction and Fe/NFe removal; Table S3 duplicate analyses are technical repeats nested in this single lineage. Fresh day 0 is paired with indoor-stored day 84 material.,"SI Table S3, printed duplicate block 1, PDF p.6, Pb; main article Methods p.3 for test standards and Figure 6 caption for day-84 indoor condition",Numeric cells transcribed from public SI Table S3 only; the article's Data Availability statement says the complete raw dataset is available from the authors on request. No request-only raw data are used here.,Plant A; post-wet-extraction ash after Fe/NFe removal,One 400–600 kg Plant A sample collected after wet extraction and Fe/NFe removal; Table S3 duplicate analyses are technical repeats nested in this single lineage. Fresh day 0 is paired with indoor-stored day 84 material.,fresh day 0,"aged day 84, indoor storage",1,6,batch,1.33019455,,,,False,Numeric cells transcribed from public SI Table S3 only; the article's Data Availability statement says the complete raw dataset is available from the authors on request. No request-only raw data are used here.,"Printed numeric zero is retained as zero at displayed precision, not reclassified as <LOD; an empty cell remains missing/not reported.",mg/kg,v92 bbox extraction; six source-table anchor checks passed
SIMON_SCHOLZ2023,"Simon & Scholz (2023), Applied Sciences 13(24):13228",10.3390/app132413228,https://doi.org/10.3390/app132413228,Germany,"Germany; country-specific evidence, not EU-27 pooled evidence",SIMON_SCHOLZ2023-Germany-PlantA-composite,2,indoor_storage_day84,Indoor storage/aging to day 84,bulk IBA; size fraction not reported for Table S3,ash eluate; cumulative column release,Pb,elemental_leaching_endpoint,DIN 19528 column test,2 L/kg,,mg/kg,0.46283388,,0.00017225,,numeric_as_printed_in_SI_including_zero,numeric_as_printed_in_SI_including_zero,,-99.96278362335964,-7.8961765682971325,lower,,,,,One 400–600 kg Plant A sample collected after wet extraction and Fe/NFe removal; Table S3 duplicate analyses are technical repeats nested in this single lineage. Fresh day 0 is paired with indoor-stored day 84 material.,"SI Table S3, printed duplicate block 2, PDF p.7, Pb; main article Methods p.3 for test standards and Figure 6 caption for day-84 indoor condition",Numeric cells transcribed from public SI Table S3 only; the article's Data Availability statement says the complete raw dataset is available from the authors on request. No request-only raw data are used here.,Plant A; post-wet-extraction ash after Fe/NFe removal,One 400–600 kg Plant A sample collected after wet extraction and Fe/NFe removal; Table S3 duplicate analyses are technical repeats nested in this single lineage. Fresh day 0 is paired with indoor-stored day 84 material.,fresh day 0,"aged day 84, indoor storage",2,7,column,0.46283388,0.00017225,-0.46266163,-99.96278362335964,False,Numeric cells transcribed from public SI Table S3 only; the article's Data Availability statement says the complete raw dataset is available from the authors on request. No request-only raw data are used here.,"Printed numeric zero is retained as zero at displayed precision, not reclassified as <LOD; an empty cell remains missing/not reported.",mg/kg,v92 bbox extraction; six source-table anchor checks passed
SIMON_SCHOLZ2023,"Simon & Scholz (2023), Applied Sciences 13(24):13228",10.3390/app132413228,https://doi.org/10.3390/app132413228,Germany,"Germany; country-specific evidence, not EU-27 pooled evidence",SIMON_SCHOLZ2023-Germany-PlantA-composite,2,indoor_storage_day84,Indoor storage/aging to day 84,bulk IBA; size fraction not reported for Table S3,ash eluate; cumulative column release,Pb,elemental_leaching_endpoint,DIN 19528 column test,10 L/kg,,mg/kg,1.43356125,,0.00186682,,numeric_as_printed_in_SI_including_zero,numeric_as_printed_in_SI_including_zero,,-99.86977745108553,-6.643680563443845,lower,,,,,One 400–600 kg Plant A sample collected after wet extraction and Fe/NFe removal; Table S3 duplicate analyses are technical repeats nested in this single lineage. Fresh day 0 is paired with indoor-stored day 84 material.,"SI Table S3, printed duplicate block 2, PDF p.7, Pb; main article Methods p.3 for test standards and Figure 6 caption for day-84 indoor condition",Numeric cells transcribed from public SI Table S3 only; the article's Data Availability statement says the complete raw dataset is available from the authors on request. No request-only raw data are used here.,Plant A; post-wet-extraction ash after Fe/NFe removal,One 400–600 kg Plant A sample collected after wet extraction and Fe/NFe removal; Table S3 duplicate analyses are technical repeats nested in this single lineage. Fresh day 0 is paired with indoor-stored day 84 material.,fresh day 0,"aged day 84, indoor storage",2,7,column,1.43356125,0.00186682,-1.4316944299999999,-99.86977745108553,False,Numeric cells transcribed from public SI Table S3 only; the article's Data Availability statement says the complete raw dataset is available from the authors on request. No request-only raw data are used here.,"Printed numeric zero is retained as zero at displayed precision, not reclassified as <LOD; an empty cell remains missing/not reported.",mg/kg,v92 bbox extraction; six source-table anchor checks passed
SIMON_SCHOLZ2023,"Simon & Scholz (2023), Applied Sciences 13(24):13228",10.3390/app132413228,https://doi.org/10.3390/app132413228,Germany,"Germany; country-specific evidence, not EU-27 pooled evidence",SIMON_SCHOLZ2023-Germany-PlantA-composite,2,indoor_storage_day84,Indoor storage/aging to day 84,bulk IBA; size fraction not reported for Table S3,ash eluate; batch leached amount,Pb,elemental_leaching_endpoint,DIN 19529 batch test,2 L/kg,,mg/kg,1.17305275,,,,numeric_as_printed_in_SI_including_zero,blank_not_reported_in_SI,,,,not_estimable_due_to_blank,,,,,One 400–600 kg Plant A sample collected after wet extraction and Fe/NFe removal; Table S3 duplicate analyses are technical repeats nested in this single lineage. Fresh day 0 is paired with indoor-stored day 84 material.,"SI Table S3, printed duplicate block 2, PDF p.7, Pb; main article Methods p.3 for test standards and Figure 6 caption for day-84 indoor condition",Numeric cells transcribed from public SI Table S3 only; the article's Data Availability statement says the complete raw dataset is available from the authors on request. No request-only raw data are used here.,Plant A; post-wet-extraction ash after Fe/NFe removal,One 400–600 kg Plant A sample collected after wet extraction and Fe/NFe removal; Table S3 duplicate analyses are technical repeats nested in this single lineage. Fresh day 0 is paired with indoor-stored day 84 material.,fresh day 0,"aged day 84, indoor storage",2,7,batch,1.17305275,,,,False,Numeric cells transcribed from public SI Table S3 only; the article's Data Availability statement says the complete raw dataset is available from the authors on request. No request-only raw data are used here.,"Printed numeric zero is retained as zero at displayed precision, not reclassified as <LOD; an empty cell remains missing/not reported.",mg/kg,v92 bbox extraction; six source-table anchor checks passed
SIMON_SCHOLZ2023,"Simon & Scholz (2023), Applied Sciences 13(24):13228",10.3390/app132413228,https://doi.org/10.3390/app132413228,Germany,"Germany; country-specific evidence, not EU-27 pooled evidence",SIMON_SCHOLZ2023-Germany-PlantA-composite,2,indoor_storage_day84,Indoor storage/aging to day 84,bulk IBA; size fraction not reported for Table S3,ash eluate; batch leached amount,Pb,elemental_leaching_endpoint,DIN EN 12457 batch test,10 L/kg,,mg/kg,1.54188298,,,,numeric_as_printed_in_SI_including_zero,blank_not_reported_in_SI,,,,not_estimable_due_to_blank,,,,,One 400–600 kg Plant A sample collected after wet extraction and Fe/NFe removal; Table S3 duplicate analyses are technical repeats nested in this single lineage. Fresh day 0 is paired with indoor-stored day 84 material.,"SI Table S3, printed duplicate block 2, PDF p.7, Pb; main article Methods p.3 for test standards and Figure 6 caption for day-84 indoor condition",Numeric cells transcribed from public SI Table S3 only; the article's Data Availability statement says the complete raw dataset is available from the authors on request. No request-only raw data are used here.,Plant A; post-wet-extraction ash after Fe/NFe removal,One 400–600 kg Plant A sample collected after wet extraction and Fe/NFe removal; Table S3 duplicate analyses are technical repeats nested in this single lineage. Fresh day 0 is paired with indoor-stored day 84 material.,fresh day 0,"aged day 84, indoor storage",2,7,batch,1.54188298,,,,False,Numeric cells transcribed from public SI Table S3 only; the article's Data Availability statement says the complete raw dataset is available from the authors on request. No request-only raw data are used here.,"Printed numeric zero is retained as zero at displayed precision, not reclassified as <LOD; an empty cell remains missing/not reported.",mg/kg,v92 bbox extraction; six source-table anchor checks passed
SIMON_SCHOLZ2023,"Simon & Scholz (2023), Applied Sciences 13(24):13228",10.3390/app132413228,https://doi.org/10.3390/app132413228,Germany,"Germany; country-specific evidence, not EU-27 pooled evidence",SIMON_SCHOLZ2023-Germany-PlantA-composite,2,indoor_storage_day84,Indoor storage/aging to day 84,bulk IBA; size fraction not reported for Table S3,ash eluate; cumulative column release,Sb,elemental_leaching_endpoint,DIN 19528 column test,2 L/kg,,mg/kg,0.00414342,,0.05067979,,numeric_as_printed_in_SI_including_zero,numeric_as_printed_in_SI_including_zero,,1123.139097653629,2.504005678026233,higher,,,,,One 400–600 kg Plant A sample collected after wet extraction and Fe/NFe removal; Table S3 duplicate analyses are technical repeats nested in this single lineage. Fresh day 0 is paired with indoor-stored day 84 material.,"SI Table S3, printed duplicate block 1, PDF p.6, Sb; main article Methods p.3 for test standards and Figure 6 caption for day-84 indoor condition",Numeric cells transcribed from public SI Table S3 only; the article's Data Availability statement says the complete raw dataset is available from the authors on request. No request-only raw data are used here.,Plant A; post-wet-extraction ash after Fe/NFe removal,One 400–600 kg Plant A sample collected after wet extraction and Fe/NFe removal; Table S3 duplicate analyses are technical repeats nested in this single lineage. Fresh day 0 is paired with indoor-stored day 84 material.,fresh day 0,"aged day 84, indoor storage",1,6,column,0.00414342,0.05067979,0.04653637,1123.139097653629,False,Numeric cells transcribed from public SI Table S3 only; the article's Data Availability statement says the complete raw dataset is available from the authors on request. No request-only raw data are used here.,"Printed numeric zero is retained as zero at displayed precision, not reclassified as <LOD; an empty cell remains missing/not reported.",mg/kg,v92 bbox extraction; six source-table anchor checks passed
SIMON_SCHOLZ2023,"Simon & Scholz (2023), Applied Sciences 13(24):13228",10.3390/app132413228,https://doi.org/10.3390/app132413228,Germany,"Germany; country-specific evidence, not EU-27 pooled evidence",SIMON_SCHOLZ2023-Germany-PlantA-composite,2,indoor_storage_day84,Indoor storage/aging to day 84,bulk IBA; size fraction not reported for Table S3,ash eluate; cumulative column release,Sb,elemental_leaching_endpoint,DIN 19528 column test,10 L/kg,,mg/kg,0.11139327,,0.68996408,,numeric_as_printed_in_SI_including_zero,numeric_as_printed_in_SI_including_zero,,519.3947623586237,1.8235726255233695,higher,,,,,One 400–600 kg Plant A sample collected after wet extraction and Fe/NFe removal; Table S3 duplicate analyses are technical repeats nested in this single lineage. Fresh day 0 is paired with indoor-stored day 84 material.,"SI Table S3, printed duplicate block 1, PDF p.6, Sb; main article Methods p.3 for test standards and Figure 6 caption for day-84 indoor condition",Numeric cells transcribed from public SI Table S3 only; the article's Data Availability statement says the complete raw dataset is available from the authors on request. No request-only raw data are used here.,Plant A; post-wet-extraction ash after Fe/NFe removal,One 400–600 kg Plant A sample collected after wet extraction and Fe/NFe removal; Table S3 duplicate analyses are technical repeats nested in this single lineage. Fresh day 0 is paired with indoor-stored day 84 material.,fresh day 0,"aged day 84, indoor storage",1,6,column,0.11139327,0.68996408,0.57857081,519.3947623586237,False,Numeric cells transcribed from public SI Table S3 only; the article's Data Availability statement says the complete raw dataset is available from the authors on request. No request-only raw data are used here.,"Printed numeric zero is retained as zero at displayed precision, not reclassified as <LOD; an empty cell remains missing/not reported.",mg/kg,v92 bbox extraction; six source-table anchor checks passed
SIMON_SCHOLZ2023,"Simon & Scholz (2023), Applied Sciences 13(24):13228",10.3390/app132413228,https://doi.org/10.3390/app132413228,Germany,"Germany; country-specific evidence, not EU-27 pooled evidence",SIMON_SCHOLZ2023-Germany-PlantA-composite,2,indoor_storage_day84,Indoor storage/aging to day 84,bulk IBA; size fraction not reported for Table S3,ash eluate; batch leached amount,Sb,elemental_leaching_endpoint,DIN 19529 batch test,2 L/kg,,mg/kg,0.01672522,,0.0559901,,numeric_as_printed_in_SI_including_zero,numeric_as_printed_in_SI_including_zero,,234.7645053398401,1.2082571295035116,higher,,,,,One 400–600 kg Plant A sample collected after wet extraction and Fe/NFe removal; Table S3 duplicate analyses are technical repeats nested in this single lineage. Fresh day 0 is paired with indoor-stored day 84 material.,"SI Table S3, printed duplicate block 1, PDF p.6, Sb; main article Methods p.3 for test standards and Figure 6 caption for day-84 indoor condition",Numeric cells transcribed from public SI Table S3 only; the article's Data Availability statement says the complete raw dataset is available from the authors on request. No request-only raw data are used here.,Plant A; post-wet-extraction ash after Fe/NFe removal,One 400–600 kg Plant A sample collected after wet extraction and Fe/NFe removal; Table S3 duplicate analyses are technical repeats nested in this single lineage. Fresh day 0 is paired with indoor-stored day 84 material.,fresh day 0,"aged day 84, indoor storage",1,6,batch,0.01672522,0.0559901,0.03926488,234.7645053398401,False,Numeric cells transcribed from public SI Table S3 only; the article's Data Availability statement says the complete raw dataset is available from the authors on request. No request-only raw data are used here.,"Printed numeric zero is retained as zero at displayed precision, not reclassified as <LOD; an empty cell remains missing/not reported.",mg/kg,v92 bbox extraction; six source-table anchor checks passed
SIMON_SCHOLZ2023,"Simon & Scholz (2023), Applied Sciences 13(24):13228",10.3390/app132413228,https://doi.org/10.3390/app132413228,Germany,"Germany; country-specific evidence, not EU-27 pooled evidence",SIMON_SCHOLZ2023-Germany-PlantA-composite,2,indoor_storage_day84,Indoor storage/aging to day 84,bulk IBA; size fraction not reported for Table S3,ash eluate; batch leached amount,Sb,elemental_leaching_endpoint,DIN EN 12457 batch test,10 L/kg,,mg/kg,0.12676181,,0.30550111,,numeric_as_printed_in_SI_including_zero,numeric_as_printed_in_SI_including_zero,,141.00406108117264,0.8796435983198104,higher,,,,,One 400–600 kg Plant A sample collected after wet extraction and Fe/NFe removal; Table S3 duplicate analyses are technical repeats nested in this single lineage. Fresh day 0 is paired with indoor-stored day 84 material.,"SI Table S3, printed duplicate block 1, PDF p.6, Sb; main article Methods p.3 for test standards and Figure 6 caption for day-84 indoor condition",Numeric cells transcribed from public SI Table S3 only; the article's Data Availability statement says the complete raw dataset is available from the authors on request. No request-only raw data are used here.,Plant A; post-wet-extraction ash after Fe/NFe removal,One 400–600 kg Plant A sample collected after wet extraction and Fe/NFe removal; Table S3 duplicate analyses are technical repeats nested in this single lineage. Fresh day 0 is paired with indoor-stored day 84 material.,fresh day 0,"aged day 84, indoor storage",1,6,batch,0.12676181,0.30550111,0.17873930000000002,141.00406108117264,False,Numeric cells transcribed from public SI Table S3 only; the article's Data Availability statement says the complete raw dataset is available from the authors on request. No request-only raw data are used here.,"Printed numeric zero is retained as zero at displayed precision, not reclassified as <LOD; an empty cell remains missing/not reported.",mg/kg,v92 bbox extraction; six source-table anchor checks passed
SIMON_SCHOLZ2023,"Simon & Scholz (2023), Applied Sciences 13(24):13228",10.3390/app132413228,https://doi.org/10.3390/app132413228,Germany,"Germany; country-specific evidence, not EU-27 pooled evidence",SIMON_SCHOLZ2023-Germany-PlantA-composite,2,indoor_storage_day84,Indoor storage/aging to day 84,bulk IBA; size fraction not reported for Table S3,ash eluate; cumulative column release,Sb,elemental_leaching_endpoint,DIN 19528 column test,2 L/kg,,mg/kg,0.00137512,,0.07759631,,numeric_as_printed_in_SI_including_zero,numeric_as_printed_in_SI_including_zero,,5542.8755308627615,4.032978874474407,higher,,,,,One 400–600 kg Plant A sample collected after wet extraction and Fe/NFe removal; Table S3 duplicate analyses are technical repeats nested in this single lineage. Fresh day 0 is paired with indoor-stored day 84 material.,"SI Table S3, printed duplicate block 2, PDF p.7, Sb; main article Methods p.3 for test standards and Figure 6 caption for day-84 indoor condition",Numeric cells transcribed from public SI Table S3 only; the article's Data Availability statement says the complete raw dataset is available from the authors on request. No request-only raw data are used here.,Plant A; post-wet-extraction ash after Fe/NFe removal,One 400–600 kg Plant A sample collected after wet extraction and Fe/NFe removal; Table S3 duplicate analyses are technical repeats nested in this single lineage. Fresh day 0 is paired with indoor-stored day 84 material.,fresh day 0,"aged day 84, indoor storage",2,7,column,0.00137512,0.07759631,0.07622119000000001,5542.8755308627615,False,Numeric cells transcribed from public SI Table S3 only; the article's Data Availability statement says the complete raw dataset is available from the authors on request. No request-only raw data are used here.,"Printed numeric zero is retained as zero at displayed precision, not reclassified as <LOD; an empty cell remains missing/not reported.",mg/kg,v92 bbox extraction; six source-table anchor checks passed
SIMON_SCHOLZ2023,"Simon & Scholz (2023), Applied Sciences 13(24):13228",10.3390/app132413228,https://doi.org/10.3390/app132413228,Germany,"Germany; country-specific evidence, not EU-27 pooled evidence",SIMON_SCHOLZ2023-Germany-PlantA-composite,2,indoor_storage_day84,Indoor storage/aging to day 84,bulk IBA; size fraction not reported for Table S3,ash eluate; cumulative column release,Sb,elemental_leaching_endpoint,DIN 19528 column test,10 L/kg,,mg/kg,0.10963396,,0.40932217,,numeric_as_printed_in_SI_including_zero,numeric_as_printed_in_SI_including_zero,,273.3534481469063,1.3173553671464475,higher,,,,,One 400–600 kg Plant A sample collected after wet extraction and Fe/NFe removal; Table S3 duplicate analyses are technical repeats nested in this single lineage. Fresh day 0 is paired with indoor-stored day 84 material.,"SI Table S3, printed duplicate block 2, PDF p.7, Sb; main article Methods p.3 for test standards and Figure 6 caption for day-84 indoor condition",Numeric cells transcribed from public SI Table S3 only; the article's Data Availability statement says the complete raw dataset is available from the authors on request. No request-only raw data are used here.,Plant A; post-wet-extraction ash after Fe/NFe removal,One 400–600 kg Plant A sample collected after wet extraction and Fe/NFe removal; Table S3 duplicate analyses are technical repeats nested in this single lineage. Fresh day 0 is paired with indoor-stored day 84 material.,fresh day 0,"aged day 84, indoor storage",2,7,column,0.10963396,0.40932217,0.29968821,273.3534481469063,False,Numeric cells transcribed from public SI Table S3 only; the article's Data Availability statement says the complete raw dataset is available from the authors on request. No request-only raw data are used here.,"Printed numeric zero is retained as zero at displayed precision, not reclassified as <LOD; an empty cell remains missing/not reported.",mg/kg,v92 bbox extraction; six source-table anchor checks passed
SIMON_SCHOLZ2023,"Simon & Scholz (2023), Applied Sciences 13(24):13228",10.3390/app132413228,https://doi.org/10.3390/app132413228,Germany,"Germany; country-specific evidence, not EU-27 pooled evidence",SIMON_SCHOLZ2023-Germany-PlantA-composite,2,indoor_storage_day84,Indoor storage/aging to day 84,bulk IBA; size fraction not reported for Table S3,ash eluate; batch leached amount,Sb,elemental_leaching_endpoint,DIN 19529 batch test,2 L/kg,,mg/kg,0.0142272,,0.04303271,,numeric_as_printed_in_SI_including_zero,numeric_as_printed_in_SI_including_zero,,202.46787843004947,1.1068048988364645,higher,,,,,One 400–600 kg Plant A sample collected after wet extraction and Fe/NFe removal; Table S3 duplicate analyses are technical repeats nested in this single lineage. Fresh day 0 is paired with indoor-stored day 84 material.,"SI Table S3, printed duplicate block 2, PDF p.7, Sb; main article Methods p.3 for test standards and Figure 6 caption for day-84 indoor condition",Numeric cells transcribed from public SI Table S3 only; the article's Data Availability statement says the complete raw dataset is available from the authors on request. No request-only raw data are used here.,Plant A; post-wet-extraction ash after Fe/NFe removal,One 400–600 kg Plant A sample collected after wet extraction and Fe/NFe removal; Table S3 duplicate analyses are technical repeats nested in this single lineage. Fresh day 0 is paired with indoor-stored day 84 material.,fresh day 0,"aged day 84, indoor storage",2,7,batch,0.0142272,0.04303271,0.02880551,202.46787843004947,False,Numeric cells transcribed from public SI Table S3 only; the article's Data Availability statement says the complete raw dataset is available from the authors on request. No request-only raw data are used here.,"Printed numeric zero is retained as zero at displayed precision, not reclassified as <LOD; an empty cell remains missing/not reported.",mg/kg,v92 bbox extraction; six source-table anchor checks passed
SIMON_SCHOLZ2023,"Simon & Scholz (2023), Applied Sciences 13(24):13228",10.3390/app132413228,https://doi.org/10.3390/app132413228,Germany,"Germany; country-specific evidence, not EU-27 pooled evidence",SIMON_SCHOLZ2023-Germany-PlantA-composite,2,indoor_storage_day84,Indoor storage/aging to day 84,bulk IBA; size fraction not reported for Table S3,ash eluate; batch leached amount,Sb,elemental_leaching_endpoint,DIN EN 12457 batch test,10 L/kg,,mg/kg,0.13220908,,0.16419891,,numeric_as_printed_in_SI_including_zero,numeric_as_printed_in_SI_including_zero,,24.196394075202697,0.21669394987888677,higher,,,,,One 400–600 kg Plant A sample collected after wet extraction and Fe/NFe removal; Table S3 duplicate analyses are technical repeats nested in this single lineage. Fresh day 0 is paired with indoor-stored day 84 material.,"SI Table S3, printed duplicate block 2, PDF p.7, Sb; main article Methods p.3 for test standards and Figure 6 caption for day-84 indoor condition",Numeric cells transcribed from public SI Table S3 only; the article's Data Availability statement says the complete raw dataset is available from the authors on request. No request-only raw data are used here.,Plant A; post-wet-extraction ash after Fe/NFe removal,One 400–600 kg Plant A sample collected after wet extraction and Fe/NFe removal; Table S3 duplicate analyses are technical repeats nested in this single lineage. Fresh day 0 is paired with indoor-stored day 84 material.,fresh day 0,"aged day 84, indoor storage",2,7,batch,0.13220908,0.16419891,0.03198983,24.196394075202697,False,Numeric cells transcribed from public SI Table S3 only; the article's Data Availability statement says the complete raw dataset is available from the authors on request. No request-only raw data are used here.,"Printed numeric zero is retained as zero at displayed precision, not reclassified as <LOD; an empty cell remains missing/not reported.",mg/kg,v92 bbox extraction; six source-table anchor checks passed
SIMON_SCHOLZ2023,"Simon & Scholz (2023), Applied Sciences 13(24):13228",10.3390/app132413228,https://doi.org/10.3390/app132413228,Germany,"Germany; country-specific evidence, not EU-27 pooled evidence",SIMON_SCHOLZ2023-Germany-PlantA-composite,2,indoor_storage_day84,Indoor storage/aging to day 84,bulk IBA; size fraction not reported for Table S3,ash eluate; cumulative column release,V,elemental_leaching_endpoint,DIN 19528 column test,2 L/kg,,mg/kg,0.00015093,,0.01104408,,numeric_as_printed_in_SI_including_zero,numeric_as_printed_in_SI_including_zero,,7217.352415026833,4.292833663604736,higher,,,,,One 400–600 kg Plant A sample collected after wet extraction and Fe/NFe removal; Table S3 duplicate analyses are technical repeats nested in this single lineage. Fresh day 0 is paired with indoor-stored day 84 material.,"SI Table S3, printed duplicate block 1, PDF p.6, V; main article Methods p.3 for test standards and Figure 6 caption for day-84 indoor condition",Numeric cells transcribed from public SI Table S3 only; the article's Data Availability statement says the complete raw dataset is available from the authors on request. No request-only raw data are used here.,Plant A; post-wet-extraction ash after Fe/NFe removal,One 400–600 kg Plant A sample collected after wet extraction and Fe/NFe removal; Table S3 duplicate analyses are technical repeats nested in this single lineage. Fresh day 0 is paired with indoor-stored day 84 material.,fresh day 0,"aged day 84, indoor storage",1,6,column,0.00015093,0.01104408,0.010893149999999999,7217.352415026833,False,Numeric cells transcribed from public SI Table S3 only; the article's Data Availability statement says the complete raw dataset is available from the authors on request. No request-only raw data are used here.,"Printed numeric zero is retained as zero at displayed precision, not reclassified as <LOD; an empty cell remains missing/not reported.",mg/kg,v92 bbox extraction; six source-table anchor checks passed
SIMON_SCHOLZ2023,"Simon & Scholz (2023), Applied Sciences 13(24):13228",10.3390/app132413228,https://doi.org/10.3390/app132413228,Germany,"Germany; country-specific evidence, not EU-27 pooled evidence",SIMON_SCHOLZ2023-Germany-PlantA-composite,2,indoor_storage_day84,Indoor storage/aging to day 84,bulk IBA; size fraction not reported for Table S3,ash eluate; cumulative column release,V,elemental_leaching_endpoint,DIN 19528 column test,10 L/kg,,mg/kg,0.00322112,,0.03994021,,numeric_as_printed_in_SI_including_zero,numeric_as_printed_in_SI_including_zero,,1139.947906318299,2.517654460694873,higher,,,,,One 400–600 kg Plant A sample collected after wet extraction and Fe/NFe removal; Table S3 duplicate analyses are technical repeats nested in this single lineage. Fresh day 0 is paired with indoor-stored day 84 material.,"SI Table S3, printed duplicate block 1, PDF p.6, V; main article Methods p.3 for test standards and Figure 6 caption for day-84 indoor condition",Numeric cells transcribed from public SI Table S3 only; the article's Data Availability statement says the complete raw dataset is available from the authors on request. No request-only raw data are used here.,Plant A; post-wet-extraction ash after Fe/NFe removal,One 400–600 kg Plant A sample collected after wet extraction and Fe/NFe removal; Table S3 duplicate analyses are technical repeats nested in this single lineage. Fresh day 0 is paired with indoor-stored day 84 material.,fresh day 0,"aged day 84, indoor storage",1,6,column,0.00322112,0.03994021,0.036719089999999996,1139.947906318299,False,Numeric cells transcribed from public SI Table S3 only; the article's Data Availability statement says the complete raw dataset is available from the authors on request. No request-only raw data are used here.,"Printed numeric zero is retained as zero at displayed precision, not reclassified as <LOD; an empty cell remains missing/not reported.",mg/kg,v92 bbox extraction; six source-table anchor checks passed
SIMON_SCHOLZ2023,"Simon & Scholz (2023), Applied Sciences 13(24):13228",10.3390/app132413228,https://doi.org/10.3390/app132413228,Germany,"Germany; country-specific evidence, not EU-27 pooled evidence",SIMON_SCHOLZ2023-Germany-PlantA-composite,2,indoor_storage_day84,Indoor storage/aging to day 84,bulk IBA; size fraction not reported for Table S3,ash eluate; batch leached amount,V,elemental_leaching_endpoint,DIN 19529 batch test,2 L/kg,,mg/kg,,,,,blank_not_reported_in_SI,blank_not_reported_in_SI,,,,not_estimable_due_to_blank,,,,,One 400–600 kg Plant A sample collected after wet extraction and Fe/NFe removal; Table S3 duplicate analyses are technical repeats nested in this single lineage. Fresh day 0 is paired with indoor-stored day 84 material.,"SI Table S3, printed duplicate block 1, PDF p.6, V; main article Methods p.3 for test standards and Figure 6 caption for day-84 indoor condition",Numeric cells transcribed from public SI Table S3 only; the article's Data Availability statement says the complete raw dataset is available from the authors on request. No request-only raw data are used here.,Plant A; post-wet-extraction ash after Fe/NFe removal,One 400–600 kg Plant A sample collected after wet extraction and Fe/NFe removal; Table S3 duplicate analyses are technical repeats nested in this single lineage. Fresh day 0 is paired with indoor-stored day 84 material.,fresh day 0,"aged day 84, indoor storage",1,6,batch,,,,,False,Numeric cells transcribed from public SI Table S3 only; the article's Data Availability statement says the complete raw dataset is available from the authors on request. No request-only raw data are used here.,"Printed numeric zero is retained as zero at displayed precision, not reclassified as <LOD; an empty cell remains missing/not reported.",mg/kg,v92 bbox extraction; six source-table anchor checks passed
SIMON_SCHOLZ2023,"Simon & Scholz (2023), Applied Sciences 13(24):13228",10.3390/app132413228,https://doi.org/10.3390/app132413228,Germany,"Germany; country-specific evidence, not EU-27 pooled evidence",SIMON_SCHOLZ2023-Germany-PlantA-composite,2,indoor_storage_day84,Indoor storage/aging to day 84,bulk IBA; size fraction not reported for Table S3,ash eluate; batch leached amount,V,elemental_leaching_endpoint,DIN EN 12457 batch test,10 L/kg,,mg/kg,,,,,blank_not_reported_in_SI,blank_not_reported_in_SI,,,,not_estimable_due_to_blank,,,,,One 400–600 kg Plant A sample collected after wet extraction and Fe/NFe removal; Table S3 duplicate analyses are technical repeats nested in this single lineage. Fresh day 0 is paired with indoor-stored day 84 material.,"SI Table S3, printed duplicate block 1, PDF p.6, V; main article Methods p.3 for test standards and Figure 6 caption for day-84 indoor condition",Numeric cells transcribed from public SI Table S3 only; the article's Data Availability statement says the complete raw dataset is available from the authors on request. No request-only raw data are used here.,Plant A; post-wet-extraction ash after Fe/NFe removal,One 400–600 kg Plant A sample collected after wet extraction and Fe/NFe removal; Table S3 duplicate analyses are technical repeats nested in this single lineage. Fresh day 0 is paired with indoor-stored day 84 material.,fresh day 0,"aged day 84, indoor storage",1,6,batch,,,,,False,Numeric cells transcribed from public SI Table S3 only; the article's Data Availability statement says the complete raw dataset is available from the authors on request. No request-only raw data are used here.,"Printed numeric zero is retained as zero at displayed precision, not reclassified as <LOD; an empty cell remains missing/not reported.",mg/kg,v92 bbox extraction; six source-table anchor checks passed
SIMON_SCHOLZ2023,"Simon & Scholz (2023), Applied Sciences 13(24):13228",10.3390/app132413228,https://doi.org/10.3390/app132413228,Germany,"Germany; country-specific evidence, not EU-27 pooled evidence",SIMON_SCHOLZ2023-Germany-PlantA-composite,2,indoor_storage_day84,Indoor storage/aging to day 84,bulk IBA; size fraction not reported for Table S3,ash eluate; cumulative column release,V,elemental_leaching_endpoint,DIN 19528 column test,2 L/kg,,mg/kg,0.00015093,,0.01162817,,numeric_as_printed_in_SI_including_zero,numeric_as_printed_in_SI_including_zero,,7604.346385741735,4.344369728283601,higher,,,,,One 400–600 kg Plant A sample collected after wet extraction and Fe/NFe removal; Table S3 duplicate analyses are technical repeats nested in this single lineage. Fresh day 0 is paired with indoor-stored day 84 material.,"SI Table S3, printed duplicate block 2, PDF p.7, V; main article Methods p.3 for test standards and Figure 6 caption for day-84 indoor condition",Numeric cells transcribed from public SI Table S3 only; the article's Data Availability statement says the complete raw dataset is available from the authors on request. No request-only raw data are used here.,Plant A; post-wet-extraction ash after Fe/NFe removal,One 400–600 kg Plant A sample collected after wet extraction and Fe/NFe removal; Table S3 duplicate analyses are technical repeats nested in this single lineage. Fresh day 0 is paired with indoor-stored day 84 material.,fresh day 0,"aged day 84, indoor storage",2,7,column,0.00015093,0.01162817,0.01147724,7604.346385741735,False,Numeric cells transcribed from public SI Table S3 only; the article's Data Availability statement says the complete raw dataset is available from the authors on request. No request-only raw data are used here.,"Printed numeric zero is retained as zero at displayed precision, not reclassified as <LOD; an empty cell remains missing/not reported.",mg/kg,v92 bbox extraction; six source-table anchor checks passed
SIMON_SCHOLZ2023,"Simon & Scholz (2023), Applied Sciences 13(24):13228",10.3390/app132413228,https://doi.org/10.3390/app132413228,Germany,"Germany; country-specific evidence, not EU-27 pooled evidence",SIMON_SCHOLZ2023-Germany-PlantA-composite,2,indoor_storage_day84,Indoor storage/aging to day 84,bulk IBA; size fraction not reported for Table S3,ash eluate; cumulative column release,V,elemental_leaching_endpoint,DIN 19528 column test,10 L/kg,,mg/kg,0.00394017,,0.04226116,,numeric_as_printed_in_SI_including_zero,numeric_as_printed_in_SI_including_zero,,972.5719956245543,2.3726445913485077,higher,,,,,One 400–600 kg Plant A sample collected after wet extraction and Fe/NFe removal; Table S3 duplicate analyses are technical repeats nested in this single lineage. Fresh day 0 is paired with indoor-stored day 84 material.,"SI Table S3, printed duplicate block 2, PDF p.7, V; main article Methods p.3 for test standards and Figure 6 caption for day-84 indoor condition",Numeric cells transcribed from public SI Table S3 only; the article's Data Availability statement says the complete raw dataset is available from the authors on request. No request-only raw data are used here.,Plant A; post-wet-extraction ash after Fe/NFe removal,One 400–600 kg Plant A sample collected after wet extraction and Fe/NFe removal; Table S3 duplicate analyses are technical repeats nested in this single lineage. Fresh day 0 is paired with indoor-stored day 84 material.,fresh day 0,"aged day 84, indoor storage",2,7,column,0.00394017,0.04226116,0.03832099,972.5719956245543,False,Numeric cells transcribed from public SI Table S3 only; the article's Data Availability statement says the complete raw dataset is available from the authors on request. No request-only raw data are used here.,"Printed numeric zero is retained as zero at displayed precision, not reclassified as <LOD; an empty cell remains missing/not reported.",mg/kg,v92 bbox extraction; six source-table anchor checks passed
SIMON_SCHOLZ2023,"Simon & Scholz (2023), Applied Sciences 13(24):13228",10.3390/app132413228,https://doi.org/10.3390/app132413228,Germany,"Germany; country-specific evidence, not EU-27 pooled evidence",SIMON_SCHOLZ2023-Germany-PlantA-composite,2,indoor_storage_day84,Indoor storage/aging to day 84,bulk IBA; size fraction not reported for Table S3,ash eluate; batch leached amount,V,elemental_leaching_endpoint,DIN 19529 batch test,2 L/kg,,mg/kg,,,,,blank_not_reported_in_SI,blank_not_reported_in_SI,,,,not_estimable_due_to_blank,,,,,One 400–600 kg Plant A sample collected after wet extraction and Fe/NFe removal; Table S3 duplicate analyses are technical repeats nested in this single lineage. Fresh day 0 is paired with indoor-stored day 84 material.,"SI Table S3, printed duplicate block 2, PDF p.7, V; main article Methods p.3 for test standards and Figure 6 caption for day-84 indoor condition",Numeric cells transcribed from public SI Table S3 only; the article's Data Availability statement says the complete raw dataset is available from the authors on request. No request-only raw data are used here.,Plant A; post-wet-extraction ash after Fe/NFe removal,One 400–600 kg Plant A sample collected after wet extraction and Fe/NFe removal; Table S3 duplicate analyses are technical repeats nested in this single lineage. Fresh day 0 is paired with indoor-stored day 84 material.,fresh day 0,"aged day 84, indoor storage",2,7,batch,,,,,False,Numeric cells transcribed from public SI Table S3 only; the article's Data Availability statement says the complete raw dataset is available from the authors on request. No request-only raw data are used here.,"Printed numeric zero is retained as zero at displayed precision, not reclassified as <LOD; an empty cell remains missing/not reported.",mg/kg,v92 bbox extraction; six source-table anchor checks passed
SIMON_SCHOLZ2023,"Simon & Scholz (2023), Applied Sciences 13(24):13228",10.3390/app132413228,https://doi.org/10.3390/app132413228,Germany,"Germany; country-specific evidence, not EU-27 pooled evidence",SIMON_SCHOLZ2023-Germany-PlantA-composite,2,indoor_storage_day84,Indoor storage/aging to day 84,bulk IBA; size fraction not reported for Table S3,ash eluate; batch leached amount,V,elemental_leaching_endpoint,DIN EN 12457 batch test,10 L/kg,,mg/kg,0.00222336,,,,numeric_as_printed_in_SI_including_zero,blank_not_reported_in_SI,,,,not_estimable_due_to_blank,,,,,One 400–600 kg Plant A sample collected after wet extraction and Fe/NFe removal; Table S3 duplicate analyses are technical repeats nested in this single lineage. Fresh day 0 is paired with indoor-stored day 84 material.,"SI Table S3, printed duplicate block 2, PDF p.7, V; main article Methods p.3 for test standards and Figure 6 caption for day-84 indoor condition",Numeric cells transcribed from public SI Table S3 only; the article's Data Availability statement says the complete raw dataset is available from the authors on request. No request-only raw data are used here.,Plant A; post-wet-extraction ash after Fe/NFe removal,One 400–600 kg Plant A sample collected after wet extraction and Fe/NFe removal; Table S3 duplicate analyses are technical repeats nested in this single lineage. Fresh day 0 is paired with indoor-stored day 84 material.,fresh day 0,"aged day 84, indoor storage",2,7,batch,0.00222336,,,,False,Numeric cells transcribed from public SI Table S3 only; the article's Data Availability statement says the complete raw dataset is available from the authors on request. No request-only raw data are used here.,"Printed numeric zero is retained as zero at displayed precision, not reclassified as <LOD; an empty cell remains missing/not reported.",mg/kg,v92 bbox extraction; six source-table anchor checks passed
SIMON_SCHOLZ2023,"Simon & Scholz (2023), Applied Sciences 13(24):13228",10.3390/app132413228,https://doi.org/10.3390/app132413228,Germany,"Germany; country-specific evidence, not EU-27 pooled evidence",SIMON_SCHOLZ2023-Germany-PlantA-composite,2,indoor_storage_day84,Indoor storage/aging to day 84,bulk IBA; size fraction not reported for Table S3,ash eluate; cumulative column release,Zn,elemental_leaching_endpoint,DIN 19528 column test,2 L/kg,,mg/kg,0.06548638,,0.0,,numeric_as_printed_in_SI_including_zero,numeric_as_printed_in_SI_including_zero,,-100.0,,lower,,,,,One 400–600 kg Plant A sample collected after wet extraction and Fe/NFe removal; Table S3 duplicate analyses are technical repeats nested in this single lineage. Fresh day 0 is paired with indoor-stored day 84 material.,"SI Table S3, printed duplicate block 1, PDF p.6, Zn; main article Methods p.3 for test standards and Figure 6 caption for day-84 indoor condition",Numeric cells transcribed from public SI Table S3 only; the article's Data Availability statement says the complete raw dataset is available from the authors on request. No request-only raw data are used here.,Plant A; post-wet-extraction ash after Fe/NFe removal,One 400–600 kg Plant A sample collected after wet extraction and Fe/NFe removal; Table S3 duplicate analyses are technical repeats nested in this single lineage. Fresh day 0 is paired with indoor-stored day 84 material.,fresh day 0,"aged day 84, indoor storage",1,6,column,0.06548638,0.0,-0.06548638,-100.0,False,Numeric cells transcribed from public SI Table S3 only; the article's Data Availability statement says the complete raw dataset is available from the authors on request. No request-only raw data are used here.,"Printed numeric zero is retained as zero at displayed precision, not reclassified as <LOD; an empty cell remains missing/not reported.",mg/kg,v92 bbox extraction; six source-table anchor checks passed
SIMON_SCHOLZ2023,"Simon & Scholz (2023), Applied Sciences 13(24):13228",10.3390/app132413228,https://doi.org/10.3390/app132413228,Germany,"Germany; country-specific evidence, not EU-27 pooled evidence",SIMON_SCHOLZ2023-Germany-PlantA-composite,2,indoor_storage_day84,Indoor storage/aging to day 84,bulk IBA; size fraction not reported for Table S3,ash eluate; cumulative column release,Zn,elemental_leaching_endpoint,DIN 19528 column test,10 L/kg,,mg/kg,0.83622878,,0.11824122,,numeric_as_printed_in_SI_including_zero,numeric_as_printed_in_SI_including_zero,,-85.86018290353508,-1.9561754607896817,lower,,,,,One 400–600 kg Plant A sample collected after wet extraction and Fe/NFe removal; Table S3 duplicate analyses are technical repeats nested in this single lineage. Fresh day 0 is paired with indoor-stored day 84 material.,"SI Table S3, printed duplicate block 1, PDF p.6, Zn; main article Methods p.3 for test standards and Figure 6 caption for day-84 indoor condition",Numeric cells transcribed from public SI Table S3 only; the article's Data Availability statement says the complete raw dataset is available from the authors on request. No request-only raw data are used here.,Plant A; post-wet-extraction ash after Fe/NFe removal,One 400–600 kg Plant A sample collected after wet extraction and Fe/NFe removal; Table S3 duplicate analyses are technical repeats nested in this single lineage. Fresh day 0 is paired with indoor-stored day 84 material.,fresh day 0,"aged day 84, indoor storage",1,6,column,0.83622878,0.11824122,-0.71798756,-85.86018290353508,False,Numeric cells transcribed from public SI Table S3 only; the article's Data Availability statement says the complete raw dataset is available from the authors on request. No request-only raw data are used here.,"Printed numeric zero is retained as zero at displayed precision, not reclassified as <LOD; an empty cell remains missing/not reported.",mg/kg,v92 bbox extraction; six source-table anchor checks passed
SIMON_SCHOLZ2023,"Simon & Scholz (2023), Applied Sciences 13(24):13228",10.3390/app132413228,https://doi.org/10.3390/app132413228,Germany,"Germany; country-specific evidence, not EU-27 pooled evidence",SIMON_SCHOLZ2023-Germany-PlantA-composite,2,indoor_storage_day84,Indoor storage/aging to day 84,bulk IBA; size fraction not reported for Table S3,ash eluate; batch leached amount,Zn,elemental_leaching_endpoint,DIN 19529 batch test,2 L/kg,,mg/kg,0.25122232,,0.04218758,,numeric_as_printed_in_SI_including_zero,numeric_as_printed_in_SI_including_zero,,-83.20707332055527,-1.7842124192227427,lower,,,,,One 400–600 kg Plant A sample collected after wet extraction and Fe/NFe removal; Table S3 duplicate analyses are technical repeats nested in this single lineage. Fresh day 0 is paired with indoor-stored day 84 material.,"SI Table S3, printed duplicate block 1, PDF p.6, Zn; main article Methods p.3 for test standards and Figure 6 caption for day-84 indoor condition",Numeric cells transcribed from public SI Table S3 only; the article's Data Availability statement says the complete raw dataset is available from the authors on request. No request-only raw data are used here.,Plant A; post-wet-extraction ash after Fe/NFe removal,One 400–600 kg Plant A sample collected after wet extraction and Fe/NFe removal; Table S3 duplicate analyses are technical repeats nested in this single lineage. Fresh day 0 is paired with indoor-stored day 84 material.,fresh day 0,"aged day 84, indoor storage",1,6,batch,0.25122232,0.04218758,-0.20903474,-83.20707332055527,False,Numeric cells transcribed from public SI Table S3 only; the article's Data Availability statement says the complete raw dataset is available from the authors on request. No request-only raw data are used here.,"Printed numeric zero is retained as zero at displayed precision, not reclassified as <LOD; an empty cell remains missing/not reported.",mg/kg,v92 bbox extraction; six source-table anchor checks passed
SIMON_SCHOLZ2023,"Simon & Scholz (2023), Applied Sciences 13(24):13228",10.3390/app132413228,https://doi.org/10.3390/app132413228,Germany,"Germany; country-specific evidence, not EU-27 pooled evidence",SIMON_SCHOLZ2023-Germany-PlantA-composite,2,indoor_storage_day84,Indoor storage/aging to day 84,bulk IBA; size fraction not reported for Table S3,ash eluate; batch leached amount,Zn,elemental_leaching_endpoint,DIN EN 12457 batch test,10 L/kg,,mg/kg,1.91001495,,0.17676207,,numeric_as_printed_in_SI_including_zero,numeric_as_printed_in_SI_including_zero,,-90.74551379820353,-2.3800617572469083,lower,,,,,One 400–600 kg Plant A sample collected after wet extraction and Fe/NFe removal; Table S3 duplicate analyses are technical repeats nested in this single lineage. Fresh day 0 is paired with indoor-stored day 84 material.,"SI Table S3, printed duplicate block 1, PDF p.6, Zn; main article Methods p.3 for test standards and Figure 6 caption for day-84 indoor condition",Numeric cells transcribed from public SI Table S3 only; the article's Data Availability statement says the complete raw dataset is available from the authors on request. No request-only raw data are used here.,Plant A; post-wet-extraction ash after Fe/NFe removal,One 400–600 kg Plant A sample collected after wet extraction and Fe/NFe removal; Table S3 duplicate analyses are technical repeats nested in this single lineage. Fresh day 0 is paired with indoor-stored day 84 material.,fresh day 0,"aged day 84, indoor storage",1,6,batch,1.91001495,0.17676207,-1.7332528800000002,-90.74551379820353,False,Numeric cells transcribed from public SI Table S3 only; the article's Data Availability statement says the complete raw dataset is available from the authors on request. No request-only raw data are used here.,"Printed numeric zero is retained as zero at displayed precision, not reclassified as <LOD; an empty cell remains missing/not reported.",mg/kg,v92 bbox extraction; six source-table anchor checks passed
SIMON_SCHOLZ2023,"Simon & Scholz (2023), Applied Sciences 13(24):13228",10.3390/app132413228,https://doi.org/10.3390/app132413228,Germany,"Germany; country-specific evidence, not EU-27 pooled evidence",SIMON_SCHOLZ2023-Germany-PlantA-composite,2,indoor_storage_day84,Indoor storage/aging to day 84,bulk IBA; size fraction not reported for Table S3,ash eluate; cumulative column release,Zn,elemental_leaching_endpoint,DIN 19528 column test,2 L/kg,,mg/kg,0.10111185,,0.0,,numeric_as_printed_in_SI_including_zero,numeric_as_printed_in_SI_including_zero,,-100.0,,lower,,,,,One 400–600 kg Plant A sample collected after wet extraction and Fe/NFe removal; Table S3 duplicate analyses are technical repeats nested in this single lineage. Fresh day 0 is paired with indoor-stored day 84 material.,"SI Table S3, printed duplicate block 2, PDF p.7, Zn; main article Methods p.3 for test standards and Figure 6 caption for day-84 indoor condition",Numeric cells transcribed from public SI Table S3 only; the article's Data Availability statement says the complete raw dataset is available from the authors on request. No request-only raw data are used here.,Plant A; post-wet-extraction ash after Fe/NFe removal,One 400–600 kg Plant A sample collected after wet extraction and Fe/NFe removal; Table S3 duplicate analyses are technical repeats nested in this single lineage. Fresh day 0 is paired with indoor-stored day 84 material.,fresh day 0,"aged day 84, indoor storage",2,7,column,0.10111185,0.0,-0.10111185,-100.0,False,Numeric cells transcribed from public SI Table S3 only; the article's Data Availability statement says the complete raw dataset is available from the authors on request. No request-only raw data are used here.,"Printed numeric zero is retained as zero at displayed precision, not reclassified as <LOD; an empty cell remains missing/not reported.",mg/kg,v92 bbox extraction; six source-table anchor checks passed
SIMON_SCHOLZ2023,"Simon & Scholz (2023), Applied Sciences 13(24):13228",10.3390/app132413228,https://doi.org/10.3390/app132413228,Germany,"Germany; country-specific evidence, not EU-27 pooled evidence",SIMON_SCHOLZ2023-Germany-PlantA-composite,2,indoor_storage_day84,Indoor storage/aging to day 84,bulk IBA; size fraction not reported for Table S3,ash eluate; cumulative column release,Zn,elemental_leaching_endpoint,DIN 19528 column test,10 L/kg,,mg/kg,0.84380566,,0.08625365,,numeric_as_printed_in_SI_including_zero,numeric_as_printed_in_SI_including_zero,,-89.77801950273715,-2.280629833561761,lower,,,,,One 400–600 kg Plant A sample collected after wet extraction and Fe/NFe removal; Table S3 duplicate analyses are technical repeats nested in this single lineage. Fresh day 0 is paired with indoor-stored day 84 material.,"SI Table S3, printed duplicate block 2, PDF p.7, Zn; main article Methods p.3 for test standards and Figure 6 caption for day-84 indoor condition",Numeric cells transcribed from public SI Table S3 only; the article's Data Availability statement says the complete raw dataset is available from the authors on request. No request-only raw data are used here.,Plant A; post-wet-extraction ash after Fe/NFe removal,One 400–600 kg Plant A sample collected after wet extraction and Fe/NFe removal; Table S3 duplicate analyses are technical repeats nested in this single lineage. Fresh day 0 is paired with indoor-stored day 84 material.,fresh day 0,"aged day 84, indoor storage",2,7,column,0.84380566,0.08625365,-0.75755201,-89.77801950273715,False,Numeric cells transcribed from public SI Table S3 only; the article's Data Availability statement says the complete raw dataset is available from the authors on request. No request-only raw data are used here.,"Printed numeric zero is retained as zero at displayed precision, not reclassified as <LOD; an empty cell remains missing/not reported.",mg/kg,v92 bbox extraction; six source-table anchor checks passed
SIMON_SCHOLZ2023,"Simon & Scholz (2023), Applied Sciences 13(24):13228",10.3390/app132413228,https://doi.org/10.3390/app132413228,Germany,"Germany; country-specific evidence, not EU-27 pooled evidence",SIMON_SCHOLZ2023-Germany-PlantA-composite,2,indoor_storage_day84,Indoor storage/aging to day 84,bulk IBA; size fraction not reported for Table S3,ash eluate; batch leached amount,Zn,elemental_leaching_endpoint,DIN 19529 batch test,2 L/kg,,mg/kg,0.21348988,,0.04003732,,numeric_as_printed_in_SI_including_zero,numeric_as_printed_in_SI_including_zero,,-81.24626797298308,-1.6737774119368882,lower,,,,,One 400–600 kg Plant A sample collected after wet extraction and Fe/NFe removal; Table S3 duplicate analyses are technical repeats nested in this single lineage. Fresh day 0 is paired with indoor-stored day 84 material.,"SI Table S3, printed duplicate block 2, PDF p.7, Zn; main article Methods p.3 for test standards and Figure 6 caption for day-84 indoor condition",Numeric cells transcribed from public SI Table S3 only; the article's Data Availability statement says the complete raw dataset is available from the authors on request. No request-only raw data are used here.,Plant A; post-wet-extraction ash after Fe/NFe removal,One 400–600 kg Plant A sample collected after wet extraction and Fe/NFe removal; Table S3 duplicate analyses are technical repeats nested in this single lineage. Fresh day 0 is paired with indoor-stored day 84 material.,fresh day 0,"aged day 84, indoor storage",2,7,batch,0.21348988,0.04003732,-0.17345255999999998,-81.24626797298308,False,Numeric cells transcribed from public SI Table S3 only; the article's Data Availability statement says the complete raw dataset is available from the authors on request. No request-only raw data are used here.,"Printed numeric zero is retained as zero at displayed precision, not reclassified as <LOD; an empty cell remains missing/not reported.",mg/kg,v92 bbox extraction; six source-table anchor checks passed
SIMON_SCHOLZ2023,"Simon & Scholz (2023), Applied Sciences 13(24):13228",10.3390/app132413228,https://doi.org/10.3390/app132413228,Germany,"Germany; country-specific evidence, not EU-27 pooled evidence",SIMON_SCHOLZ2023-Germany-PlantA-composite,2,indoor_storage_day84,Indoor storage/aging to day 84,bulk IBA; size fraction not reported for Table S3,ash eluate; batch leached amount,Zn,elemental_leaching_endpoint,DIN EN 12457 batch test,10 L/kg,,mg/kg,1.92276836,,0.02564662,,numeric_as_printed_in_SI_including_zero,numeric_as_printed_in_SI_including_zero,,-98.66616174191674,-4.317109491660178,lower,,,,,One 400–600 kg Plant A sample collected after wet extraction and Fe/NFe removal; Table S3 duplicate analyses are technical repeats nested in this single lineage. Fresh day 0 is paired with indoor-stored day 84 material.,"SI Table S3, printed duplicate block 2, PDF p.7, Zn; main article Methods p.3 for test standards and Figure 6 caption for day-84 indoor condition",Numeric cells transcribed from public SI Table S3 only; the article's Data Availability statement says the complete raw dataset is available from the authors on request. No request-only raw data are used here.,Plant A; post-wet-extraction ash after Fe/NFe removal,One 400–600 kg Plant A sample collected after wet extraction and Fe/NFe removal; Table S3 duplicate analyses are technical repeats nested in this single lineage. Fresh day 0 is paired with indoor-stored day 84 material.,fresh day 0,"aged day 84, indoor storage",2,7,batch,1.92276836,0.02564662,-1.89712174,-98.66616174191674,False,Numeric cells transcribed from public SI Table S3 only; the article's Data Availability statement says the complete raw dataset is available from the authors on request. No request-only raw data are used here.,"Printed numeric zero is retained as zero at displayed precision, not reclassified as <LOD; an empty cell remains missing/not reported.",mg/kg,v92 bbox extraction; six source-table anchor checks passed
SIMON_SCHOLZ2023,"Simon & Scholz (2023), Applied Sciences 13(24):13228",10.3390/app132413228,https://doi.org/10.3390/app132413228,Germany,"Germany; country-specific evidence, not EU-27 pooled evidence",SIMON_SCHOLZ2023-Germany-PlantA-composite,2,indoor_storage_day84,Indoor storage/aging to day 84,bulk IBA; size fraction not reported for Table S3,ash eluate; cumulative column release,Na,salt_cation,DIN 19528 column test,2 L/kg,,mg/kg,1157.74549,,1234.82571,,numeric_as_printed_in_SI_including_zero,numeric_as_printed_in_SI_including_zero,,6.6577862462673085,0.06445526373052554,higher,,,,,One 400–600 kg Plant A sample collected after wet extraction and Fe/NFe removal; Table S3 duplicate analyses are technical repeats nested in this single lineage. Fresh day 0 is paired with indoor-stored day 84 material.,"SI Table S3, printed duplicate block 1, PDF p.6, Na; main article Methods p.3 for test standards and Figure 6 caption for day-84 indoor condition",Numeric cells transcribed from public SI Table S3 only; the article's Data Availability statement says the complete raw dataset is available from the authors on request. No request-only raw data are used here.,Plant A; post-wet-extraction ash after Fe/NFe removal,One 400–600 kg Plant A sample collected after wet extraction and Fe/NFe removal; Table S3 duplicate analyses are technical repeats nested in this single lineage. Fresh day 0 is paired with indoor-stored day 84 material.,fresh day 0,"aged day 84, indoor storage",1,6,column,1157.74549,1234.82571,77.08022000000005,6.6577862462673085,False,Numeric cells transcribed from public SI Table S3 only; the article's Data Availability statement says the complete raw dataset is available from the authors on request. No request-only raw data are used here.,"Printed numeric zero is retained as zero at displayed precision, not reclassified as <LOD; an empty cell remains missing/not reported.",mg/kg,v92 bbox extraction; six source-table anchor checks passed
SIMON_SCHOLZ2023,"Simon & Scholz (2023), Applied Sciences 13(24):13228",10.3390/app132413228,https://doi.org/10.3390/app132413228,Germany,"Germany; country-specific evidence, not EU-27 pooled evidence",SIMON_SCHOLZ2023-Germany-PlantA-composite,2,indoor_storage_day84,Indoor storage/aging to day 84,bulk IBA; size fraction not reported for Table S3,ash eluate; cumulative column release,Na,salt_cation,DIN 19528 column test,10 L/kg,,mg/kg,1322.07662,,1358.15534,,numeric_as_printed_in_SI_including_zero,numeric_as_printed_in_SI_including_zero,,2.7289431984660597,0.02692371401171797,higher,,,,,One 400–600 kg Plant A sample collected after wet extraction and Fe/NFe removal; Table S3 duplicate analyses are technical repeats nested in this single lineage. Fresh day 0 is paired with indoor-stored day 84 material.,"SI Table S3, printed duplicate block 1, PDF p.6, Na; main article Methods p.3 for test standards and Figure 6 caption for day-84 indoor condition",Numeric cells transcribed from public SI Table S3 only; the article's Data Availability statement says the complete raw dataset is available from the authors on request. No request-only raw data are used here.,Plant A; post-wet-extraction ash after Fe/NFe removal,One 400–600 kg Plant A sample collected after wet extraction and Fe/NFe removal; Table S3 duplicate analyses are technical repeats nested in this single lineage. Fresh day 0 is paired with indoor-stored day 84 material.,fresh day 0,"aged day 84, indoor storage",1,6,column,1322.07662,1358.15534,36.078719999999976,2.7289431984660597,False,Numeric cells transcribed from public SI Table S3 only; the article's Data Availability statement says the complete raw dataset is available from the authors on request. No request-only raw data are used here.,"Printed numeric zero is retained as zero at displayed precision, not reclassified as <LOD; an empty cell remains missing/not reported.",mg/kg,v92 bbox extraction; six source-table anchor checks passed
SIMON_SCHOLZ2023,"Simon & Scholz (2023), Applied Sciences 13(24):13228",10.3390/app132413228,https://doi.org/10.3390/app132413228,Germany,"Germany; country-specific evidence, not EU-27 pooled evidence",SIMON_SCHOLZ2023-Germany-PlantA-composite,2,indoor_storage_day84,Indoor storage/aging to day 84,bulk IBA; size fraction not reported for Table S3,ash eluate; batch leached amount,Na,salt_cation,DIN 19529 batch test,2 L/kg,,mg/kg,1228.71884,,874.622021,,numeric_as_printed_in_SI_including_zero,numeric_as_printed_in_SI_including_zero,,-28.818376301611845,-0.33993549500594344,lower,,,,,One 400–600 kg Plant A sample collected after wet extraction and Fe/NFe removal; Table S3 duplicate analyses are technical repeats nested in this single lineage. Fresh day 0 is paired with indoor-stored day 84 material.,"SI Table S3, printed duplicate block 1, PDF p.6, Na; main article Methods p.3 for test standards and Figure 6 caption for day-84 indoor condition",Numeric cells transcribed from public SI Table S3 only; the article's Data Availability statement says the complete raw dataset is available from the authors on request. No request-only raw data are used here.,Plant A; post-wet-extraction ash after Fe/NFe removal,One 400–600 kg Plant A sample collected after wet extraction and Fe/NFe removal; Table S3 duplicate analyses are technical repeats nested in this single lineage. Fresh day 0 is paired with indoor-stored day 84 material.,fresh day 0,"aged day 84, indoor storage",1,6,batch,1228.71884,874.622021,-354.096819,-28.818376301611845,False,Numeric cells transcribed from public SI Table S3 only; the article's Data Availability statement says the complete raw dataset is available from the authors on request. No request-only raw data are used here.,"Printed numeric zero is retained as zero at displayed precision, not reclassified as <LOD; an empty cell remains missing/not reported.",mg/kg,v92 bbox extraction; six source-table anchor checks passed
SIMON_SCHOLZ2023,"Simon & Scholz (2023), Applied Sciences 13(24):13228",10.3390/app132413228,https://doi.org/10.3390/app132413228,Germany,"Germany; country-specific evidence, not EU-27 pooled evidence",SIMON_SCHOLZ2023-Germany-PlantA-composite,2,indoor_storage_day84,Indoor storage/aging to day 84,bulk IBA; size fraction not reported for Table S3,ash eluate; batch leached amount,Na,salt_cation,DIN EN 12457 batch test,10 L/kg,,mg/kg,1433.11411,,1262.90361,,numeric_as_printed_in_SI_including_zero,numeric_as_printed_in_SI_including_zero,,-11.87696770356967,-0.12643625365608968,lower,,,,,One 400–600 kg Plant A sample collected after wet extraction and Fe/NFe removal; Table S3 duplicate analyses are technical repeats nested in this single lineage. Fresh day 0 is paired with indoor-stored day 84 material.,"SI Table S3, printed duplicate block 1, PDF p.6, Na; main article Methods p.3 for test standards and Figure 6 caption for day-84 indoor condition",Numeric cells transcribed from public SI Table S3 only; the article's Data Availability statement says the complete raw dataset is available from the authors on request. No request-only raw data are used here.,Plant A; post-wet-extraction ash after Fe/NFe removal,One 400–600 kg Plant A sample collected after wet extraction and Fe/NFe removal; Table S3 duplicate analyses are technical repeats nested in this single lineage. Fresh day 0 is paired with indoor-stored day 84 material.,fresh day 0,"aged day 84, indoor storage",1,6,batch,1433.11411,1262.90361,-170.2104999999999,-11.87696770356967,False,Numeric cells transcribed from public SI Table S3 only; the article's Data Availability statement says the complete raw dataset is available from the authors on request. No request-only raw data are used here.,"Printed numeric zero is retained as zero at displayed precision, not reclassified as <LOD; an empty cell remains missing/not reported.",mg/kg,v92 bbox extraction; six source-table anchor checks passed
SIMON_SCHOLZ2023,"Simon & Scholz (2023), Applied Sciences 13(24):13228",10.3390/app132413228,https://doi.org/10.3390/app132413228,Germany,"Germany; country-specific evidence, not EU-27 pooled evidence",SIMON_SCHOLZ2023-Germany-PlantA-composite,2,indoor_storage_day84,Indoor storage/aging to day 84,bulk IBA; size fraction not reported for Table S3,ash eluate; cumulative column release,Na,salt_cation,DIN 19528 column test,2 L/kg,,mg/kg,1157.14638,,1264.77238,,numeric_as_printed_in_SI_including_zero,numeric_as_printed_in_SI_including_zero,,9.300984029349875,0.08893521216713966,higher,,,,,One 400–600 kg Plant A sample collected after wet extraction and Fe/NFe removal; Table S3 duplicate analyses are technical repeats nested in this single lineage. Fresh day 0 is paired with indoor-stored day 84 material.,"SI Table S3, printed duplicate block 2, PDF p.8, Na; main article Methods p.3 for test standards and Figure 6 caption for day-84 indoor condition",Numeric cells transcribed from public SI Table S3 only; the article's Data Availability statement says the complete raw dataset is available from the authors on request. No request-only raw data are used here.,Plant A; post-wet-extraction ash after Fe/NFe removal,One 400–600 kg Plant A sample collected after wet extraction and Fe/NFe removal; Table S3 duplicate analyses are technical repeats nested in this single lineage. Fresh day 0 is paired with indoor-stored day 84 material.,fresh day 0,"aged day 84, indoor storage",2,8,column,1157.14638,1264.77238,107.6260000000002,9.300984029349875,False,Numeric cells transcribed from public SI Table S3 only; the article's Data Availability statement says the complete raw dataset is available from the authors on request. No request-only raw data are used here.,"Printed numeric zero is retained as zero at displayed precision, not reclassified as <LOD; an empty cell remains missing/not reported.",mg/kg,v92 bbox extraction; six source-table anchor checks passed
SIMON_SCHOLZ2023,"Simon & Scholz (2023), Applied Sciences 13(24):13228",10.3390/app132413228,https://doi.org/10.3390/app132413228,Germany,"Germany; country-specific evidence, not EU-27 pooled evidence",SIMON_SCHOLZ2023-Germany-PlantA-composite,2,indoor_storage_day84,Indoor storage/aging to day 84,bulk IBA; size fraction not reported for Table S3,ash eluate; cumulative column release,Na,salt_cation,DIN 19528 column test,10 L/kg,,mg/kg,1315.08339,,1391.4947,,numeric_as_printed_in_SI_including_zero,numeric_as_printed_in_SI_including_zero,,5.810377545715938,0.05647841506938686,higher,,,,,One 400–600 kg Plant A sample collected after wet extraction and Fe/NFe removal; Table S3 duplicate analyses are technical repeats nested in this single lineage. Fresh day 0 is paired with indoor-stored day 84 material.,"SI Table S3, printed duplicate block 2, PDF p.8, Na; main article Methods p.3 for test standards and Figure 6 caption for day-84 indoor condition",Numeric cells transcribed from public SI Table S3 only; the article's Data Availability statement says the complete raw dataset is available from the authors on request. No request-only raw data are used here.,Plant A; post-wet-extraction ash after Fe/NFe removal,One 400–600 kg Plant A sample collected after wet extraction and Fe/NFe removal; Table S3 duplicate analyses are technical repeats nested in this single lineage. Fresh day 0 is paired with indoor-stored day 84 material.,fresh day 0,"aged day 84, indoor storage",2,8,column,1315.08339,1391.4947,76.41130999999996,5.810377545715938,False,Numeric cells transcribed from public SI Table S3 only; the article's Data Availability statement says the complete raw dataset is available from the authors on request. No request-only raw data are used here.,"Printed numeric zero is retained as zero at displayed precision, not reclassified as <LOD; an empty cell remains missing/not reported.",mg/kg,v92 bbox extraction; six source-table anchor checks passed
SIMON_SCHOLZ2023,"Simon & Scholz (2023), Applied Sciences 13(24):13228",10.3390/app132413228,https://doi.org/10.3390/app132413228,Germany,"Germany; country-specific evidence, not EU-27 pooled evidence",SIMON_SCHOLZ2023-Germany-PlantA-composite,2,indoor_storage_day84,Indoor storage/aging to day 84,bulk IBA; size fraction not reported for Table S3,ash eluate; batch leached amount,Na,salt_cation,DIN 19529 batch test,2 L/kg,,mg/kg,1321.05312,,888.956685,,numeric_as_printed_in_SI_including_zero,numeric_as_printed_in_SI_including_zero,,-32.708482986664464,-0.39613600463218457,lower,,,,,One 400–600 kg Plant A sample collected after wet extraction and Fe/NFe removal; Table S3 duplicate analyses are technical repeats nested in this single lineage. Fresh day 0 is paired with indoor-stored day 84 material.,"SI Table S3, printed duplicate block 2, PDF p.8, Na; main article Methods p.3 for test standards and Figure 6 caption for day-84 indoor condition",Numeric cells transcribed from public SI Table S3 only; the article's Data Availability statement says the complete raw dataset is available from the authors on request. No request-only raw data are used here.,Plant A; post-wet-extraction ash after Fe/NFe removal,One 400–600 kg Plant A sample collected after wet extraction and Fe/NFe removal; Table S3 duplicate analyses are technical repeats nested in this single lineage. Fresh day 0 is paired with indoor-stored day 84 material.,fresh day 0,"aged day 84, indoor storage",2,8,batch,1321.05312,888.956685,-432.09643500000004,-32.708482986664464,False,Numeric cells transcribed from public SI Table S3 only; the article's Data Availability statement says the complete raw dataset is available from the authors on request. No request-only raw data are used here.,"Printed numeric zero is retained as zero at displayed precision, not reclassified as <LOD; an empty cell remains missing/not reported.",mg/kg,v92 bbox extraction; six source-table anchor checks passed
SIMON_SCHOLZ2023,"Simon & Scholz (2023), Applied Sciences 13(24):13228",10.3390/app132413228,https://doi.org/10.3390/app132413228,Germany,"Germany; country-specific evidence, not EU-27 pooled evidence",SIMON_SCHOLZ2023-Germany-PlantA-composite,2,indoor_storage_day84,Indoor storage/aging to day 84,bulk IBA; size fraction not reported for Table S3,ash eluate; batch leached amount,Na,salt_cation,DIN EN 12457 batch test,10 L/kg,,mg/kg,1448.50709,,1273.92523,,numeric_as_printed_in_SI_including_zero,numeric_as_printed_in_SI_including_zero,,-12.052537485336023,-0.12843056667424332,lower,,,,,One 400–600 kg Plant A sample collected after wet extraction and Fe/NFe removal; Table S3 duplicate analyses are technical repeats nested in this single lineage. Fresh day 0 is paired with indoor-stored day 84 material.,"SI Table S3, printed duplicate block 2, PDF p.8, Na; main article Methods p.3 for test standards and Figure 6 caption for day-84 indoor condition",Numeric cells transcribed from public SI Table S3 only; the article's Data Availability statement says the complete raw dataset is available from the authors on request. No request-only raw data are used here.,Plant A; post-wet-extraction ash after Fe/NFe removal,One 400–600 kg Plant A sample collected after wet extraction and Fe/NFe removal; Table S3 duplicate analyses are technical repeats nested in this single lineage. Fresh day 0 is paired with indoor-stored day 84 material.,fresh day 0,"aged day 84, indoor storage",2,8,batch,1448.50709,1273.92523,-174.58186,-12.052537485336023,False,Numeric cells transcribed from public SI Table S3 only; the article's Data Availability statement says the complete raw dataset is available from the authors on request. No request-only raw data are used here.,"Printed numeric zero is retained as zero at displayed precision, not reclassified as <LOD; an empty cell remains missing/not reported.",mg/kg,v92 bbox extraction; six source-table anchor checks passed
SIMON_SCHOLZ2023,"Simon & Scholz (2023), Applied Sciences 13(24):13228",10.3390/app132413228,https://doi.org/10.3390/app132413228,Germany,"Germany; country-specific evidence, not EU-27 pooled evidence",SIMON_SCHOLZ2023-Germany-PlantA-composite,2,indoor_storage_day84,Indoor storage/aging to day 84,bulk IBA; size fraction not reported for Table S3,ash eluate; cumulative column release,Cl-,salt_anion,DIN 19528 column test,2 L/kg,,mg/kg,1358.71745,,2197.7652,,numeric_as_printed_in_SI_including_zero,numeric_as_printed_in_SI_including_zero,,61.7529236854947,0.48089982256492303,higher,,,,,One 400–600 kg Plant A sample collected after wet extraction and Fe/NFe removal; Table S3 duplicate analyses are technical repeats nested in this single lineage. Fresh day 0 is paired with indoor-stored day 84 material.,"SI Table S3, printed duplicate block 1, PDF p.7, Chloride; main article Methods p.3 for test standards and Figure 6 caption for day-84 indoor condition",Numeric cells transcribed from public SI Table S3 only; the article's Data Availability statement says the complete raw dataset is available from the authors on request. No request-only raw data are used here.,Plant A; post-wet-extraction ash after Fe/NFe removal,One 400–600 kg Plant A sample collected after wet extraction and Fe/NFe removal; Table S3 duplicate analyses are technical repeats nested in this single lineage. Fresh day 0 is paired with indoor-stored day 84 material.,fresh day 0,"aged day 84, indoor storage",1,7,column,1358.71745,2197.7652,839.0477499999997,61.7529236854947,False,Numeric cells transcribed from public SI Table S3 only; the article's Data Availability statement says the complete raw dataset is available from the authors on request. No request-only raw data are used here.,"Printed numeric zero is retained as zero at displayed precision, not reclassified as <LOD; an empty cell remains missing/not reported.",mg/kg,v92 bbox extraction; six source-table anchor checks passed
SIMON_SCHOLZ2023,"Simon & Scholz (2023), Applied Sciences 13(24):13228",10.3390/app132413228,https://doi.org/10.3390/app132413228,Germany,"Germany; country-specific evidence, not EU-27 pooled evidence",SIMON_SCHOLZ2023-Germany-PlantA-composite,2,indoor_storage_day84,Indoor storage/aging to day 84,bulk IBA; size fraction not reported for Table S3,ash eluate; cumulative column release,Cl-,salt_anion,DIN 19528 column test,10 L/kg,,mg/kg,1723.71144,,2369.12739,,numeric_as_printed_in_SI_including_zero,numeric_as_printed_in_SI_including_zero,,37.443387276004856,0.3180419174331347,higher,,,,,One 400–600 kg Plant A sample collected after wet extraction and Fe/NFe removal; Table S3 duplicate analyses are technical repeats nested in this single lineage. Fresh day 0 is paired with indoor-stored day 84 material.,"SI Table S3, printed duplicate block 1, PDF p.7, Chloride; main article Methods p.3 for test standards and Figure 6 caption for day-84 indoor condition",Numeric cells transcribed from public SI Table S3 only; the article's Data Availability statement says the complete raw dataset is available from the authors on request. No request-only raw data are used here.,Plant A; post-wet-extraction ash after Fe/NFe removal,One 400–600 kg Plant A sample collected after wet extraction and Fe/NFe removal; Table S3 duplicate analyses are technical repeats nested in this single lineage. Fresh day 0 is paired with indoor-stored day 84 material.,fresh day 0,"aged day 84, indoor storage",1,7,column,1723.71144,2369.12739,645.4159500000001,37.443387276004856,False,Numeric cells transcribed from public SI Table S3 only; the article's Data Availability statement says the complete raw dataset is available from the authors on request. No request-only raw data are used here.,"Printed numeric zero is retained as zero at displayed precision, not reclassified as <LOD; an empty cell remains missing/not reported.",mg/kg,v92 bbox extraction; six source-table anchor checks passed
SIMON_SCHOLZ2023,"Simon & Scholz (2023), Applied Sciences 13(24):13228",10.3390/app132413228,https://doi.org/10.3390/app132413228,Germany,"Germany; country-specific evidence, not EU-27 pooled evidence",SIMON_SCHOLZ2023-Germany-PlantA-composite,2,indoor_storage_day84,Indoor storage/aging to day 84,bulk IBA; size fraction not reported for Table S3,ash eluate; batch leached amount,Cl-,salt_anion,DIN 19529 batch test,2 L/kg,,mg/kg,1389.36429,,1670.52793,,numeric_as_printed_in_SI_including_zero,numeric_as_printed_in_SI_including_zero,,20.23685523110717,0.18429340501536146,higher,,,,,One 400–600 kg Plant A sample collected after wet extraction and Fe/NFe removal; Table S3 duplicate analyses are technical repeats nested in this single lineage. Fresh day 0 is paired with indoor-stored day 84 material.,"SI Table S3, printed duplicate block 1, PDF p.7, Chloride; main article Methods p.3 for test standards and Figure 6 caption for day-84 indoor condition",Numeric cells transcribed from public SI Table S3 only; the article's Data Availability statement says the complete raw dataset is available from the authors on request. No request-only raw data are used here.,Plant A; post-wet-extraction ash after Fe/NFe removal,One 400–600 kg Plant A sample collected after wet extraction and Fe/NFe removal; Table S3 duplicate analyses are technical repeats nested in this single lineage. Fresh day 0 is paired with indoor-stored day 84 material.,fresh day 0,"aged day 84, indoor storage",1,7,batch,1389.36429,1670.52793,281.16364,20.23685523110717,False,Numeric cells transcribed from public SI Table S3 only; the article's Data Availability statement says the complete raw dataset is available from the authors on request. No request-only raw data are used here.,"Printed numeric zero is retained as zero at displayed precision, not reclassified as <LOD; an empty cell remains missing/not reported.",mg/kg,v92 bbox extraction; six source-table anchor checks passed
SIMON_SCHOLZ2023,"Simon & Scholz (2023), Applied Sciences 13(24):13228",10.3390/app132413228,https://doi.org/10.3390/app132413228,Germany,"Germany; country-specific evidence, not EU-27 pooled evidence",SIMON_SCHOLZ2023-Germany-PlantA-composite,2,indoor_storage_day84,Indoor storage/aging to day 84,bulk IBA; size fraction not reported for Table S3,ash eluate; batch leached amount,Cl-,salt_anion,DIN EN 12457 batch test,10 L/kg,,mg/kg,1752.14226,,1869.23056,,numeric_as_printed_in_SI_including_zero,numeric_as_printed_in_SI_including_zero,,6.682579529815112,0.06468769310289688,higher,,,,,One 400–600 kg Plant A sample collected after wet extraction and Fe/NFe removal; Table S3 duplicate analyses are technical repeats nested in this single lineage. Fresh day 0 is paired with indoor-stored day 84 material.,"SI Table S3, printed duplicate block 1, PDF p.7, Chloride; main article Methods p.3 for test standards and Figure 6 caption for day-84 indoor condition",Numeric cells transcribed from public SI Table S3 only; the article's Data Availability statement says the complete raw dataset is available from the authors on request. No request-only raw data are used here.,Plant A; post-wet-extraction ash after Fe/NFe removal,One 400–600 kg Plant A sample collected after wet extraction and Fe/NFe removal; Table S3 duplicate analyses are technical repeats nested in this single lineage. Fresh day 0 is paired with indoor-stored day 84 material.,fresh day 0,"aged day 84, indoor storage",1,7,batch,1752.14226,1869.23056,117.08829999999989,6.682579529815112,False,Numeric cells transcribed from public SI Table S3 only; the article's Data Availability statement says the complete raw dataset is available from the authors on request. No request-only raw data are used here.,"Printed numeric zero is retained as zero at displayed precision, not reclassified as <LOD; an empty cell remains missing/not reported.",mg/kg,v92 bbox extraction; six source-table anchor checks passed
SIMON_SCHOLZ2023,"Simon & Scholz (2023), Applied Sciences 13(24):13228",10.3390/app132413228,https://doi.org/10.3390/app132413228,Germany,"Germany; country-specific evidence, not EU-27 pooled evidence",SIMON_SCHOLZ2023-Germany-PlantA-composite,2,indoor_storage_day84,Indoor storage/aging to day 84,bulk IBA; size fraction not reported for Table S3,ash eluate; cumulative column release,Cl-,salt_anion,DIN 19528 column test,2 L/kg,,mg/kg,1371.37257,,2202.32528,,numeric_as_printed_in_SI_including_zero,numeric_as_printed_in_SI_including_zero,,60.5927760389724,0.4737016334355086,higher,,,,,One 400–600 kg Plant A sample collected after wet extraction and Fe/NFe removal; Table S3 duplicate analyses are technical repeats nested in this single lineage. Fresh day 0 is paired with indoor-stored day 84 material.,"SI Table S3, printed duplicate block 2, PDF p.8, Chloride; main article Methods p.3 for test standards and Figure 6 caption for day-84 indoor condition",Numeric cells transcribed from public SI Table S3 only; the article's Data Availability statement says the complete raw dataset is available from the authors on request. No request-only raw data are used here.,Plant A; post-wet-extraction ash after Fe/NFe removal,One 400–600 kg Plant A sample collected after wet extraction and Fe/NFe removal; Table S3 duplicate analyses are technical repeats nested in this single lineage. Fresh day 0 is paired with indoor-stored day 84 material.,fresh day 0,"aged day 84, indoor storage",2,8,column,1371.37257,2202.32528,830.95271,60.5927760389724,False,Numeric cells transcribed from public SI Table S3 only; the article's Data Availability statement says the complete raw dataset is available from the authors on request. No request-only raw data are used here.,"Printed numeric zero is retained as zero at displayed precision, not reclassified as <LOD; an empty cell remains missing/not reported.",mg/kg,v92 bbox extraction; six source-table anchor checks passed
SIMON_SCHOLZ2023,"Simon & Scholz (2023), Applied Sciences 13(24):13228",10.3390/app132413228,https://doi.org/10.3390/app132413228,Germany,"Germany; country-specific evidence, not EU-27 pooled evidence",SIMON_SCHOLZ2023-Germany-PlantA-composite,2,indoor_storage_day84,Indoor storage/aging to day 84,bulk IBA; size fraction not reported for Table S3,ash eluate; cumulative column release,Cl-,salt_anion,DIN 19528 column test,10 L/kg,,mg/kg,1709.1953,,2405.47034,,numeric_as_printed_in_SI_including_zero,numeric_as_printed_in_SI_including_zero,,40.7370088134457,0.3417227770449754,higher,,,,,One 400–600 kg Plant A sample collected after wet extraction and Fe/NFe removal; Table S3 duplicate analyses are technical repeats nested in this single lineage. Fresh day 0 is paired with indoor-stored day 84 material.,"SI Table S3, printed duplicate block 2, PDF p.8, Chloride; main article Methods p.3 for test standards and Figure 6 caption for day-84 indoor condition",Numeric cells transcribed from public SI Table S3 only; the article's Data Availability statement says the complete raw dataset is available from the authors on request. No request-only raw data are used here.,Plant A; post-wet-extraction ash after Fe/NFe removal,One 400–600 kg Plant A sample collected after wet extraction and Fe/NFe removal; Table S3 duplicate analyses are technical repeats nested in this single lineage. Fresh day 0 is paired with indoor-stored day 84 material.,fresh day 0,"aged day 84, indoor storage",2,8,column,1709.1953,2405.47034,696.2750399999998,40.7370088134457,False,Numeric cells transcribed from public SI Table S3 only; the article's Data Availability statement says the complete raw dataset is available from the authors on request. No request-only raw data are used here.,"Printed numeric zero is retained as zero at displayed precision, not reclassified as <LOD; an empty cell remains missing/not reported.",mg/kg,v92 bbox extraction; six source-table anchor checks passed
SIMON_SCHOLZ2023,"Simon & Scholz (2023), Applied Sciences 13(24):13228",10.3390/app132413228,https://doi.org/10.3390/app132413228,Germany,"Germany; country-specific evidence, not EU-27 pooled evidence",SIMON_SCHOLZ2023-Germany-PlantA-composite,2,indoor_storage_day84,Indoor storage/aging to day 84,bulk IBA; size fraction not reported for Table S3,ash eluate; batch leached amount,Cl-,salt_anion,DIN 19529 batch test,2 L/kg,,mg/kg,1496.96992,,1705.75816,,numeric_as_printed_in_SI_including_zero,numeric_as_printed_in_SI_including_zero,,13.947390472615513,0.13056666880614803,higher,,,,,One 400–600 kg Plant A sample collected after wet extraction and Fe/NFe removal; Table S3 duplicate analyses are technical repeats nested in this single lineage. Fresh day 0 is paired with indoor-stored day 84 material.,"SI Table S3, printed duplicate block 2, PDF p.8, Chloride; main article Methods p.3 for test standards and Figure 6 caption for day-84 indoor condition",Numeric cells transcribed from public SI Table S3 only; the article's Data Availability statement says the complete raw dataset is available from the authors on request. No request-only raw data are used here.,Plant A; post-wet-extraction ash after Fe/NFe removal,One 400–600 kg Plant A sample collected after wet extraction and Fe/NFe removal; Table S3 duplicate analyses are technical repeats nested in this single lineage. Fresh day 0 is paired with indoor-stored day 84 material.,fresh day 0,"aged day 84, indoor storage",2,8,batch,1496.96992,1705.75816,208.7882400000001,13.947390472615513,False,Numeric cells transcribed from public SI Table S3 only; the article's Data Availability statement says the complete raw dataset is available from the authors on request. No request-only raw data are used here.,"Printed numeric zero is retained as zero at displayed precision, not reclassified as <LOD; an empty cell remains missing/not reported.",mg/kg,v92 bbox extraction; six source-table anchor checks passed
SIMON_SCHOLZ2023,"Simon & Scholz (2023), Applied Sciences 13(24):13228",10.3390/app132413228,https://doi.org/10.3390/app132413228,Germany,"Germany; country-specific evidence, not EU-27 pooled evidence",SIMON_SCHOLZ2023-Germany-PlantA-composite,2,indoor_storage_day84,Indoor storage/aging to day 84,bulk IBA; size fraction not reported for Table S3,ash eluate; batch leached amount,Cl-,salt_anion,DIN EN 12457 batch test,10 L/kg,,mg/kg,1682.03876,,1852.5241,,numeric_as_printed_in_SI_including_zero,numeric_as_printed_in_SI_including_zero,,10.135636826823193,0.09654248226968523,higher,,,,,One 400–600 kg Plant A sample collected after wet extraction and Fe/NFe removal; Table S3 duplicate analyses are technical repeats nested in this single lineage. Fresh day 0 is paired with indoor-stored day 84 material.,"SI Table S3, printed duplicate block 2, PDF p.8, Chloride; main article Methods p.3 for test standards and Figure 6 caption for day-84 indoor condition",Numeric cells transcribed from public SI Table S3 only; the article's Data Availability statement says the complete raw dataset is available from the authors on request. No request-only raw data are used here.,Plant A; post-wet-extraction ash after Fe/NFe removal,One 400–600 kg Plant A sample collected after wet extraction and Fe/NFe removal; Table S3 duplicate analyses are technical repeats nested in this single lineage. Fresh day 0 is paired with indoor-stored day 84 material.,fresh day 0,"aged day 84, indoor storage",2,8,batch,1682.03876,1852.5241,170.48534000000018,10.135636826823193,False,Numeric cells transcribed from public SI Table S3 only; the article's Data Availability statement says the complete raw dataset is available from the authors on request. No request-only raw data are used here.,"Printed numeric zero is retained as zero at displayed precision, not reclassified as <LOD; an empty cell remains missing/not reported.",mg/kg,v92 bbox extraction; six source-table anchor checks passed
SIMON_SCHOLZ2023,"Simon & Scholz (2023), Applied Sciences 13(24):13228",10.3390/app132413228,https://doi.org/10.3390/app132413228,Germany,"Germany; country-specific evidence, not EU-27 pooled evidence",SIMON_SCHOLZ2023-Germany-PlantA-composite,2,indoor_storage_day84,Indoor storage/aging to day 84,bulk IBA; size fraction not reported for Table S3,ash eluate; cumulative column release,SO4(2-),salt_anion,DIN 19528 column test,2 L/kg,,mg/kg,21.958757,,959.617137,,numeric_as_printed_in_SI_including_zero,numeric_as_printed_in_SI_including_zero,,4270.088602920467,3.777368377163845,higher,,,,,One 400–600 kg Plant A sample collected after wet extraction and Fe/NFe removal; Table S3 duplicate analyses are technical repeats nested in this single lineage. Fresh day 0 is paired with indoor-stored day 84 material.,"SI Table S3, printed duplicate block 1, PDF p.7, Sulfate; main article Methods p.3 for test standards and Figure 6 caption for day-84 indoor condition",Numeric cells transcribed from public SI Table S3 only; the article's Data Availability statement says the complete raw dataset is available from the authors on request. No request-only raw data are used here.,Plant A; post-wet-extraction ash after Fe/NFe removal,One 400–600 kg Plant A sample collected after wet extraction and Fe/NFe removal; Table S3 duplicate analyses are technical repeats nested in this single lineage. Fresh day 0 is paired with indoor-stored day 84 material.,fresh day 0,"aged day 84, indoor storage",1,7,column,21.958757,959.617137,937.65838,4270.088602920467,False,Numeric cells transcribed from public SI Table S3 only; the article's Data Availability statement says the complete raw dataset is available from the authors on request. No request-only raw data are used here.,"Printed numeric zero is retained as zero at displayed precision, not reclassified as <LOD; an empty cell remains missing/not reported.",mg/kg,v92 bbox extraction; six source-table anchor checks passed
SIMON_SCHOLZ2023,"Simon & Scholz (2023), Applied Sciences 13(24):13228",10.3390/app132413228,https://doi.org/10.3390/app132413228,Germany,"Germany; country-specific evidence, not EU-27 pooled evidence",SIMON_SCHOLZ2023-Germany-PlantA-composite,2,indoor_storage_day84,Indoor storage/aging to day 84,bulk IBA; size fraction not reported for Table S3,ash eluate; cumulative column release,SO4(2-),salt_anion,DIN 19528 column test,10 L/kg,,mg/kg,79.608448,,1311.15485,,numeric_as_printed_in_SI_including_zero,numeric_as_printed_in_SI_including_zero,,1547.0046621182717,2.8015433748584457,higher,,,,,One 400–600 kg Plant A sample collected after wet extraction and Fe/NFe removal; Table S3 duplicate analyses are technical repeats nested in this single lineage. Fresh day 0 is paired with indoor-stored day 84 material.,"SI Table S3, printed duplicate block 1, PDF p.7, Sulfate; main article Methods p.3 for test standards and Figure 6 caption for day-84 indoor condition",Numeric cells transcribed from public SI Table S3 only; the article's Data Availability statement says the complete raw dataset is available from the authors on request. No request-only raw data are used here.,Plant A; post-wet-extraction ash after Fe/NFe removal,One 400–600 kg Plant A sample collected after wet extraction and Fe/NFe removal; Table S3 duplicate analyses are technical repeats nested in this single lineage. Fresh day 0 is paired with indoor-stored day 84 material.,fresh day 0,"aged day 84, indoor storage",1,7,column,79.608448,1311.15485,1231.546402,1547.0046621182717,False,Numeric cells transcribed from public SI Table S3 only; the article's Data Availability statement says the complete raw dataset is available from the authors on request. No request-only raw data are used here.,"Printed numeric zero is retained as zero at displayed precision, not reclassified as <LOD; an empty cell remains missing/not reported.",mg/kg,v92 bbox extraction; six source-table anchor checks passed
SIMON_SCHOLZ2023,"Simon & Scholz (2023), Applied Sciences 13(24):13228",10.3390/app132413228,https://doi.org/10.3390/app132413228,Germany,"Germany; country-specific evidence, not EU-27 pooled evidence",SIMON_SCHOLZ2023-Germany-PlantA-composite,2,indoor_storage_day84,Indoor storage/aging to day 84,bulk IBA; size fraction not reported for Table S3,ash eluate; batch leached amount,SO4(2-),salt_anion,DIN 19529 batch test,2 L/kg,,mg/kg,7.16051264,,413.873884,,numeric_as_printed_in_SI_including_zero,numeric_as_printed_in_SI_including_zero,,5679.947677042296,4.056979723222531,higher,,,,,One 400–600 kg Plant A sample collected after wet extraction and Fe/NFe removal; Table S3 duplicate analyses are technical repeats nested in this single lineage. Fresh day 0 is paired with indoor-stored day 84 material.,"SI Table S3, printed duplicate block 1, PDF p.7, Sulfate; main article Methods p.3 for test standards and Figure 6 caption for day-84 indoor condition",Numeric cells transcribed from public SI Table S3 only; the article's Data Availability statement says the complete raw dataset is available from the authors on request. No request-only raw data are used here.,Plant A; post-wet-extraction ash after Fe/NFe removal,One 400–600 kg Plant A sample collected after wet extraction and Fe/NFe removal; Table S3 duplicate analyses are technical repeats nested in this single lineage. Fresh day 0 is paired with indoor-stored day 84 material.,fresh day 0,"aged day 84, indoor storage",1,7,batch,7.16051264,413.873884,406.71337136,5679.947677042296,False,Numeric cells transcribed from public SI Table S3 only; the article's Data Availability statement says the complete raw dataset is available from the authors on request. No request-only raw data are used here.,"Printed numeric zero is retained as zero at displayed precision, not reclassified as <LOD; an empty cell remains missing/not reported.",mg/kg,v92 bbox extraction; six source-table anchor checks passed
SIMON_SCHOLZ2023,"Simon & Scholz (2023), Applied Sciences 13(24):13228",10.3390/app132413228,https://doi.org/10.3390/app132413228,Germany,"Germany; country-specific evidence, not EU-27 pooled evidence",SIMON_SCHOLZ2023-Germany-PlantA-composite,2,indoor_storage_day84,Indoor storage/aging to day 84,bulk IBA; size fraction not reported for Table S3,ash eluate; batch leached amount,SO4(2-),salt_anion,DIN EN 12457 batch test,10 L/kg,,mg/kg,18.5226613,,2027.33445,,numeric_as_printed_in_SI_including_zero,numeric_as_printed_in_SI_including_zero,,10845.157486629636,4.695482212776238,higher,,,,,One 400–600 kg Plant A sample collected after wet extraction and Fe/NFe removal; Table S3 duplicate analyses are technical repeats nested in this single lineage. Fresh day 0 is paired with indoor-stored day 84 material.,"SI Table S3, printed duplicate block 1, PDF p.7, Sulfate; main article Methods p.3 for test standards and Figure 6 caption for day-84 indoor condition",Numeric cells transcribed from public SI Table S3 only; the article's Data Availability statement says the complete raw dataset is available from the authors on request. No request-only raw data are used here.,Plant A; post-wet-extraction ash after Fe/NFe removal,One 400–600 kg Plant A sample collected after wet extraction and Fe/NFe removal; Table S3 duplicate analyses are technical repeats nested in this single lineage. Fresh day 0 is paired with indoor-stored day 84 material.,fresh day 0,"aged day 84, indoor storage",1,7,batch,18.5226613,2027.33445,2008.8117887,10845.157486629636,False,Numeric cells transcribed from public SI Table S3 only; the article's Data Availability statement says the complete raw dataset is available from the authors on request. No request-only raw data are used here.,"Printed numeric zero is retained as zero at displayed precision, not reclassified as <LOD; an empty cell remains missing/not reported.",mg/kg,v92 bbox extraction; six source-table anchor checks passed
SIMON_SCHOLZ2023,"Simon & Scholz (2023), Applied Sciences 13(24):13228",10.3390/app132413228,https://doi.org/10.3390/app132413228,Germany,"Germany; country-specific evidence, not EU-27 pooled evidence",SIMON_SCHOLZ2023-Germany-PlantA-composite,2,indoor_storage_day84,Indoor storage/aging to day 84,bulk IBA; size fraction not reported for Table S3,ash eluate; cumulative column release,SO4(2-),salt_anion,DIN 19528 column test,2 L/kg,,mg/kg,21.2791885,,917.31531,,numeric_as_printed_in_SI_including_zero,numeric_as_printed_in_SI_including_zero,,4210.856638165501,3.7637217333152266,higher,,,,,One 400–600 kg Plant A sample collected after wet extraction and Fe/NFe removal; Table S3 duplicate analyses are technical repeats nested in this single lineage. Fresh day 0 is paired with indoor-stored day 84 material.,"SI Table S3, printed duplicate block 2, PDF p.8, Sulfate; main article Methods p.3 for test standards and Figure 6 caption for day-84 indoor condition",Numeric cells transcribed from public SI Table S3 only; the article's Data Availability statement says the complete raw dataset is available from the authors on request. No request-only raw data are used here.,Plant A; post-wet-extraction ash after Fe/NFe removal,One 400–600 kg Plant A sample collected after wet extraction and Fe/NFe removal; Table S3 duplicate analyses are technical repeats nested in this single lineage. Fresh day 0 is paired with indoor-stored day 84 material.,fresh day 0,"aged day 84, indoor storage",2,8,column,21.2791885,917.31531,896.0361214999999,4210.856638165501,False,Numeric cells transcribed from public SI Table S3 only; the article's Data Availability statement says the complete raw dataset is available from the authors on request. No request-only raw data are used here.,"Printed numeric zero is retained as zero at displayed precision, not reclassified as <LOD; an empty cell remains missing/not reported.",mg/kg,v92 bbox extraction; six source-table anchor checks passed
SIMON_SCHOLZ2023,"Simon & Scholz (2023), Applied Sciences 13(24):13228",10.3390/app132413228,https://doi.org/10.3390/app132413228,Germany,"Germany; country-specific evidence, not EU-27 pooled evidence",SIMON_SCHOLZ2023-Germany-PlantA-composite,2,indoor_storage_day84,Indoor storage/aging to day 84,bulk IBA; size fraction not reported for Table S3,ash eluate; cumulative column release,SO4(2-),salt_anion,DIN 19528 column test,10 L/kg,,mg/kg,80.9949205,,1258.54245,,numeric_as_printed_in_SI_including_zero,numeric_as_printed_in_SI_including_zero,,1453.8535530755905,2.743323101808661,higher,,,,,One 400–600 kg Plant A sample collected after wet extraction and Fe/NFe removal; Table S3 duplicate analyses are technical repeats nested in this single lineage. Fresh day 0 is paired with indoor-stored day 84 material.,"SI Table S3, printed duplicate block 2, PDF p.8, Sulfate; main article Methods p.3 for test standards and Figure 6 caption for day-84 indoor condition",Numeric cells transcribed from public SI Table S3 only; the article's Data Availability statement says the complete raw dataset is available from the authors on request. No request-only raw data are used here.,Plant A; post-wet-extraction ash after Fe/NFe removal,One 400–600 kg Plant A sample collected after wet extraction and Fe/NFe removal; Table S3 duplicate analyses are technical repeats nested in this single lineage. Fresh day 0 is paired with indoor-stored day 84 material.,fresh day 0,"aged day 84, indoor storage",2,8,column,80.9949205,1258.54245,1177.5475294999999,1453.8535530755905,False,Numeric cells transcribed from public SI Table S3 only; the article's Data Availability statement says the complete raw dataset is available from the authors on request. No request-only raw data are used here.,"Printed numeric zero is retained as zero at displayed precision, not reclassified as <LOD; an empty cell remains missing/not reported.",mg/kg,v92 bbox extraction; six source-table anchor checks passed
SIMON_SCHOLZ2023,"Simon & Scholz (2023), Applied Sciences 13(24):13228",10.3390/app132413228,https://doi.org/10.3390/app132413228,Germany,"Germany; country-specific evidence, not EU-27 pooled evidence",SIMON_SCHOLZ2023-Germany-PlantA-composite,2,indoor_storage_day84,Indoor storage/aging to day 84,bulk IBA; size fraction not reported for Table S3,ash eluate; batch leached amount,SO4(2-),salt_anion,DIN 19529 batch test,2 L/kg,,mg/kg,7.73288996,,366.764431,,numeric_as_printed_in_SI_including_zero,numeric_as_printed_in_SI_including_zero,,4642.91542873578,3.8592371089769424,higher,,,,,One 400–600 kg Plant A sample collected after wet extraction and Fe/NFe removal; Table S3 duplicate analyses are technical repeats nested in this single lineage. Fresh day 0 is paired with indoor-stored day 84 material.,"SI Table S3, printed duplicate block 2, PDF p.8, Sulfate; main article Methods p.3 for test standards and Figure 6 caption for day-84 indoor condition",Numeric cells transcribed from public SI Table S3 only; the article's Data Availability statement says the complete raw dataset is available from the authors on request. No request-only raw data are used here.,Plant A; post-wet-extraction ash after Fe/NFe removal,One 400–600 kg Plant A sample collected after wet extraction and Fe/NFe removal; Table S3 duplicate analyses are technical repeats nested in this single lineage. Fresh day 0 is paired with indoor-stored day 84 material.,fresh day 0,"aged day 84, indoor storage",2,8,batch,7.73288996,366.764431,359.03154104,4642.91542873578,False,Numeric cells transcribed from public SI Table S3 only; the article's Data Availability statement says the complete raw dataset is available from the authors on request. No request-only raw data are used here.,"Printed numeric zero is retained as zero at displayed precision, not reclassified as <LOD; an empty cell remains missing/not reported.",mg/kg,v92 bbox extraction; six source-table anchor checks passed
SIMON_SCHOLZ2023,"Simon & Scholz (2023), Applied Sciences 13(24):13228",10.3390/app132413228,https://doi.org/10.3390/app132413228,Germany,"Germany; country-specific evidence, not EU-27 pooled evidence",SIMON_SCHOLZ2023-Germany-PlantA-composite,2,indoor_storage_day84,Indoor storage/aging to day 84,bulk IBA; size fraction not reported for Table S3,ash eluate; batch leached amount,SO4(2-),salt_anion,DIN EN 12457 batch test,10 L/kg,,mg/kg,18.3109124,,1889.92572,,numeric_as_printed_in_SI_including_zero,numeric_as_printed_in_SI_including_zero,,10221.308292644118,4.636795617555538,higher,,,,,One 400–600 kg Plant A sample collected after wet extraction and Fe/NFe removal; Table S3 duplicate analyses are technical repeats nested in this single lineage. Fresh day 0 is paired with indoor-stored day 84 material.,"SI Table S3, printed duplicate block 2, PDF p.8, Sulfate; main article Methods p.3 for test standards and Figure 6 caption for day-84 indoor condition",Numeric cells transcribed from public SI Table S3 only; the article's Data Availability statement says the complete raw dataset is available from the authors on request. No request-only raw data are used here.,Plant A; post-wet-extraction ash after Fe/NFe removal,One 400–600 kg Plant A sample collected after wet extraction and Fe/NFe removal; Table S3 duplicate analyses are technical repeats nested in this single lineage. Fresh day 0 is paired with indoor-stored day 84 material.,fresh day 0,"aged day 84, indoor storage",2,8,batch,18.3109124,1889.92572,1871.6148076,10221.308292644118,False,Numeric cells transcribed from public SI Table S3 only; the article's Data Availability statement says the complete raw dataset is available from the authors on request. No request-only raw data are used here.,"Printed numeric zero is retained as zero at displayed precision, not reclassified as <LOD; an empty cell remains missing/not reported.",mg/kg,v92 bbox extraction; six source-table anchor checks passed
SCHNABEL2021,"Schnabel et al. (2021), Waste Management 125:40-48",10.1016/j.wasman.2021.02.027,https://doi.org/10.1016/j.wasman.2021.02.027,Germany,EU-27; country-specific evidence only,SCHNABEL2021-central-Germany-RDF-grate-fines,1,SCHNABEL2021-exp15-batch_LS10,"full-scale accelerated carbonation, experiment 15",bottom ash fine fraction <20 mm,ash eluate,pH value,matrix_indicator,DIN EN 12457-4 batch leaching,L/S=10 L/kg,experiment 15; native feed vs carbonated output,pH,12.4,0.0,11.9,0.1,numeric_mean_reported,numeric_mean_reported,,-4.0322580645161255,-0.04115807249350744,lower,,,not_assessed_in_this_extraction,not_assessed,"Table S3.1 reports arithmetic means ± SD (n=6); the six time-spaced samples belong to one full-scale experiment/source lineage, not six independent facilities.","Supplementary Material Table S3.1; L/S 10 batch; arithmetic mean ± SD, n=6",Public publisher supplementary table; instrument-level raw data not extracted.,Central-Germany RDF grate-incinerator bottom ash; <20 mm fraction,"Table S3.1 reports arithmetic means ± SD (n=6); the six time-spaced samples belong to one full-scale experiment/source lineage, not six independent facilities.",Native BA,Carbonated BA,,S3.1,batch_LS10,12.4 ± 0.0,11.9 ± 0.1,-0.5,-4.0322580645161255,False,Published summary values only; protocol strata remain separate.,"Censored and not-analysed values retained as status, never imputed as zero.",pH,v98 direct XML-cell transcription; merged-cell structure handled; source anchors tested
SCHNABEL2021,"Schnabel et al. (2021), Waste Management 125:40-48",10.1016/j.wasman.2021.02.027,https://doi.org/10.1016/j.wasman.2021.02.027,Germany,EU-27; country-specific evidence only,SCHNABEL2021-central-Germany-RDF-grate-fines,1,SCHNABEL2021-exp15-batch_LS10,"full-scale accelerated carbonation, experiment 15",bottom ash fine fraction <20 mm,ash eluate,Conductivity,salt_proxy,DIN EN 12457-4 batch leaching,L/S=10 L/kg,experiment 15; native feed vs carbonated output,mS/cm,9.9,0.5,4.0,0.4,numeric_mean_reported,numeric_mean_reported,,-59.5959595959596,-0.9062403960206536,lower,,,not_assessed_in_this_extraction,not_assessed,"Table S3.1 reports arithmetic means ± SD (n=6); the six time-spaced samples belong to one full-scale experiment/source lineage, not six independent facilities.","Supplementary Material Table S3.1; L/S 10 batch; arithmetic mean ± SD, n=6",Public publisher supplementary table; instrument-level raw data not extracted.,Central-Germany RDF grate-incinerator bottom ash; <20 mm fraction,"Table S3.1 reports arithmetic means ± SD (n=6); the six time-spaced samples belong to one full-scale experiment/source lineage, not six independent facilities.",Native BA,Carbonated BA,,S3.1,batch_LS10,9.9 ± 0.5,4.0 ± 0.4,-5.9,-59.5959595959596,False,Published summary values only; protocol strata remain separate.,"Censored and not-analysed values retained as status, never imputed as zero.",mS/cm,v98 direct XML-cell transcription; merged-cell structure handled; source anchors tested
SCHNABEL2021,"Schnabel et al. (2021), Waste Management 125:40-48",10.1016/j.wasman.2021.02.027,https://doi.org/10.1016/j.wasman.2021.02.027,Germany,EU-27; country-specific evidence only,SCHNABEL2021-central-Germany-RDF-grate-fines,1,SCHNABEL2021-exp15-batch_LS10,"full-scale accelerated carbonation, experiment 15",bottom ash fine fraction <20 mm,ash eluate,Pb,potentially_toxic_element_endpoint,DIN EN 12457-4 batch leaching,L/S=10 L/kg,experiment 15; native feed vs carbonated output,mg/L,11.95,2.18,0.46,0.37,numeric_mean_reported,numeric_mean_reported,,-96.15062761506277,-3.257260067876516,lower,,,not_assessed_in_this_extraction,not_assessed,"Table S3.1 reports arithmetic means ± SD (n=6); the six time-spaced samples belong to one full-scale experiment/source lineage, not six independent facilities.","Supplementary Material Table S3.1; L/S 10 batch; arithmetic mean ± SD, n=6",Public publisher supplementary table; instrument-level raw data not extracted.,Central-Germany RDF grate-incinerator bottom ash; <20 mm fraction,"Table S3.1 reports arithmetic means ± SD (n=6); the six time-spaced samples belong to one full-scale experiment/source lineage, not six independent facilities.",Native BA,Carbonated BA,,S3.1,batch_LS10,11.95 ± 2.18,0.46 ± 0.37,-11.489999999999998,-96.15062761506277,False,Published summary values only; protocol strata remain separate.,"Censored and not-analysed values retained as status, never imputed as zero.",mg/L,v98 direct XML-cell transcription; merged-cell structure handled; source anchors tested
SCHNABEL2021,"Schnabel et al. (2021), Waste Management 125:40-48",10.1016/j.wasman.2021.02.027,https://doi.org/10.1016/j.wasman.2021.02.027,Germany,EU-27; country-specific evidence only,SCHNABEL2021-central-Germany-RDF-grate-fines,1,SCHNABEL2021-exp15-batch_LS10,"full-scale accelerated carbonation, experiment 15",bottom ash fine fraction <20 mm,ash eluate,Zn,potentially_toxic_element_endpoint,DIN EN 12457-4 batch leaching,L/S=10 L/kg,experiment 15; native feed vs carbonated output,mg/L,1.42,0.22,0.15,0.07,numeric_mean_reported,numeric_mean_reported,,-89.43661971830986,-2.247776856499051,lower,,,not_assessed_in_this_extraction,not_assessed,"Table S3.1 reports arithmetic means ± SD (n=6); the six time-spaced samples belong to one full-scale experiment/source lineage, not six independent facilities.","Supplementary Material Table S3.1; L/S 10 batch; arithmetic mean ± SD, n=6",Public publisher supplementary table; instrument-level raw data not extracted.,Central-Germany RDF grate-incinerator bottom ash; <20 mm fraction,"Table S3.1 reports arithmetic means ± SD (n=6); the six time-spaced samples belong to one full-scale experiment/source lineage, not six independent facilities.",Native BA,Carbonated BA,,S3.1,batch_LS10,1.42 ± 0.22,0.15 ± 0.07,-1.27,-89.43661971830986,False,Published summary values only; protocol strata remain separate.,"Censored and not-analysed values retained as status, never imputed as zero.",mg/L,v98 direct XML-cell transcription; merged-cell structure handled; source anchors tested
SCHNABEL2021,"Schnabel et al. (2021), Waste Management 125:40-48",10.1016/j.wasman.2021.02.027,https://doi.org/10.1016/j.wasman.2021.02.027,Germany,EU-27; country-specific evidence only,SCHNABEL2021-central-Germany-RDF-grate-fines,1,SCHNABEL2021-exp15-batch_LS10,"full-scale accelerated carbonation, experiment 15",bottom ash fine fraction <20 mm,ash eluate,Cu,potentially_toxic_element_endpoint,DIN EN 12457-4 batch leaching,L/S=10 L/kg,experiment 15; native feed vs carbonated output,mg/L,0.54,0.21,0.03,0.01,numeric_mean_reported,numeric_mean_reported,,-94.44444444444444,-2.890371757896165,lower,,,not_assessed_in_this_extraction,not_assessed,"Table S3.1 reports arithmetic means ± SD (n=6); the six time-spaced samples belong to one full-scale experiment/source lineage, not six independent facilities.","Supplementary Material Table S3.1; L/S 10 batch; arithmetic mean ± SD, n=6",Public publisher supplementary table; instrument-level raw data not extracted.,Central-Germany RDF grate-incinerator bottom ash; <20 mm fraction,"Table S3.1 reports arithmetic means ± SD (n=6); the six time-spaced samples belong to one full-scale experiment/source lineage, not six independent facilities.",Native BA,Carbonated BA,,S3.1,batch_LS10,0.54 ± 0.21,0.03 ± 0.01,-0.51,-94.44444444444444,False,Published summary values only; protocol strata remain separate.,"Censored and not-analysed values retained as status, never imputed as zero.",mg/L,v98 direct XML-cell transcription; merged-cell structure handled; source anchors tested
SCHNABEL2021,"Schnabel et al. (2021), Waste Management 125:40-48",10.1016/j.wasman.2021.02.027,https://doi.org/10.1016/j.wasman.2021.02.027,Germany,EU-27; country-specific evidence only,SCHNABEL2021-central-Germany-RDF-grate-fines,1,SCHNABEL2021-exp15-batch_LS10,"full-scale accelerated carbonation, experiment 15",bottom ash fine fraction <20 mm,ash eluate,Mo,potentially_toxic_element_endpoint,DIN EN 12457-4 batch leaching,L/S=10 L/kg,experiment 15; native feed vs carbonated output,mg/L,0.077,0.008,0.069,0.005,numeric_mean_reported,numeric_mean_reported,,-10.389610389610382,-0.10969891725642439,lower,,,not_assessed_in_this_extraction,not_assessed,"Table S3.1 reports arithmetic means ± SD (n=6); the six time-spaced samples belong to one full-scale experiment/source lineage, not six independent facilities.","Supplementary Material Table S3.1; L/S 10 batch; arithmetic mean ± SD, n=6",Public publisher supplementary table; instrument-level raw data not extracted.,Central-Germany RDF grate-incinerator bottom ash; <20 mm fraction,"Table S3.1 reports arithmetic means ± SD (n=6); the six time-spaced samples belong to one full-scale experiment/source lineage, not six independent facilities.",Native BA,Carbonated BA,,S3.1,batch_LS10,0.077 ± 0.008,0.069 ± 0.005,-0.007999999999999993,-10.389610389610382,False,Published summary values only; protocol strata remain separate.,"Censored and not-analysed values retained as status, never imputed as zero.",mg/L,v98 direct XML-cell transcription; merged-cell structure handled; source anchors tested
SCHNABEL2021,"Schnabel et al. (2021), Waste Management 125:40-48",10.1016/j.wasman.2021.02.027,https://doi.org/10.1016/j.wasman.2021.02.027,Germany,EU-27; country-specific evidence only,SCHNABEL2021-central-Germany-RDF-grate-fines,1,SCHNABEL2021-exp15-batch_LS10,"full-scale accelerated carbonation, experiment 15",bottom ash fine fraction <20 mm,ash eluate,Cr,potentially_toxic_element_endpoint,DIN EN 12457-4 batch leaching,L/S=10 L/kg,experiment 15; native feed vs carbonated output,mg/L,0.016,0.006,0.024,0.008,numeric_mean_reported,numeric_mean_reported,,50.0,0.4054651081081644,higher,,,not_assessed_in_this_extraction,not_assessed,"Table S3.1 reports arithmetic means ± SD (n=6); the six time-spaced samples belong to one full-scale experiment/source lineage, not six independent facilities.","Supplementary Material Table S3.1; L/S 10 batch; arithmetic mean ± SD, n=6",Public publisher supplementary table; instrument-level raw data not extracted.,Central-Germany RDF grate-incinerator bottom ash; <20 mm fraction,"Table S3.1 reports arithmetic means ± SD (n=6); the six time-spaced samples belong to one full-scale experiment/source lineage, not six independent facilities.",Native BA,Carbonated BA,,S3.1,batch_LS10,0.016 ± 0.006,0.024 ± 0.008,0.008,50.0,False,Published summary values only; protocol strata remain separate.,"Censored and not-analysed values retained as status, never imputed as zero.",mg/L,v98 direct XML-cell transcription; merged-cell structure handled; source anchors tested
SCHNABEL2021,"Schnabel et al. (2021), Waste Management 125:40-48",10.1016/j.wasman.2021.02.027,https://doi.org/10.1016/j.wasman.2021.02.027,Germany,EU-27; country-specific evidence only,SCHNABEL2021-central-Germany-RDF-grate-fines,1,SCHNABEL2021-exp15-batch_LS10,"full-scale accelerated carbonation, experiment 15",bottom ash fine fraction <20 mm,ash eluate,V,potentially_toxic_element_endpoint,DIN EN 12457-4 batch leaching,L/S=10 L/kg,experiment 15; native feed vs carbonated output,mg/L,,,0.0016,0.0003,left_censored,numeric_mean_reported,,,,higher_than_censored_baseline,,,not_assessed_in_this_extraction,not_assessed,"Table S3.1 reports arithmetic means ± SD (n=6); the six time-spaced samples belong to one full-scale experiment/source lineage, not six independent facilities.","Supplementary Material Table S3.1; L/S 10 batch; arithmetic mean ± SD, n=6",Public publisher supplementary table; instrument-level raw data not extracted.,Central-Germany RDF grate-incinerator bottom ash; <20 mm fraction,"Table S3.1 reports arithmetic means ± SD (n=6); the six time-spaced samples belong to one full-scale experiment/source lineage, not six independent facilities.",Native BA,Carbonated BA,,S3.1,batch_LS10,< 0.001,0.0016 ± 0.0003,,,False,Published summary values only; protocol strata remain separate.,"Censored and not-analysed values retained as status, never imputed as zero.",mg/L,v98 direct XML-cell transcription; merged-cell structure handled; source anchors tested
SCHNABEL2021,"Schnabel et al. (2021), Waste Management 125:40-48",10.1016/j.wasman.2021.02.027,https://doi.org/10.1016/j.wasman.2021.02.027,Germany,EU-27; country-specific evidence only,SCHNABEL2021-central-Germany-RDF-grate-fines,1,SCHNABEL2021-exp15-batch_LS10,"full-scale accelerated carbonation, experiment 15",bottom ash fine fraction <20 mm,ash eluate,Sb,potentially_toxic_element_endpoint,DIN EN 12457-4 batch leaching,L/S=10 L/kg,experiment 15; native feed vs carbonated output,mg/L,,,,,left_censored,left_censored,,,,indeterminate_from_censored_or_missing_values,,,not_assessed_in_this_extraction,not_assessed,"Table S3.1 reports arithmetic means ± SD (n=6); the six time-spaced samples belong to one full-scale experiment/source lineage, not six independent facilities.","Supplementary Material Table S3.1; L/S 10 batch; arithmetic mean ± SD, n=6",Public publisher supplementary table; instrument-level raw data not extracted.,Central-Germany RDF grate-incinerator bottom ash; <20 mm fraction,"Table S3.1 reports arithmetic means ± SD (n=6); the six time-spaced samples belong to one full-scale experiment/source lineage, not six independent facilities.",Native BA,Carbonated BA,,S3.1,batch_LS10,< 0.001,< 0.001,,,False,Published summary values only; protocol strata remain separate.,"Censored and not-analysed values retained as status, never imputed as zero.",mg/L,v98 direct XML-cell transcription; merged-cell structure handled; source anchors tested
SCHNABEL2021,"Schnabel et al. (2021), Waste Management 125:40-48",10.1016/j.wasman.2021.02.027,https://doi.org/10.1016/j.wasman.2021.02.027,Germany,EU-27; country-specific evidence only,SCHNABEL2021-central-Germany-RDF-grate-fines,1,SCHNABEL2021-exp15-batch_LS10,"full-scale accelerated carbonation, experiment 15",bottom ash fine fraction <20 mm,ash eluate,Cl-,salt_anion,DIN EN 12457-4 batch leaching,L/S=10 L/kg,experiment 15; native feed vs carbonated output,mg/L,538.0,182.0,550.0,156.0,numeric_mean_reported,numeric_mean_reported,,2.230483271375472,0.022059718064732257,higher,,,not_assessed_in_this_extraction,not_assessed,"Table S3.1 reports arithmetic means ± SD (n=6); the six time-spaced samples belong to one full-scale experiment/source lineage, not six independent facilities.","Supplementary Material Table S3.1; L/S 10 batch; arithmetic mean ± SD, n=6",Public publisher supplementary table; instrument-level raw data not extracted.,Central-Germany RDF grate-incinerator bottom ash; <20 mm fraction,"Table S3.1 reports arithmetic means ± SD (n=6); the six time-spaced samples belong to one full-scale experiment/source lineage, not six independent facilities.",Native BA,Carbonated BA,,S3.1,batch_LS10,538 ± 182,550 ± 156,12.0,2.230483271375472,False,Published summary values only; protocol strata remain separate.,"Censored and not-analysed values retained as status, never imputed as zero.",mg/L,v98 direct XML-cell transcription; merged-cell structure handled; source anchors tested
SCHNABEL2021,"Schnabel et al. (2021), Waste Management 125:40-48",10.1016/j.wasman.2021.02.027,https://doi.org/10.1016/j.wasman.2021.02.027,Germany,EU-27; country-specific evidence only,SCHNABEL2021-central-Germany-RDF-grate-fines,1,SCHNABEL2021-exp15-batch_LS10,"full-scale accelerated carbonation, experiment 15",bottom ash fine fraction <20 mm,ash eluate,SO4(2-),salt_anion,DIN EN 12457-4 batch leaching,L/S=10 L/kg,experiment 15; native feed vs carbonated output,mg/L,336.0,85.0,535.0,126.0,numeric_mean_reported,numeric_mean_reported,,59.22619047619047,0.46515558693280223,higher,,,not_assessed_in_this_extraction,not_assessed,"Table S3.1 reports arithmetic means ± SD (n=6); the six time-spaced samples belong to one full-scale experiment/source lineage, not six independent facilities.","Supplementary Material Table S3.1; L/S 10 batch; arithmetic mean ± SD, n=6",Public publisher supplementary table; instrument-level raw data not extracted.,Central-Germany RDF grate-incinerator bottom ash; <20 mm fraction,"Table S3.1 reports arithmetic means ± SD (n=6); the six time-spaced samples belong to one full-scale experiment/source lineage, not six independent facilities.",Native BA,Carbonated BA,,S3.1,batch_LS10,336 ± 85,535 ± 126,199.0,59.22619047619047,False,Published summary values only; protocol strata remain separate.,"Censored and not-analysed values retained as status, never imputed as zero.",mg/L,v98 direct XML-cell transcription; merged-cell structure handled; source anchors tested
SCHNABEL2021,"Schnabel et al. (2021), Waste Management 125:40-48",10.1016/j.wasman.2021.02.027,https://doi.org/10.1016/j.wasman.2021.02.027,Germany,EU-27; country-specific evidence only,SCHNABEL2021-central-Germany-RDF-grate-fines,1,SCHNABEL2021-exp15-column_DIN19528,"full-scale accelerated carbonation, experiment 15",bottom ash fine fraction <20 mm,ash eluate,pH value,matrix_indicator,DIN 19528 extended upstream column leaching,not reported for this table value,experiment 15; native feed vs carbonated output,pH,12.7,,12.3,,numeric_mean_reported,numeric_mean_reported,,-3.149606299212593,-0.03200273108617372,lower,,,not_assessed_in_this_extraction,not_assessed,Table S3.2 reports native and carbonated eluates for column and batch tests; no SD or replicate count is given. One facility/source lineage only.,Supplementary Material Table S3.2; geotechnical reuse; column test; no replicate SD reported,Public publisher supplementary table; instrument-level raw data not extracted.,Central-Germany RDF grate-incinerator bottom ash; <20 mm fraction,Table S3.2 reports native and carbonated eluates for column and batch tests; no SD or replicate count is given. One facility/source lineage only.,Native BA,Carbonated BA,,S3.2,column_DIN19528,12.7,12.3,-0.3999999999999986,-3.149606299212593,False,Published summary values only; protocol strata remain separate.,"Censored and not-analysed values retained as status, never imputed as zero.",pH,v98 direct XML-cell transcription; merged-cell structure handled; source anchors tested
SCHNABEL2021,"Schnabel et al. (2021), Waste Management 125:40-48",10.1016/j.wasman.2021.02.027,https://doi.org/10.1016/j.wasman.2021.02.027,Germany,EU-27; country-specific evidence only,SCHNABEL2021-central-Germany-RDF-grate-fines,1,SCHNABEL2021-exp15-batch_DIN19529_LS2,"full-scale accelerated carbonation, experiment 15",bottom ash fine fraction <20 mm,ash eluate,pH value,matrix_indicator,DIN 19529 batch leaching,L/S=2 L/kg,experiment 15; native feed vs carbonated output,pH,12.3,,12.3,,numeric_mean_reported,numeric_mean_reported,,0.0,0.0,unchanged,,,not_assessed_in_this_extraction,not_assessed,Table S3.2 reports native and carbonated eluates for column and batch tests; no SD or replicate count is given. One facility/source lineage only.,Supplementary Material Table S3.2; geotechnical reuse; batch test; no replicate SD reported,Public publisher supplementary table; instrument-level raw data not extracted.,Central-Germany RDF grate-incinerator bottom ash; <20 mm fraction,Table S3.2 reports native and carbonated eluates for column and batch tests; no SD or replicate count is given. One facility/source lineage only.,Native BA,Carbonated BA,,S3.2,batch_DIN19529_LS2,12.3,12.3,0.0,0.0,False,Published summary values only; protocol strata remain separate.,"Censored and not-analysed values retained as status, never imputed as zero.",pH,v98 direct XML-cell transcription; merged-cell structure handled; source anchors tested
SCHNABEL2021,"Schnabel et al. (2021), Waste Management 125:40-48",10.1016/j.wasman.2021.02.027,https://doi.org/10.1016/j.wasman.2021.02.027,Germany,EU-27; country-specific evidence only,SCHNABEL2021-central-Germany-RDF-grate-fines,1,SCHNABEL2021-exp15-column_DIN19528,"full-scale accelerated carbonation, experiment 15",bottom ash fine fraction <20 mm,ash eluate,Conductivity,salt_proxy,DIN 19528 extended upstream column leaching,not reported for this table value,experiment 15; native feed vs carbonated output,mS/cm,17.6,,12.0,,numeric_mean_reported,numeric_mean_reported,,-31.818181818181824,-0.38299225225610584,lower,,,not_assessed_in_this_extraction,not_assessed,Table S3.2 reports native and carbonated eluates for column and batch tests; no SD or replicate count is given. One facility/source lineage only.,Supplementary Material Table S3.2; geotechnical reuse; column test; no replicate SD reported,Public publisher supplementary table; instrument-level raw data not extracted.,Central-Germany RDF grate-incinerator bottom ash; <20 mm fraction,Table S3.2 reports native and carbonated eluates for column and batch tests; no SD or replicate count is given. One facility/source lineage only.,Native BA,Carbonated BA,,S3.2,column_DIN19528,17.6,12.0,-5.600000000000001,-31.818181818181824,False,Published summary values only; protocol strata remain separate.,"Censored and not-analysed values retained as status, never imputed as zero.",mS/cm,v98 direct XML-cell transcription; merged-cell structure handled; source anchors tested
SCHNABEL2021,"Schnabel et al. (2021), Waste Management 125:40-48",10.1016/j.wasman.2021.02.027,https://doi.org/10.1016/j.wasman.2021.02.027,Germany,EU-27; country-specific evidence only,SCHNABEL2021-central-Germany-RDF-grate-fines,1,SCHNABEL2021-exp15-batch_DIN19529_LS2,"full-scale accelerated carbonation, experiment 15",bottom ash fine fraction <20 mm,ash eluate,Conductivity,salt_proxy,DIN 19529 batch leaching,L/S=2 L/kg,experiment 15; native feed vs carbonated output,mS/cm,16.2,,12.8,,numeric_mean_reported,numeric_mean_reported,,-20.987654320987648,-0.23556607131276683,lower,,,not_assessed_in_this_extraction,not_assessed,Table S3.2 reports native and carbonated eluates for column and batch tests; no SD or replicate count is given. One facility/source lineage only.,Supplementary Material Table S3.2; geotechnical reuse; batch test; no replicate SD reported,Public publisher supplementary table; instrument-level raw data not extracted.,Central-Germany RDF grate-incinerator bottom ash; <20 mm fraction,Table S3.2 reports native and carbonated eluates for column and batch tests; no SD or replicate count is given. One facility/source lineage only.,Native BA,Carbonated BA,,S3.2,batch_DIN19529_LS2,16.2,12.8,-3.3999999999999986,-20.987654320987648,False,Published summary values only; protocol strata remain separate.,"Censored and not-analysed values retained as status, never imputed as zero.",mS/cm,v98 direct XML-cell transcription; merged-cell structure handled; source anchors tested
SCHNABEL2021,"Schnabel et al. (2021), Waste Management 125:40-48",10.1016/j.wasman.2021.02.027,https://doi.org/10.1016/j.wasman.2021.02.027,Germany,EU-27; country-specific evidence only,SCHNABEL2021-central-Germany-RDF-grate-fines,1,SCHNABEL2021-exp15-column_DIN19528,"full-scale accelerated carbonation, experiment 15",bottom ash fine fraction <20 mm,ash eluate,Pb,potentially_toxic_element_endpoint,DIN 19528 extended upstream column leaching,not reported for this table value,experiment 15; native feed vs carbonated output,mg/L,6.14,,1.5,,numeric_mean_reported,numeric_mean_reported,,-75.57003257328991,-1.4093596340508867,lower,,,not_assessed_in_this_extraction,not_assessed,Table S3.2 reports native and carbonated eluates for column and batch tests; no SD or replicate count is given. One facility/source lineage only.,Supplementary Material Table S3.2; geotechnical reuse; column test; no replicate SD reported,Public publisher supplementary table; instrument-level raw data not extracted.,Central-Germany RDF grate-incinerator bottom ash; <20 mm fraction,Table S3.2 reports native and carbonated eluates for column and batch tests; no SD or replicate count is given. One facility/source lineage only.,Native BA,Carbonated BA,,S3.2,column_DIN19528,6.14,1.50,-4.64,-75.57003257328991,False,Published summary values only; protocol strata remain separate.,"Censored and not-analysed values retained as status, never imputed as zero.",mg/L,v98 direct XML-cell transcription; merged-cell structure handled; source anchors tested
SCHNABEL2021,"Schnabel et al. (2021), Waste Management 125:40-48",10.1016/j.wasman.2021.02.027,https://doi.org/10.1016/j.wasman.2021.02.027,Germany,EU-27; country-specific evidence only,SCHNABEL2021-central-Germany-RDF-grate-fines,1,SCHNABEL2021-exp15-batch_DIN19529_LS2,"full-scale accelerated carbonation, experiment 15",bottom ash fine fraction <20 mm,ash eluate,Pb,potentially_toxic_element_endpoint,DIN 19529 batch leaching,L/S=2 L/kg,experiment 15; native feed vs carbonated output,mg/L,1.31,,0.28,,numeric_mean_reported,numeric_mean_reported,,-78.62595419847328,-1.5429928130259476,lower,,,not_assessed_in_this_extraction,not_assessed,Table S3.2 reports native and carbonated eluates for column and batch tests; no SD or replicate count is given. One facility/source lineage only.,Supplementary Material Table S3.2; geotechnical reuse; batch test; no replicate SD reported,Public publisher supplementary table; instrument-level raw data not extracted.,Central-Germany RDF grate-incinerator bottom ash; <20 mm fraction,Table S3.2 reports native and carbonated eluates for column and batch tests; no SD or replicate count is given. One facility/source lineage only.,Native BA,Carbonated BA,,S3.2,batch_DIN19529_LS2,1.31,0.28,-1.03,-78.62595419847328,False,Published summary values only; protocol strata remain separate.,"Censored and not-analysed values retained as status, never imputed as zero.",mg/L,v98 direct XML-cell transcription; merged-cell structure handled; source anchors tested
SCHNABEL2021,"Schnabel et al. (2021), Waste Management 125:40-48",10.1016/j.wasman.2021.02.027,https://doi.org/10.1016/j.wasman.2021.02.027,Germany,EU-27; country-specific evidence only,SCHNABEL2021-central-Germany-RDF-grate-fines,1,SCHNABEL2021-exp15-column_DIN19528,"full-scale accelerated carbonation, experiment 15",bottom ash fine fraction <20 mm,ash eluate,Zn,potentially_toxic_element_endpoint,DIN 19528 extended upstream column leaching,not reported for this table value,experiment 15; native feed vs carbonated output,mg/L,,,,,not_analysed_in_source_table,not_analysed_in_source_table,,,,indeterminate_from_censored_or_missing_values,,,not_assessed_in_this_extraction,not_assessed,Table S3.2 reports native and carbonated eluates for column and batch tests; no SD or replicate count is given. One facility/source lineage only.,Supplementary Material Table S3.2; geotechnical reuse; column test; no replicate SD reported,Public publisher supplementary table; instrument-level raw data not extracted.,Central-Germany RDF grate-incinerator bottom ash; <20 mm fraction,Table S3.2 reports native and carbonated eluates for column and batch tests; no SD or replicate count is given. One facility/source lineage only.,Native BA,Carbonated BA,,S3.2,column_DIN19528,not analysed,not analysed,,,False,Published summary values only; protocol strata remain separate.,"Censored and not-analysed values retained as status, never imputed as zero.",mg/L,v98 direct XML-cell transcription; merged-cell structure handled; source anchors tested
SCHNABEL2021,"Schnabel et al. (2021), Waste Management 125:40-48",10.1016/j.wasman.2021.02.027,https://doi.org/10.1016/j.wasman.2021.02.027,Germany,EU-27; country-specific evidence only,SCHNABEL2021-central-Germany-RDF-grate-fines,1,SCHNABEL2021-exp15-batch_DIN19529_LS2,"full-scale accelerated carbonation, experiment 15",bottom ash fine fraction <20 mm,ash eluate,Zn,potentially_toxic_element_endpoint,DIN 19529 batch leaching,L/S=2 L/kg,experiment 15; native feed vs carbonated output,mg/L,1.0,,0.46,,numeric_mean_reported,numeric_mean_reported,,-54.0,-0.7765287894989963,lower,,,not_assessed_in_this_extraction,not_assessed,Table S3.2 reports native and carbonated eluates for column and batch tests; no SD or replicate count is given. One facility/source lineage only.,Supplementary Material Table S3.2; geotechnical reuse; batch test; no replicate SD reported,Public publisher supplementary table; instrument-level raw data not extracted.,Central-Germany RDF grate-incinerator bottom ash; <20 mm fraction,Table S3.2 reports native and carbonated eluates for column and batch tests; no SD or replicate count is given. One facility/source lineage only.,Native BA,Carbonated BA,,S3.2,batch_DIN19529_LS2,1.00,0.46,-0.54,-54.0,False,Published summary values only; protocol strata remain separate.,"Censored and not-analysed values retained as status, never imputed as zero.",mg/L,v98 direct XML-cell transcription; merged-cell structure handled; source anchors tested
SCHNABEL2021,"Schnabel et al. (2021), Waste Management 125:40-48",10.1016/j.wasman.2021.02.027,https://doi.org/10.1016/j.wasman.2021.02.027,Germany,EU-27; country-specific evidence only,SCHNABEL2021-central-Germany-RDF-grate-fines,1,SCHNABEL2021-exp15-column_DIN19528,"full-scale accelerated carbonation, experiment 15",bottom ash fine fraction <20 mm,ash eluate,Cu,potentially_toxic_element_endpoint,DIN 19528 extended upstream column leaching,not reported for this table value,experiment 15; native feed vs carbonated output,mg/L,0.11,,0.11,,numeric_mean_reported,numeric_mean_reported,,0.0,0.0,unchanged,,,not_assessed_in_this_extraction,not_assessed,Table S3.2 reports native and carbonated eluates for column and batch tests; no SD or replicate count is given. One facility/source lineage only.,Supplementary Material Table S3.2; geotechnical reuse; column test; no replicate SD reported,Public publisher supplementary table; instrument-level raw data not extracted.,Central-Germany RDF grate-incinerator bottom ash; <20 mm fraction,Table S3.2 reports native and carbonated eluates for column and batch tests; no SD or replicate count is given. One facility/source lineage only.,Native BA,Carbonated BA,,S3.2,column_DIN19528,0.11,0.11,0.0,0.0,False,Published summary values only; protocol strata remain separate.,"Censored and not-analysed values retained as status, never imputed as zero.",mg/L,v98 direct XML-cell transcription; merged-cell structure handled; source anchors tested
SCHNABEL2021,"Schnabel et al. (2021), Waste Management 125:40-48",10.1016/j.wasman.2021.02.027,https://doi.org/10.1016/j.wasman.2021.02.027,Germany,EU-27; country-specific evidence only,SCHNABEL2021-central-Germany-RDF-grate-fines,1,SCHNABEL2021-exp15-batch_DIN19529_LS2,"full-scale accelerated carbonation, experiment 15",bottom ash fine fraction <20 mm,ash eluate,Cu,potentially_toxic_element_endpoint,DIN 19529 batch leaching,L/S=2 L/kg,experiment 15; native feed vs carbonated output,mg/L,0.05,,0.03,,numeric_mean_reported,numeric_mean_reported,,-40.0,-0.5108256237659907,lower,,,not_assessed_in_this_extraction,not_assessed,Table S3.2 reports native and carbonated eluates for column and batch tests; no SD or replicate count is given. One facility/source lineage only.,Supplementary Material Table S3.2; geotechnical reuse; batch test; no replicate SD reported,Public publisher supplementary table; instrument-level raw data not extracted.,Central-Germany RDF grate-incinerator bottom ash; <20 mm fraction,Table S3.2 reports native and carbonated eluates for column and batch tests; no SD or replicate count is given. One facility/source lineage only.,Native BA,Carbonated BA,,S3.2,batch_DIN19529_LS2,0.05,0.03,-0.020000000000000004,-40.0,False,Published summary values only; protocol strata remain separate.,"Censored and not-analysed values retained as status, never imputed as zero.",mg/L,v98 direct XML-cell transcription; merged-cell structure handled; source anchors tested
SCHNABEL2021,"Schnabel et al. (2021), Waste Management 125:40-48",10.1016/j.wasman.2021.02.027,https://doi.org/10.1016/j.wasman.2021.02.027,Germany,EU-27; country-specific evidence only,SCHNABEL2021-central-Germany-RDF-grate-fines,1,SCHNABEL2021-exp15-column_DIN19528,"full-scale accelerated carbonation, experiment 15",bottom ash fine fraction <20 mm,ash eluate,Mo,potentially_toxic_element_endpoint,DIN 19528 extended upstream column leaching,not reported for this table value,experiment 15; native feed vs carbonated output,mg/L,0.169,,0.212,,numeric_mean_reported,numeric_mean_reported,,25.44378698224852,0.22668755974893895,higher,,,not_assessed_in_this_extraction,not_assessed,Table S3.2 reports native and carbonated eluates for column and batch tests; no SD or replicate count is given. One facility/source lineage only.,Supplementary Material Table S3.2; geotechnical reuse; column test; no replicate SD reported,Public publisher supplementary table; instrument-level raw data not extracted.,Central-Germany RDF grate-incinerator bottom ash; <20 mm fraction,Table S3.2 reports native and carbonated eluates for column and batch tests; no SD or replicate count is given. One facility/source lineage only.,Native BA,Carbonated BA,,S3.2,column_DIN19528,0.169,0.212,0.04299999999999998,25.44378698224852,False,Published summary values only; protocol strata remain separate.,"Censored and not-analysed values retained as status, never imputed as zero.",mg/L,v98 direct XML-cell transcription; merged-cell structure handled; source anchors tested
SCHNABEL2021,"Schnabel et al. (2021), Waste Management 125:40-48",10.1016/j.wasman.2021.02.027,https://doi.org/10.1016/j.wasman.2021.02.027,Germany,EU-27; country-specific evidence only,SCHNABEL2021-central-Germany-RDF-grate-fines,1,SCHNABEL2021-exp15-batch_DIN19529_LS2,"full-scale accelerated carbonation, experiment 15",bottom ash fine fraction <20 mm,ash eluate,Mo,potentially_toxic_element_endpoint,DIN 19529 batch leaching,L/S=2 L/kg,experiment 15; native feed vs carbonated output,mg/L,0.27,,0.269,,numeric_mean_reported,numeric_mean_reported,,-0.37037037037036535,-0.0037105793965356015,lower,,,not_assessed_in_this_extraction,not_assessed,Table S3.2 reports native and carbonated eluates for column and batch tests; no SD or replicate count is given. One facility/source lineage only.,Supplementary Material Table S3.2; geotechnical reuse; batch test; no replicate SD reported,Public publisher supplementary table; instrument-level raw data not extracted.,Central-Germany RDF grate-incinerator bottom ash; <20 mm fraction,Table S3.2 reports native and carbonated eluates for column and batch tests; no SD or replicate count is given. One facility/source lineage only.,Native BA,Carbonated BA,,S3.2,batch_DIN19529_LS2,0.270,0.269,-0.0010000000000000009,-0.37037037037036535,False,Published summary values only; protocol strata remain separate.,"Censored and not-analysed values retained as status, never imputed as zero.",mg/L,v98 direct XML-cell transcription; merged-cell structure handled; source anchors tested
SCHNABEL2021,"Schnabel et al. (2021), Waste Management 125:40-48",10.1016/j.wasman.2021.02.027,https://doi.org/10.1016/j.wasman.2021.02.027,Germany,EU-27; country-specific evidence only,SCHNABEL2021-central-Germany-RDF-grate-fines,1,SCHNABEL2021-exp15-column_DIN19528,"full-scale accelerated carbonation, experiment 15",bottom ash fine fraction <20 mm,ash eluate,Cr,potentially_toxic_element_endpoint,DIN 19528 extended upstream column leaching,not reported for this table value,experiment 15; native feed vs carbonated output,mg/L,0.016,,0.021,,numeric_mean_reported,numeric_mean_reported,,31.25,0.27193371548364176,higher,,,not_assessed_in_this_extraction,not_assessed,Table S3.2 reports native and carbonated eluates for column and batch tests; no SD or replicate count is given. One facility/source lineage only.,Supplementary Material Table S3.2; geotechnical reuse; column test; no replicate SD reported,Public publisher supplementary table; instrument-level raw data not extracted.,Central-Germany RDF grate-incinerator bottom ash; <20 mm fraction,Table S3.2 reports native and carbonated eluates for column and batch tests; no SD or replicate count is given. One facility/source lineage only.,Native BA,Carbonated BA,,S3.2,column_DIN19528,0.016,0.021,0.005000000000000001,31.25,False,Published summary values only; protocol strata remain separate.,"Censored and not-analysed values retained as status, never imputed as zero.",mg/L,v98 direct XML-cell transcription; merged-cell structure handled; source anchors tested
SCHNABEL2021,"Schnabel et al. (2021), Waste Management 125:40-48",10.1016/j.wasman.2021.02.027,https://doi.org/10.1016/j.wasman.2021.02.027,Germany,EU-27; country-specific evidence only,SCHNABEL2021-central-Germany-RDF-grate-fines,1,SCHNABEL2021-exp15-batch_DIN19529_LS2,"full-scale accelerated carbonation, experiment 15",bottom ash fine fraction <20 mm,ash eluate,Cr,potentially_toxic_element_endpoint,DIN 19529 batch leaching,L/S=2 L/kg,experiment 15; native feed vs carbonated output,mg/L,0.015,,0.009,,numeric_mean_reported,numeric_mean_reported,,-40.0,-0.5108256237659907,lower,,,not_assessed_in_this_extraction,not_assessed,Table S3.2 reports native and carbonated eluates for column and batch tests; no SD or replicate count is given. One facility/source lineage only.,Supplementary Material Table S3.2; geotechnical reuse; batch test; no replicate SD reported,Public publisher supplementary table; instrument-level raw data not extracted.,Central-Germany RDF grate-incinerator bottom ash; <20 mm fraction,Table S3.2 reports native and carbonated eluates for column and batch tests; no SD or replicate count is given. One facility/source lineage only.,Native BA,Carbonated BA,,S3.2,batch_DIN19529_LS2,0.015,0.009,-0.006,-40.0,False,Published summary values only; protocol strata remain separate.,"Censored and not-analysed values retained as status, never imputed as zero.",mg/L,v98 direct XML-cell transcription; merged-cell structure handled; source anchors tested
SCHNABEL2021,"Schnabel et al. (2021), Waste Management 125:40-48",10.1016/j.wasman.2021.02.027,https://doi.org/10.1016/j.wasman.2021.02.027,Germany,EU-27; country-specific evidence only,SCHNABEL2021-central-Germany-RDF-grate-fines,1,SCHNABEL2021-exp15-column_DIN19528,"full-scale accelerated carbonation, experiment 15",bottom ash fine fraction <20 mm,ash eluate,V,potentially_toxic_element_endpoint,DIN 19528 extended upstream column leaching,not reported for this table value,experiment 15; native feed vs carbonated output,mg/L,,,,,left_censored,left_censored,,,,indeterminate_from_censored_or_missing_values,,,not_assessed_in_this_extraction,not_assessed,Table S3.2 reports native and carbonated eluates for column and batch tests; no SD or replicate count is given. One facility/source lineage only.,Supplementary Material Table S3.2; geotechnical reuse; column test; no replicate SD reported,Public publisher supplementary table; instrument-level raw data not extracted.,Central-Germany RDF grate-incinerator bottom ash; <20 mm fraction,Table S3.2 reports native and carbonated eluates for column and batch tests; no SD or replicate count is given. One facility/source lineage only.,Native BA,Carbonated BA,,S3.2,column_DIN19528,< 0.003,< 0.003,,,False,Published summary values only; protocol strata remain separate.,"Censored and not-analysed values retained as status, never imputed as zero.",mg/L,v98 direct XML-cell transcription; merged-cell structure handled; source anchors tested
SCHNABEL2021,"Schnabel et al. (2021), Waste Management 125:40-48",10.1016/j.wasman.2021.02.027,https://doi.org/10.1016/j.wasman.2021.02.027,Germany,EU-27; country-specific evidence only,SCHNABEL2021-central-Germany-RDF-grate-fines,1,SCHNABEL2021-exp15-batch_DIN19529_LS2,"full-scale accelerated carbonation, experiment 15",bottom ash fine fraction <20 mm,ash eluate,V,potentially_toxic_element_endpoint,DIN 19529 batch leaching,L/S=2 L/kg,experiment 15; native feed vs carbonated output,mg/L,,,0.011,,left_censored,numeric_mean_reported,,,,higher_than_censored_baseline,,,not_assessed_in_this_extraction,not_assessed,Table S3.2 reports native and carbonated eluates for column and batch tests; no SD or replicate count is given. One facility/source lineage only.,Supplementary Material Table S3.2; geotechnical reuse; batch test; no replicate SD reported,Public publisher supplementary table; instrument-level raw data not extracted.,Central-Germany RDF grate-incinerator bottom ash; <20 mm fraction,Table S3.2 reports native and carbonated eluates for column and batch tests; no SD or replicate count is given. One facility/source lineage only.,Native BA,Carbonated BA,,S3.2,batch_DIN19529_LS2,< 0.003,0.011,,,False,Published summary values only; protocol strata remain separate.,"Censored and not-analysed values retained as status, never imputed as zero.",mg/L,v98 direct XML-cell transcription; merged-cell structure handled; source anchors tested
SCHNABEL2021,"Schnabel et al. (2021), Waste Management 125:40-48",10.1016/j.wasman.2021.02.027,https://doi.org/10.1016/j.wasman.2021.02.027,Germany,EU-27; country-specific evidence only,SCHNABEL2021-central-Germany-RDF-grate-fines,1,SCHNABEL2021-exp15-column_DIN19528,"full-scale accelerated carbonation, experiment 15",bottom ash fine fraction <20 mm,ash eluate,Sb,potentially_toxic_element_endpoint,DIN 19528 extended upstream column leaching,not reported for this table value,experiment 15; native feed vs carbonated output,mg/L,,,,,left_censored,left_censored,,,,indeterminate_from_censored_or_missing_values,,,not_assessed_in_this_extraction,not_assessed,Table S3.2 reports native and carbonated eluates for column and batch tests; no SD or replicate count is given. One facility/source lineage only.,Supplementary Material Table S3.2; geotechnical reuse; column test; no replicate SD reported,Public publisher supplementary table; instrument-level raw data not extracted.,Central-Germany RDF grate-incinerator bottom ash; <20 mm fraction,Table S3.2 reports native and carbonated eluates for column and batch tests; no SD or replicate count is given. One facility/source lineage only.,Native BA,Carbonated BA,,S3.2,column_DIN19528,< 0.004,< 0.004,,,False,Published summary values only; protocol strata remain separate.,"Censored and not-analysed values retained as status, never imputed as zero.",mg/L,v98 direct XML-cell transcription; merged-cell structure handled; source anchors tested
SCHNABEL2021,"Schnabel et al. (2021), Waste Management 125:40-48",10.1016/j.wasman.2021.02.027,https://doi.org/10.1016/j.wasman.2021.02.027,Germany,EU-27; country-specific evidence only,SCHNABEL2021-central-Germany-RDF-grate-fines,1,SCHNABEL2021-exp15-batch_DIN19529_LS2,"full-scale accelerated carbonation, experiment 15",bottom ash fine fraction <20 mm,ash eluate,Sb,potentially_toxic_element_endpoint,DIN 19529 batch leaching,L/S=2 L/kg,experiment 15; native feed vs carbonated output,mg/L,0.002,,0.012,,numeric_mean_reported,numeric_mean_reported,,500.0,1.791759469228055,higher,,,not_assessed_in_this_extraction,not_assessed,Table S3.2 reports native and carbonated eluates for column and batch tests; no SD or replicate count is given. One facility/source lineage only.,Supplementary Material Table S3.2; geotechnical reuse; batch test; no replicate SD reported,Public publisher supplementary table; instrument-level raw data not extracted.,Central-Germany RDF grate-incinerator bottom ash; <20 mm fraction,Table S3.2 reports native and carbonated eluates for column and batch tests; no SD or replicate count is given. One facility/source lineage only.,Native BA,Carbonated BA,,S3.2,batch_DIN19529_LS2,0.002,0.012,0.01,500.0,False,Published summary values only; protocol strata remain separate.,"Censored and not-analysed values retained as status, never imputed as zero.",mg/L,v98 direct XML-cell transcription; merged-cell structure handled; source anchors tested
SCHNABEL2021,"Schnabel et al. (2021), Waste Management 125:40-48",10.1016/j.wasman.2021.02.027,https://doi.org/10.1016/j.wasman.2021.02.027,Germany,EU-27; country-specific evidence only,SCHNABEL2021-central-Germany-RDF-grate-fines,1,SCHNABEL2021-exp15-column_DIN19528,"full-scale accelerated carbonation, experiment 15",bottom ash fine fraction <20 mm,ash eluate,Cl-,salt_anion,DIN 19528 extended upstream column leaching,not reported for this table value,experiment 15; native feed vs carbonated output,mg/L,3236.0,,2015.0,,numeric_mean_reported,numeric_mean_reported,,-37.731767614338686,-0.4737188037975989,lower,,,not_assessed_in_this_extraction,not_assessed,Table S3.2 reports native and carbonated eluates for column and batch tests; no SD or replicate count is given. One facility/source lineage only.,Supplementary Material Table S3.2; geotechnical reuse; column test; no replicate SD reported,Public publisher supplementary table; instrument-level raw data not extracted.,Central-Germany RDF grate-incinerator bottom ash; <20 mm fraction,Table S3.2 reports native and carbonated eluates for column and batch tests; no SD or replicate count is given. One facility/source lineage only.,Native BA,Carbonated BA,,S3.2,column_DIN19528,"3,236","2,015",-1221.0,-37.731767614338686,False,Published summary values only; protocol strata remain separate.,"Censored and not-analysed values retained as status, never imputed as zero.",mg/L,v98 direct XML-cell transcription; merged-cell structure handled; source anchors tested
SCHNABEL2021,"Schnabel et al. (2021), Waste Management 125:40-48",10.1016/j.wasman.2021.02.027,https://doi.org/10.1016/j.wasman.2021.02.027,Germany,EU-27; country-specific evidence only,SCHNABEL2021-central-Germany-RDF-grate-fines,1,SCHNABEL2021-exp15-batch_DIN19529_LS2,"full-scale accelerated carbonation, experiment 15",bottom ash fine fraction <20 mm,ash eluate,Cl-,salt_anion,DIN 19529 batch leaching,L/S=2 L/kg,experiment 15; native feed vs carbonated output,mg/L,2984.0,,2658.0,,numeric_mean_reported,numeric_mean_reported,,-10.924932975871315,-0.11569072205046085,lower,,,not_assessed_in_this_extraction,not_assessed,Table S3.2 reports native and carbonated eluates for column and batch tests; no SD or replicate count is given. One facility/source lineage only.,Supplementary Material Table S3.2; geotechnical reuse; batch test; no replicate SD reported,Public publisher supplementary table; instrument-level raw data not extracted.,Central-Germany RDF grate-incinerator bottom ash; <20 mm fraction,Table S3.2 reports native and carbonated eluates for column and batch tests; no SD or replicate count is given. One facility/source lineage only.,Native BA,Carbonated BA,,S3.2,batch_DIN19529_LS2,"2,984","2,658",-326.0,-10.924932975871315,False,Published summary values only; protocol strata remain separate.,"Censored and not-analysed values retained as status, never imputed as zero.",mg/L,v98 direct XML-cell transcription; merged-cell structure handled; source anchors tested
SCHNABEL2021,"Schnabel et al. (2021), Waste Management 125:40-48",10.1016/j.wasman.2021.02.027,https://doi.org/10.1016/j.wasman.2021.02.027,Germany,EU-27; country-specific evidence only,SCHNABEL2021-central-Germany-RDF-grate-fines,1,SCHNABEL2021-exp15-column_DIN19528,"full-scale accelerated carbonation, experiment 15",bottom ash fine fraction <20 mm,ash eluate,SO4(2-),salt_anion,DIN 19528 extended upstream column leaching,not reported for this table value,experiment 15; native feed vs carbonated output,mg/L,802.0,,220.0,,numeric_mean_reported,numeric_mean_reported,,-72.56857855361596,-1.293481061514153,lower,,,not_assessed_in_this_extraction,not_assessed,Table S3.2 reports native and carbonated eluates for column and batch tests; no SD or replicate count is given. One facility/source lineage only.,Supplementary Material Table S3.2; geotechnical reuse; column test; no replicate SD reported,Public publisher supplementary table; instrument-level raw data not extracted.,Central-Germany RDF grate-incinerator bottom ash; <20 mm fraction,Table S3.2 reports native and carbonated eluates for column and batch tests; no SD or replicate count is given. One facility/source lineage only.,Native BA,Carbonated BA,,S3.2,column_DIN19528,802,220,-582.0,-72.56857855361596,False,Published summary values only; protocol strata remain separate.,"Censored and not-analysed values retained as status, never imputed as zero.",mg/L,v98 direct XML-cell transcription; merged-cell structure handled; source anchors tested
SCHNABEL2021,"Schnabel et al. (2021), Waste Management 125:40-48",10.1016/j.wasman.2021.02.027,https://doi.org/10.1016/j.wasman.2021.02.027,Germany,EU-27; country-specific evidence only,SCHNABEL2021-central-Germany-RDF-grate-fines,1,SCHNABEL2021-exp15-batch_DIN19529_LS2,"full-scale accelerated carbonation, experiment 15",bottom ash fine fraction <20 mm,ash eluate,SO4(2-),salt_anion,DIN 19529 batch leaching,L/S=2 L/kg,experiment 15; native feed vs carbonated output,mg/L,1142.0,,804.0,,numeric_mean_reported,numeric_mean_reported,,-29.597197898423822,-0.3509371210369892,lower,,,not_assessed_in_this_extraction,not_assessed,Table S3.2 reports native and carbonated eluates for column and batch tests; no SD or replicate count is given. One facility/source lineage only.,Supplementary Material Table S3.2; geotechnical reuse; batch test; no replicate SD reported,Public publisher supplementary table; instrument-level raw data not extracted.,Central-Germany RDF grate-incinerator bottom ash; <20 mm fraction,Table S3.2 reports native and carbonated eluates for column and batch tests; no SD or replicate count is given. One facility/source lineage only.,Native BA,Carbonated BA,,S3.2,batch_DIN19529_LS2,"1,142",804,-338.0,-29.597197898423822,False,Published summary values only; protocol strata remain separate.,"Censored and not-analysed values retained as status, never imputed as zero.",mg/L,v98 direct XML-cell transcription; merged-cell structure handled; source anchors tested
